gb|DQ241380.1|+|0-777|ARO:3002539|AAC(3)-IV [Escherichia coli]	777	0	777	+	<53827366	2831	41	818	777	777	60	NM:i:0
gb|AE006468.2|+|1707351-1707789|ARO:3002571|AAC(6')-Iaa [Salmonella enterica subsp. enterica serovar Typhimurium str. LT2]	438	129	438	+	>55192214	507	0	309	302	309	60	NM:i:7
gb|AB462903|+|1199-1751|ARO:3002574|AAC(6')-Iaf [Pseudomonas aeruginosa]	552	0	552	+	>53314296	819	102	654	541	552	60	NM:i:11
gb|FJ503047|+|0-519|ARO:3002592|AAC(6')-Ib-Hangzhou [Acinetobacter baumannii]	519	0	519	+	>104606	1456	113	632	517	519	60	NM:i:2
gb|EU085533|+|0-519|ARO:3002591|AAC(6')-Ib-Suzhou [Enterobacter cloacae]	519	0	519	+	>104606	1456	113	632	515	519	60	NM:i:4
gb|DQ303918|+|0-600|ARO:3002547|AAC(6')-Ib-cr [Escherichia coli]	600	12	600	+	>104606	1456	44	632	584	588	60	NM:i:4
gb|JQ808129|+|633-1188|ARO:3002546|AAC(6')-Ib [Klebsiella pneumoniae]	555	0	555	+	>104606	1456	77	632	552	555	60	NM:i:3
gb|U59183|+|247-859|ARO:3002581|AAC(6')-Ib10 [Pseudomonas aeruginosa]	612	0	612	+	>104606	1456	18	632	610	614	60	NM:i:4
gb|AY136758|+|377-947|ARO:3002582|AAC(6')-Ib11 [Salmonella enterica subsp. enterica serovar Typhimurium]	570	20	570	+	>104606	1456	82	632	548	550	60	NM:i:2
gb|FJ854362|+|1702-2257|ARO:3002576|AAC(6')-Ib3 [Acinetobacter baumannii]	555	0	555	+	>104606	1456	77	632	552	555	60	NM:i:3
gb|AF445082|+|2788-3343|ARO:3002577|AAC(6')-Ib4 [Acinetobacter baumannii]	555	0	555	+	>104606	1456	77	632	554	555	60	NM:i:1
gb|KR091911.1|-|74564-75350|ARO:3002578|AAC(6')-Ib7 [Salmonella enterica subsp. enterica serovar Corvallis]	786	0	786	+	<95508>26514331>104606	3011	1382	2187	784	805	60	NM:i:21
gb|AF043381|+|251-863|ARO:3002580|AAC(6')-Ib9 [Pseudomonas aeruginosa]	612	0	612	+	>104606	1456	18	632	611	614	60	NM:i:3
gb|AY660529.1|+|121-676|ARO:3003676|AAC(6')-Ib' [Pseudomonas aeruginosa]	555	0	555	+	>104606	1456	77	632	555	555	60	NM:i:0
gb|Z54241.1|+|529-1051|ARO:3002559|AAC(6')-Ip [Citrobacter freundii]	522	0	522	+	>53314296	819	162	685	521	523	60	NM:i:2
gb|AF144880|+|3541-3979|ARO:3002569|AAC(6')-Iy [Salmonella enterica subsp. enterica serovar Enteritidis]	438	129	438	+	>55192214	507	0	309	302	309	60	NM:i:7
gb|AJ009979.1|+|0-1152|ARO:3003847|ADC-1 [Acinetobacter baumannii]	1152	0	1152	+	>126080	37336	63	1215	1149	1152	60	NM:i:3
gb|DQ883640.1|+|0-1167|ARO:3003855|ADC-10 [Acinetobacter baumannii]	1167	0	1167	+	>126080	37336	63	1215	1122	1168	60	NM:i:46
gb|GU591983.1|+|0-1152|ARO:3004615|ADC-11 [Acinetobacter baumannii AYE]	1152	0	1152	+	>126080	37336	63	1215	1117	1153	60	NM:i:36
gb|MG229642.1|+|0-1152|ARO:3005037|ADC-159 [Acinetobacter baumannii]	1152	0	1152	+	>126080	37336	63	1215	1114	1152	60	NM:i:38
gb|AY177427.1|+|1141-2293|ARO:3003848|ADC-2 [Oligella urethralis]	1152	0	1152	+	>126080	37336	63	1215	1116	1152	60	NM:i:36
gb|EF016355.1|+|0-1152|ARO:3003868|ADC-25 [Acinetobacter baumannii]	1152	0	1152	+	>126080	37336	63	1215	1151	1152	60	NM:i:1
gb|AY178995.1|+|0-1152|ARO:3003849|ADC-3 [Acinetobacter baumannii]	1152	0	1152	+	>126080	37336	63	1215	1107	1152	60	NM:i:45
gb|JF265068.1|+|954-2106|ARO:3004617|ADC-30 [Acinetobacter baumannii]	1152	0	1152	+	>126080	37336	63	1215	1152	1152	60	NM:i:0
gb|CP001921.1|+|2803996-2805148|ARO:3003870|ADC-31 [Acinetobacter baumannii 1656-2]	1152	0	1152	+	>126080	37336	63	1215	1150	1152	60	NM:i:2
gb|EU652244.1|+|0-1152|ARO:3003871|ADC-39 [Acinetobacter baumannii]	1152	0	1152	+	>126080	37336	63	1215	1119	1153	60	NM:i:34
gb|AY178996.1|+|0-1152|ARO:3003850|ADC-4 [Acinetobacter baumannii]	1152	0	1152	+	>126080	37336	63	1215	1115	1152	60	NM:i:37
gb|AJ575184.1|+|0-1152|ARO:3003851|ADC-5 [Acinetobacter pittii]	1152	0	1152	+	>126080	37336	63	1215	1108	1153	60	NM:i:45
gb|HQ662682.1|+|0-1152|ARO:3003878|ADC-56 [Acinetobacter baumannii]	1152	0	1152	+	>126080	37336	63	1215	1151	1152	60	NM:i:1
gb|JQ319653.1|+|0-1152|ARO:3004618|ADC-58 [Acinetobacter baumannii]	1152	0	1152	+	>126080	37336	63	1215	1125	1152	60	NM:i:27
gb|JQ319654.1|+|0-1152|ARO:3004619|ADC-59 [Acinetobacter baumannii]	1152	0	1152	+	>126080	37336	63	1215	1149	1152	60	NM:i:3
gb|MG601730.1|+|0-1152|ARO:3003852|ADC-6 [Acinetobacter baumannii]	1152	0	1152	+	>126080	37336	63	1215	1118	1152	60	NM:i:34
gb|JQ692087.1|+|0-1152|ARO:3004620|ADC-60 [Acinetobacter baumannii]	1152	0	1152	+	>126080	37336	63	1215	1149	1152	60	NM:i:3
gb|JQ753702.1|+|0-1152|ARO:3003879|ADC-61 [Acinetobacter baumannii]	1152	0	1152	+	>126080	37336	63	1215	1151	1152	60	NM:i:1
gb|JQ867374.1|+|0-1152|ARO:3004632|ADC-62 [Acinetobacter baumannii]	1152	0	1152	+	>126080	37336	63	1215	1149	1152	60	NM:i:3
gb|JX169789.1|+|0-1152|ARO:3004633|ADC-67 [Acinetobacter baumannii]	1152	0	1152	+	>126080	37336	63	1215	1151	1152	60	NM:i:1
gb|KC866352.1|+|0-1152|ARO:3004493|ADC-68 [Acinetobacter baumannii]	1152	0	1152	+	>126080	37336	63	1215	1120	1152	60	NM:i:32
gb|AY648950.1|+|0-1152|ARO:3003853|ADC-7 [Acinetobacter baumannii]	1152	0	1152	+	>126080	37336	63	1215	1110	1152	60	NM:i:42
gb|KP881233.1|+|0-1152|ARO:3004634|ADC-73 [Acinetobacter baumannii]	1152	0	1152	+	>126080	37336	63	1215	1151	1152	60	NM:i:1
gb|KP881234.1|+|0-1152|ARO:3003880|ADC-74 [Acinetobacter baumannii]	1152	0	1152	+	>126080	37336	63	1215	1117	1153	60	NM:i:36
gb|KP881235.1|+|0-1152|ARO:3003881|ADC-75 [Acinetobacter baumannii]	1152	0	1152	+	>126080	37336	63	1215	1150	1153	60	NM:i:3
gb|KP881236.1|+|0-1152|ARO:3003882|ADC-76 [Acinetobacter baumannii]	1152	0	1152	+	>126080	37336	63	1215	1112	1153	60	NM:i:41
gb|KP881237.1|+|53-1205|ARO:3003883|ADC-77 [Acinetobacter baumannii]	1152	0	1152	+	>126080	37336	63	1215	1117	1152	60	NM:i:35
gb|KP881238.1|+|0-1152|ARO:3003884|ADC-78 [Acinetobacter baumannii]	1152	0	1152	+	>126080	37336	63	1215	1150	1152	60	NM:i:2
gb|KP881239.1|+|0-1152|ARO:3003885|ADC-79 [Acinetobacter baumannii]	1152	0	1152	+	>126080	37336	63	1215	1121	1153	60	NM:i:32
gb|KP881241.1|+|0-1167|ARO:3003887|ADC-81 [Acinetobacter baumannii]	1167	0	1167	+	>126080	37336	63	1215	1118	1168	60	NM:i:50
gb|JEXY01000001.1|+|379-1531|ARO:3003888|ADC-82 [Acinetobacter baumannii 1552865]	1152	0	1152	+	>126080	37336	63	1215	1151	1152	60	NM:i:1
gb|AF078527|+|3769-4303|ARO:3000230|ANT(2'')-Ia [Pseudomonas aeruginosa]	534	0	534	+	>104604	2342	57	591	534	534	60	NM:i:0
gb|X02340.1|+|222-1194|ARO:3004089|ANT(3'')-IIa [Escherichia coli]	972	170	972	+	<104600	2170	0	802	802	802	60	NM:i:0
gb|X02340.1|+|222-1194|ARO:3004089|ANT(3'')-IIa [Escherichia coli]	972	0	175	+	<95508>26514333<206563	4240	1425	1593	167	175	60	NM:i:8
gb|V00618.1|+|150-945|ARO:3002644|APH(3')-IIa [Escherichia coli]	795	0	576	+	>55547182	591	15	591	574	576	60	NM:i:2
gb|X90856|+|387-1194|ARO:3002645|APH(3')-IIb [Pseudomonas aeruginosa]	807	0	807	+	<232416	56794	6925	7732	797	807	60	NM:i:10
gb|BX664015.1|-|103017-103833|ARO:3002641|APH(3')-Ia [Serratia marcescens]	816	0	816	+	>211757>43358576	1362	120	936	815	816	60	NM:i:1
gb|AF313472|+|15593-16397|ARO:3002639|APH(3'')-Ib [Pseudomonas aeruginosa]	804	0	804	+	>114596	3933	10	814	803	804	60	NM:i:1
gb|V01499|+|230-1256|ARO:3002655|APH(4)-Ia [Escherichia coli]	1026	0	1026	+	<53827366	2831	1046	2072	1026	1026	60	NM:i:0
gb|AF024602|+|3155-3992|ARO:3002660|APH(6)-Id [Pseudomonas aeruginosa]	837	0	837	+	>114596	3933	813	1650	836	837	60	NM:i:1
gb|CP001182.1|+|2873299-2874451|ARO:3003796|Acinetobacter_baumannii_AmpC_beta-lactamase [Acinetobacter baumannii AB0057]	1152	0	1152	+	>126080	37336	63	1215	1120	1153	60	NM:i:33
gb|FO834906.1|+|304977-306633|ARO:3005053|ArnT [Klebsiella pneumoniae]	1656	0	1656	+	>1839648	4329	684	2340	1653	1656	60	NM:i:3
gb|AY453161|+|500-1430|ARO:3000090|BLA1 [Bacillus anthracis]	930	374	930	+	<459759>213549	4305	0	556	556	556	60	NM:i:0
gb|CP000813.4|-|2349398-2350187|ARO:3004759|BPU-1 [Bacillus pumilus SAFR-032]	789	0	789	+	<1848066	17044	15235	16024	750	789	60	NM:i:39
gb|K00544|+|0-663|ARO:3002672|Bacillus_pumilus_cat86 [Bacillus pumilus]	663	1	663	+	<1262438	19221	2119	2781	635	662	60	NM:i:27
gb|AL009126|+|916777-919348|ARO:3003324|Bacillus_subtilis_mprF [Bacillus subtilis subsp. subtilis str. 168]	2571	414	2571	+	>5435	2248	0	2157	1950	2157	60	NM:i:207
gb|AL009126|+|916777-919348|ARO:3003324|Bacillus_subtilis_mprF [Bacillus subtilis subsp. subtilis str. 168]	2571	0	501	+	>3021907	531	30	531	471	501	60	NM:i:30
gb|AY453162|+|500-1271|ARO:3004189|Bla2 [Bacillus anthracis]	771	0	771	+	<226465	2340	1446	2217	770	771	60	NM:i:1
gb|AE014292|+|568280-570923|ARO:3003772|Brucella_suis_mprF [Brucella suis]	2643	0	2643	+	<3128843	33887	29696	32339	2640	2643	60	NM:i:3
gb|AY152390|+|0-1335|ARO:3003785|Chlamydia_trachomatis_intrinsic_murA_conferring_resistance_to_fosfomycin [Chlamydia trachomatis]	1335	0	1335	+	>223703	692971	722	2057	1329	1335	60	NM:i:6
gb|M36726.1|+|295-1150|ARO:3000596|ErmX [Plasmid pNG2]	855	0	855	+	<3789486	15366	235	1090	850	856	60	NM:i:6
gb|U00096.3|-|4377810-4378944|ARO:3004290|Escherichia_coli_ampC [Escherichia coli str. K-12 substr. MG1655]	1134	0	1134	+	>246331	8503	5462	6596	1112	1134	60	NM:i:22
gb|FN649414.1|+|2765050-2766355|ARO:3004611|Escherichia_coli_ampC1_beta-lactamase [Escherichia coli ETEC H10407]	1305	0	1305	+	<2924723	2166	413	1718	1287	1305	60	NM:i:18
gb|AP012030.1|-|395553-396711|ARO:3004612|Escherichia_coli_ampH [Escherichia coli DH1]	1158	0	1158	+	<243533	7430	3880	5038	1147	1158	60	NM:i:11
gb|CP001633.1|-|630303-631167|ARO:3004801|FTU-1 [Francisella tularensis subsp. tularensis NE061598]	864	0	643	+	>542936	3651	3008	3651	642	643	60	NM:i:1
gb|KP143090.1|-|1199-1619|ARO:3003209|FosA5 [Escherichia coli]	420	0	420	+	<29844	6900	929	1349	411	420	60	NM:i:9
gb|KU254579.1|+|59421-59841|ARO:3004111|FosA6 [Escherichia coli]	420	0	420	+	<29844	6900	929	1349	415	420	60	NM:i:5
gb|AE016877.1|+|1972251-1972668|ARO:3000172|FosB [Bacillus cereus ATCC 14579]	417	0	417	+	>2163774	971	69	486	415	417	60	NM:i:2
gb|AJ011502.1|+|300-1425|ARO:3004122|Klebsiella_pneumoniae_OmpK37 [Klebsiella pneumoniae]	1125	0	919	+	>55313077	1168	219	1168	890	950	60	NM:i:60
gb|AJ011502.1|+|300-1425|ARO:3004122|Klebsiella_pneumoniae_OmpK37 [Klebsiella pneumoniae]	1125	843	1125	+	>55304798	1656	1	283	282	282	60	NM:i:0
gb|CP045110.1|-|521271-522372|ARO:3005051|LpsB [Acinetobacter baumannii]	1101	0	1101	+	>249398	149846	116380	117481	1061	1101	60	NM:i:40
gb|AF205943|+|7511-8312|ARO:3001405|OXA-10 [Escherichia coli]	801	0	801	+	>104604	2342	659	1460	801	801	60	NM:i:0
gb|AM231720|+|0-825|ARO:3001438|OXA-100 [Acinetobacter baumannii]	825	0	825	+	<246080	120058	54149	54974	807	825	60	NM:i:18
gb|AM412777|+|117-918|ARO:3001439|OXA-101 [Citrobacter freundii]	801	0	801	+	>104604	2342	659	1460	775	801	60	NM:i:26
gb|APQF01000011.1|+|291557-292379|ARO:3001707|OXA-103 [Acinetobacter radioresistens DSM 6976 = NBRC 102413 = CIP 103788]	822	0	822	+	<254088	6148	80	902	808	822	60	NM:i:14
gb|EF650032|+|0-825|ARO:3001637|OXA-106 [Acinetobacter baumannii]	825	0	825	+	<246080	120058	54149	54974	809	825	60	NM:i:16
gb|EF650033|+|0-825|ARO:3001638|OXA-107 [Acinetobacter baumannii A424]	825	0	825	+	<246080	120058	54149	54974	809	825	60	NM:i:16
gb|EF650034|+|0-825|ARO:3001639|OXA-108 [Acinetobacter baumannii]	825	0	825	+	<246080	120058	54149	54974	818	825	60	NM:i:7
gb|EF650035|+|0-825|ARO:3001640|OXA-109 [Acinetobacter baumannii]	825	0	825	+	<246080	120058	54149	54974	824	825	60	NM:i:1
gb|Z22590|+|154-955|ARO:3001406|OXA-11 [Pseudomonas aeruginosa]	801	0	801	+	>104604	2342	659	1460	799	801	60	NM:i:2
gb|EF650036|+|0-825|ARO:3001641|OXA-110 [Acinetobacter baumannii]	825	0	825	+	<246080	120058	54149	54974	809	825	60	NM:i:16
gb|EF650037|+|0-825|ARO:3001642|OXA-111 [Acinetobacter baumannii]	825	0	825	+	<246080	120058	54149	54974	805	825	60	NM:i:20
gb|EF650038|+|0-825|ARO:3001643|OXA-112 [Acinetobacter baumannii]	825	0	825	+	<246080	120058	54149	54974	809	825	60	NM:i:16
gb|EF653400|+|434-1259|ARO:3001644|OXA-113 [Acinetobacter baumannii]	825	0	825	+	<246080	120058	54149	54974	807	825	60	NM:i:18
gb|EU029998|+|575-1400|ARO:3001440|OXA-115 [Acinetobacter baumannii]	825	0	825	+	<246080	120058	54149	54974	823	825	60	NM:i:2
gb|EU220744|+|0-786|ARO:3001441|OXA-116 [Acinetobacter baumannii]	786	0	786	+	<246080	120058	54167	54953	766	786	60	NM:i:20
gb|GQ423625.1|+|0-825|ARO:3001442|OXA-117 [Acinetobacter baumannii]	825	0	825	+	<246080	120058	54149	54974	808	825	60	NM:i:17
gb|HE963768|+|0-825|ARO:3001672|OXA-120 [Acinetobacter baumannii]	825	0	825	+	<246080	120058	54149	54974	808	825	60	NM:i:17
gb|KF057027|+|0-825|ARO:3001443|OXA-121 [Acinetobacter baumannii]	825	0	825	+	<246080	120058	54149	54974	804	825	60	NM:i:21
gb|EU255291.1|+|0-825|ARO:3001444|OXA-122 [Acinetobacter baumannii]	825	0	825	+	<246080	120058	54149	54974	809	825	60	NM:i:16
gb|EU255292.1|+|0-825|ARO:3001445|OXA-123 [Acinetobacter baumannii]	825	0	825	+	<246080	120058	54149	54974	807	825	60	NM:i:18
gb|EU255293.1|+|0-825|ARO:3001446|OXA-124 [Acinetobacter baumannii]	825	0	825	+	<246080	120058	54149	54974	804	825	60	NM:i:21
gb|EU255294.1|+|0-825|ARO:3001447|OXA-125 [Acinetobacter baumannii]	825	0	825	+	<246080	120058	54149	54974	806	825	60	NM:i:19
gb|EU255295.1|+|0-825|ARO:3001448|OXA-126 [Acinetobacter baumannii]	825	0	825	+	<246080	120058	54149	54974	818	825	60	NM:i:7
gb|EU255296.1|+|0-825|ARO:3001449|OXA-127 [Acinetobacter baumannii]	825	0	825	+	<246080	120058	54149	54974	824	825	60	NM:i:1
gb|EU375515|+|0-825|ARO:3001648|OXA-128 [Acinetobacter baumannii]	825	0	825	+	<246080	120058	54149	54974	807	825	60	NM:i:18
gb|U59183|+|939-1740|ARO:3001408|OXA-13 [Pseudomonas aeruginosa]	801	0	801	+	>104604	2342	659	1460	776	801	60	NM:i:25
gb|EU547445|+|0-825|ARO:3001651|OXA-130 [Acinetobacter baumannii]	825	0	825	+	<246080	120058	54149	54974	819	825	60	NM:i:6
gb|EU547446|+|0-825|ARO:3001652|OXA-131 [Acinetobacter baumannii]	825	0	825	+	<246080	120058	54149	54974	823	825	60	NM:i:2
gb|EU547447|+|0-825|ARO:3001653|OXA-132 [Acinetobacter baumannii]	825	0	825	+	<246080	120058	54149	54974	808	825	60	NM:i:17
gb|EU571228|+|822-1644|ARO:3001702|OXA-133 [Acinetobacter radioresistens]	822	0	822	+	<254088	6148	80	902	802	822	60	NM:i:20
gb|EU670845|+|1594-2419|ARO:3001655|OXA-138 [Acinetobacter nosocomialis]	825	0	825	+	<246080	120058	54149	54974	822	825	60	NM:i:3
gb|KJ420612.1|+|1821-2622|ARO:3001409|OXA-14 [Pseudomonas aeruginosa]	801	0	801	+	>104604	2342	659	1460	800	801	60	NM:i:1
gb|EU358785|+|720-1521|ARO:3001803|OXA-142 [Pseudomonas aeruginosa]	801	0	801	+	>104604	2342	659	1460	799	801	60	NM:i:2
gb|FJ872530|+|0-825|ARO:3002480|OXA-144 [Acinetobacter baumannii]	825	0	825	+	<246080	120058	54149	54974	807	825	60	NM:i:18
gb|FJ790516|+|1287-2085|ARO:3001804|OXA-145 [Pseudomonas aeruginosa]	798	0	798	+	>104604	2342	659	1460	774	801	60	NM:i:27
gb|FJ194494|+|171-996|ARO:3001779|OXA-146 [Acinetobacter baumannii]	825	0	825	+	<254088	6148	80	902	822	825	60	NM:i:3
gb|FJ848783|+|1270-2071|ARO:3001801|OXA-147 [Pseudomonas aeruginosa]	801	0	801	+	>104604	2342	659	1460	776	801	60	NM:i:25
gb|GQ853679|+|0-825|ARO:3001453|OXA-148 [Acinetobacter baumannii]	825	0	825	+	<246080	120058	54149	54974	807	825	60	NM:i:18
gb|GQ853680|+|0-825|ARO:3001454|OXA-149 [Acinetobacter baumannii]	825	0	825	+	<246080	120058	54149	54974	804	825	60	NM:i:21
gb|GQ853681|+|0-825|ARO:3001455|OXA-150 [Acinetobacter baumannii]	825	0	825	+	<246080	120058	54149	54974	807	825	60	NM:i:18
gb|AF043100|+|0-775|ARO:3001411|OXA-16 [Pseudomonas aeruginosa] Partial	775	0	775	+	>104604	2342	685	1460	773	775	60	NM:i:2
gb|HM488986|+|0-822|ARO:3001465|OXA-165 [Acinetobacter baumannii]	822	0	822	+	<254088	6148	80	902	821	822	60	NM:i:1
gb|HM488987|+|0-822|ARO:3001466|OXA-166 [Acinetobacter baumannii]	822	0	822	+	<254088	6148	80	902	821	822	60	NM:i:1
gb|HM488988|+|0-822|ARO:3001467|OXA-167 [Acinetobacter baumannii]	822	0	822	+	<254088	6148	80	902	821	822	60	NM:i:1
gb|HM488989|+|0-822|ARO:3001468|OXA-168 [Acinetobacter baumannii]	822	0	822	+	<254088	6148	80	902	821	822	60	NM:i:1
gb|HM488990|+|0-822|ARO:3001469|OXA-169 [Acinetobacter baumannii]	822	0	822	+	<254088	6148	80	902	821	822	60	NM:i:1
gb|DQ902344.1|+|2716-3517|ARO:3001412|OXA-17 [Klebsiella pneumoniae] Partial	801	0	801	+	>104604	2342	659	1460	800	801	60	NM:i:1
gb|HM488991|+|0-822|ARO:3001470|OXA-170 [Acinetobacter baumannii]	822	0	822	+	<254088	6148	80	902	821	822	60	NM:i:1
gb|HM488992|+|0-822|ARO:3001471|OXA-171 [Acinetobacter baumannii]	822	0	822	+	<254088	6148	80	902	821	822	60	NM:i:1
gb|HM113558|+|0-825|ARO:3001656|OXA-172 [Acinetobacter baumannii]	825	0	825	+	<246080	120058	54149	54974	823	825	60	NM:i:2
gb|HM113559|+|0-825|ARO:3001657|OXA-173 [Acinetobacter baumannii]	825	0	825	+	<246080	120058	54149	54974	822	825	60	NM:i:3
gb|HM113560|+|0-825|ARO:3001658|OXA-174 [Acinetobacter baumannii]	825	0	825	+	<246080	120058	54149	54974	823	825	60	NM:i:2
gb|HM113561|+|0-825|ARO:3001659|OXA-175 [Acinetobacter baumannii]	825	0	825	+	<246080	120058	54149	54974	823	825	60	NM:i:2
gb|HM113562|+|0-825|ARO:3001660|OXA-176 [Acinetobacter baumannii]	825	0	825	+	<246080	120058	54149	54974	823	825	60	NM:i:2
gb|HM113563|+|0-825|ARO:3001661|OXA-177 [Acinetobacter baumannii]	825	0	825	+	<246080	120058	54149	54974	823	825	60	NM:i:2
gb|HM113564|+|0-825|ARO:3001472|OXA-178 [Acinetobacter baumannii]	825	0	825	+	<246080	120058	54149	54974	823	825	60	NM:i:2
gb|HM570035|+|0-825|ARO:3001473|OXA-179 [Acinetobacter baumannii]	825	0	825	+	<246080	120058	54149	54974	808	825	60	NM:i:17
gb|HM570036|+|0-825|ARO:3001474|OXA-180 [Acinetobacter baumannii]	825	0	825	+	<246080	120058	54149	54974	811	825	60	NM:i:14
gb|HQ111474|+|1056-1857|ARO:3001475|OXA-183 [Pseudomonas aeruginosa]	801	0	801	+	>104604	2342	659	1460	775	801	60	NM:i:26
gb|AF043381|+|943-1744|ARO:3001414|OXA-19 [Pseudomonas aeruginosa]	801	0	801	+	>104604	2342	659	1460	776	801	60	NM:i:25
gb|HQ425492|+|0-822|ARO:3001479|OXA-194 [Acinetobacter nosocomialis]	822	0	822	+	<246080	120058	54149	54971	819	822	60	NM:i:3
gb|HQ425493|+|0-822|ARO:3001480|OXA-195 [Acinetobacter nosocomialis]	822	0	822	+	<246080	120058	54149	54971	817	822	60	NM:i:5
gb|HQ425494|+|0-822|ARO:3001481|OXA-196 [Acinetobacter nosocomialis]	822	0	822	+	<246080	120058	54149	54971	819	822	60	NM:i:3
gb|HQ425495|+|0-822|ARO:3001482|OXA-197 [Acinetobacter nosocomialis]	822	0	822	+	<246080	120058	54149	54971	818	822	60	NM:i:4
gb|HQ734811|+|0-825|ARO:3001665|OXA-200 [Acinetobacter baumannii]	825	0	825	+	<246080	120058	54149	54974	817	825	60	NM:i:8
gb|HQ734812|+|0-825|ARO:3001666|OXA-201 [Acinetobacter baumannii]	825	0	825	+	<246080	120058	54149	54974	823	825	60	NM:i:2
gb|HQ734813|+|0-825|ARO:3001667|OXA-202 [Acinetobacter baumannii]	825	0	825	+	<246080	120058	54149	54974	824	825	60	NM:i:1
gb|HQ998857|+|0-825|ARO:3001664|OXA-203 [Acinetobacter baumannii]	825	0	825	+	<246080	120058	54149	54974	810	825	60	NM:i:15
gb|AB634250|+|0-825|ARO:3001484|OXA-206 [Acinetobacter baumannii]	825	0	825	+	<246080	120058	54149	54974	824	825	60	NM:i:1
gb|FR853176|+|0-825|ARO:3001486|OXA-208 [Acinetobacter baumannii]	825	0	825	+	<246080	120058	54149	54974	805	825	60	NM:i:20
gb|JN861779|+|0-825|ARO:3001710|OXA-211 [Acinetobacter johnsonii]	825	0	825	+	<5350482	41751	156	984	797	828	60	NM:i:31
gb|JN861780|+|0-825|ARO:3001711|OXA-212 [Acinetobacter johnsonii]	825	0	825	+	<5350482	41751	156	984	789	828	60	NM:i:39
gb|FR865168|+|0-825|ARO:3001488|OXA-216 [Acinetobacter baumannii]	825	0	825	+	<246080	120058	54149	54974	810	825	60	NM:i:15
gb|JN603240|+|0-825|ARO:3001489|OXA-217 [Acinetobacter baumannii]	825	0	825	+	<246080	120058	54149	54974	808	825	60	NM:i:17
gb|JN215211|+|0-825|ARO:3001668|OXA-219 [Acinetobacter baumannii]	825	0	825	+	<246080	120058	54149	54974	808	825	60	NM:i:17
gb|JN248564|+|0-825|ARO:3001669|OXA-223 [Acinetobacter baumannii]	825	0	825	+	<246080	120058	54149	54974	808	825	60	NM:i:17
gb|JN638887|+|0-822|ARO:3001493|OXA-225 [Acinetobacter baumannii]	822	0	822	+	<254088	6148	80	902	821	822	60	NM:i:1
gb|AY795964|+|0-822|ARO:3001418|OXA-23 [Acinetobacter baumannii]	822	0	822	+	<254088	6148	80	902	822	822	60	NM:i:0
gb|KJ657570|+|0-801|ARO:3001495|OXA-233 [Citrobacter freundii]	801	0	801	+	>104604	2342	659	1460	799	801	60	NM:i:2
gb|NG_050607.1|+|100-925|ARO:3001496|OXA-234 [Acinetobacter baumannii]	825	0	825	+	<246080	120058	54149	54974	824	825	60	NM:i:1
gb|JQ837239|+|0-822|ARO:3001498|OXA-239 [Acinetobacter sp. enrichment culture clone 8407]	822	0	822	+	<254088	6148	80	902	819	822	60	NM:i:3
gb|JX089628|+|0-801|ARO:3001499|OXA-240 [Pseudomonas aeruginosa]	801	0	801	+	>104604	2342	659	1460	800	801	60	NM:i:1
gb|JX025021|+|0-825|ARO:3001679|OXA-241 [Acinetobacter baumannii]	825	0	825	+	<246080	120058	54149	54974	804	825	60	NM:i:21
gb|JX025022|+|0-825|ARO:3001680|OXA-242 [Acinetobacter baumannii]	825	0	825	+	<246080	120058	54149	54974	808	825	60	NM:i:17
gb|KF711993|+|0-801|ARO:3001807|OXA-246 [Pseudomonas aeruginosa]	801	0	801	+	>104604	2342	659	1460	800	801	60	NM:i:1
gb|HE963769|+|0-825|ARO:3001673|OXA-248 [Acinetobacter baumannii]	825	0	825	+	<246080	120058	54149	54974	809	825	60	NM:i:16
gb|HE963770|+|0-825|ARO:3001674|OXA-249 [Acinetobacter baumannii]	825	0	825	+	<246080	120058	54149	54974	818	825	60	NM:i:7
gb|HE963771|+|0-825|ARO:3001675|OXA-250 [Acinetobacter baumannii]	825	0	825	+	<246080	120058	54149	54974	808	825	60	NM:i:17
gb|JN118546|+|1761-2562|ARO:3001500|OXA-251 [Pseudomonas aeruginosa]	801	0	801	+	>104604	2342	659	1460	798	801	60	NM:i:3
gb|AB781687|+|0-825|ARO:3001682|OXA-254 [Acinetobacter baumannii]	825	0	825	+	<246080	120058	54149	54974	824	825	60	NM:i:1
gb|HE616889|+|1826-2627|ARO:3001502|OXA-256 [Enterobacter cloacae]	801	0	801	+	>104604	2342	659	1460	800	801	60	NM:i:1
gb|KF305666.1|+|0-825|ARO:3001715|OXA-259 [Acinetobacter baumannii]	825	0	825	+	<246080	120058	54149	54974	810	825	60	NM:i:15
gb|APOR01000009.1|+|341736-342561|ARO:3001716|OXA-260 [Acinetobacter baumannii NIPH 1362]	825	0	825	+	<246080	120058	54149	54974	824	825	60	NM:i:1
gb|APQV01000009.1|+|266252-267077|ARO:3001717|OXA-261 [Acinetobacter baumannii NIPH 201]	825	0	825	+	<246080	120058	54149	54974	803	825	60	NM:i:22
gb|APRA01000005.1|+|465153-465978|ARO:3001718|OXA-262 [Acinetobacter baumannii NIPH 67]	825	0	825	+	<246080	120058	54149	54974	807	825	60	NM:i:18
gb|APQY01000006.1|+|416598-417423|ARO:3001719|OXA-263 [Acinetobacter baumannii NIPH 329]	825	0	825	+	<246080	120058	54149	54974	793	825	60	NM:i:32
gb|AF201828.2|+|115-937|ARO:3001422|OXA-27 [Acinetobacter baumannii]	822	0	822	+	<254088	6148	80	902	819	822	60	NM:i:3
gb|AF231133|+|1345-2146|ARO:3001423|OXA-28 [Pseudomonas aeruginosa]	801	0	801	+	>104604	2342	659	1460	776	801	60	NM:i:25
gb|APPZ01000001.1|+|7525-8353|ARO:3001735|OXA-280 [Acinetobacter johnsonii ANC 3681]	828	0	828	+	<5350482	41751	156	984	828	828	60	NM:i:0
gb|APON01000041.1|+|10443-11268|ARO:3001736|OXA-281 [Acinetobacter johnsonii CIP 64.6]	825	0	825	+	<5350482	41751	156	984	794	828	60	NM:i:34
gb|HF947514|+|0-825|ARO:3001504|OXA-309 [Acinetobacter johnsonii]	825	0	825	+	<5350482	41751	156	984	791	828	60	NM:i:37
gb|KF057029|+|0-825|ARO:3001683|OXA-312 [Acinetobacter baumannii]	825	0	825	+	<246080	120058	54149	54974	805	825	60	NM:i:20
gb|KF057030|+|0-825|ARO:3001684|OXA-313 [Acinetobacter baumannii]	825	0	825	+	<246080	120058	54149	54974	805	825	60	NM:i:20
gb|KF057031|+|0-825|ARO:3001685|OXA-314 [Acinetobacter baumannii]	825	0	825	+	<246080	120058	54149	54974	812	825	60	NM:i:13
gb|KF057032|+|0-825|ARO:3001686|OXA-315 [Acinetobacter baumannii]	825	0	825	+	<246080	120058	54149	54974	816	825	60	NM:i:9
gb|KF057033|+|0-825|ARO:3001687|OXA-316 [Acinetobacter baumannii]	825	0	825	+	<246080	120058	54149	54974	816	825	60	NM:i:9
gb|KF057034|+|0-825|ARO:3001688|OXA-317 [Acinetobacter baumannii]	825	0	825	+	<246080	120058	54149	54974	804	825	60	NM:i:21
gb|KF203108|+|0-825|ARO:3001522|OXA-334 [Acinetobacter johnsonii]	825	0	825	+	<5350482	41751	156	984	788	828	60	NM:i:40
gb|KF048907.1|+|0-825|ARO:3001524|OXA-336 [Acinetobacter baumannii]	825	0	825	+	<246080	120058	54149	54974	824	825	60	NM:i:1
gb|PYSX01000023.1|+|160178-161003|ARO:3001525|OXA-337 [Acinetobacter baumannii]	825	0	825	+	<246080	120058	54149	54974	802	825	60	NM:i:23
gb|KF048909|+|0-825|ARO:3001526|OXA-338 [Acinetobacter baumannii]	825	0	825	+	<246080	120058	54149	54974	810	825	60	NM:i:15
gb|KF048911.1|+|0-825|ARO:3001527|OXA-339 [Acinetobacter baumannii]	825	0	825	+	<246080	120058	54149	54974	806	825	60	NM:i:19
gb|NGCN01000023.1|-|65770-66595|ARO:3001528|OXA-340 [Acinetobacter baumannii]	825	0	825	+	<246080	120058	54149	54974	808	825	60	NM:i:17
gb|KF048913.1|+|0-825|ARO:3001529|OXA-341 [Acinetobacter baumannii]	825	0	825	+	<246080	120058	54149	54974	804	825	60	NM:i:21
gb|KF048915.1|+|0-825|ARO:3001530|OXA-342 [Acinetobacter baumannii]	825	0	825	+	<246080	120058	54149	54974	816	825	60	NM:i:9
gb|NWUK01000007.1|-|12139-12964|ARO:3001531|OXA-343 [Acinetobacter baumannii]	825	0	825	+	<246080	120058	54149	54974	818	825	60	NM:i:7
gb|KF048917.1|+|0-825|ARO:3001532|OXA-344 [Acinetobacter baumannii]	825	0	825	+	<246080	120058	54149	54974	811	825	60	NM:i:14
gb|KF048918.1|+|0-825|ARO:3001533|OXA-345 [Acinetobacter baumannii]	825	0	825	+	<246080	120058	54149	54974	817	825	60	NM:i:8
gb|KF048919.1|+|0-825|ARO:3001534|OXA-346 [Acinetobacter baumannii]	825	0	825	+	<246080	120058	54149	54974	808	825	60	NM:i:17
gb|AF315786|+|1313-2114|ARO:3001429|OXA-35 [Pseudomonas aeruginosa]	801	0	801	+	>104604	2342	659	1460	777	801	60	NM:i:24
gb|KF885217|+|0-825|ARO:3001552|OXA-365 [Acinetobacter baumannii]	825	0	825	+	<246080	120058	54149	54974	806	825	60	NM:i:19
gb|KP050485|+|0-822|ARO:3001553|OXA-366 [Acinetobacter baumannii]	822	0	822	+	<254088	6148	80	902	821	822	60	NM:i:1
gb|KT736121.1|+|1176-1977|ARO:3001555|OXA-368 [Aeromonas sobria]	801	0	801	+	>104604	2342	659	1460	798	801	60	NM:i:3
gb|AB871653|+|11870-12695|ARO:3001557|OXA-371 [Acinetobacter baumannii]	825	0	825	+	<246080	120058	54149	54974	809	825	60	NM:i:16
gb|HG931732.1|+|0-825|ARO:3001559|OXA-373 [Acinetobacter johnsonii]	825	0	825	+	<5350482	41751	156	984	796	828	60	NM:i:32
gb|KF986255|+|16-841|ARO:3001560|OXA-374 [Acinetobacter baumannii]	825	0	825	+	<246080	120058	54149	54974	805	825	60	NM:i:20
gb|KF986256.1|-|40-865|ARO:3001561|OXA-375 [Acinetobacter baumannii]	825	0	825	+	<246080	120058	54149	54974	818	825	60	NM:i:7
gb|KF986257|+|20-845|ARO:3001562|OXA-376 [Acinetobacter baumannii]	825	0	825	+	<246080	120058	54149	54974	807	825	60	NM:i:18
gb|KF986258|+|14-839|ARO:3001563|OXA-377 [Acinetobacter baumannii]	825	0	825	+	<246080	120058	54149	54974	809	825	60	NM:i:16
gb|KF986259.1|-|16-841|ARO:3001564|OXA-378 [Acinetobacter baumannii]	825	0	825	+	<246080	120058	54149	54974	805	825	60	NM:i:20
gb|KF986260|+|20-845|ARO:3001565|OXA-379 [Acinetobacter baumannii]	825	0	825	+	<246080	120058	54149	54974	806	825	60	NM:i:19
gb|KF986261|-|44-869|ARO:3001566|OXA-380 [Acinetobacter baumannii]	825	0	825	+	<246080	120058	54149	54974	804	825	60	NM:i:21
gb|KJ135344|+|14-839|ARO:3001567|OXA-381 [Acinetobacter baumannii]	825	0	825	+	<246080	120058	54149	54974	809	825	60	NM:i:16
gb|KJ135345|+|14-839|ARO:3001568|OXA-382 [Acinetobacter baumannii]	825	0	825	+	<246080	120058	54149	54974	806	825	60	NM:i:19
gb|KF986262.1|-|27-852|ARO:3001569|OXA-383 [Acinetobacter baumannii]	825	0	825	+	<246080	120058	54149	54974	811	825	60	NM:i:14
gb|KF986263.1|-|90-915|ARO:3001570|OXA-384 [Acinetobacter baumannii]	825	0	825	+	<246080	120058	54149	54974	802	825	60	NM:i:23
gb|KF986253|-|15-840|ARO:3001571|OXA-385 [Acinetobacter baumannii]	825	0	825	+	<246080	120058	54149	54974	807	825	60	NM:i:18
gb|KF986254|-|34-859|ARO:3001572|OXA-386 [Acinetobacter baumannii]	825	0	825	+	<246080	120058	54149	54974	808	825	60	NM:i:17
gb|KJ173478|+|0-825|ARO:3001573|OXA-387 [Acinetobacter baumannii]	825	0	825	+	<246080	120058	54149	54974	809	825	60	NM:i:16
gb|KJ135343|+|14-839|ARO:3001574|OXA-388 [Acinetobacter baumannii]	825	0	825	+	<246080	120058	54149	54974	804	825	60	NM:i:21
gb|KJ135346|+|14-839|ARO:3001575|OXA-389 [Acinetobacter baumannii]	825	0	825	+	<246080	120058	54149	54974	805	825	60	NM:i:20
gb|KJ135342.1|-|48-873|ARO:3001576|OXA-390 [Acinetobacter baumannii]	825	0	825	+	<246080	120058	54149	54974	805	825	60	NM:i:20
gb|KJ427797|+|0-825|ARO:3001577|OXA-391 [Acinetobacter baumannii]	825	0	825	+	<246080	120058	54149	54974	807	825	60	NM:i:18
gb|KM087842|+|0-822|ARO:3001584|OXA-398 [Acinetobacter baumannii]	822	0	822	+	<254088	6148	80	902	821	822	60	NM:i:1
gb|KJ780078.1|+|0-825|ARO:3001586|OXA-400 [Acinetobacter baumannii]	825	0	825	+	<246080	120058	54149	54974	810	825	60	NM:i:15
gb|KJ780076.1|+|0-825|ARO:3001587|OXA-401 [Acinetobacter baumannii]	825	0	825	+	<246080	120058	54149	54974	806	825	60	NM:i:19
gb|KJ780077.1|+|0-825|ARO:3001588|OXA-402 [Acinetobacter baumannii]	825	0	825	+	<246080	120058	54149	54974	807	825	60	NM:i:18
gb|KJ920337.1|+|0-825|ARO:3001589|OXA-403 [Acinetobacter baumannii]	825	0	825	+	<246080	120058	54149	54974	809	825	60	NM:i:16
gb|KJ920338.1|+|0-825|ARO:3001595|OXA-404 [Acinetobacter baumannii]	825	0	825	+	<246080	120058	54149	54974	806	825	60	NM:i:19
gb|KJ584915.1|+|0-825|ARO:3001597|OXA-406 [Acinetobacter baumannii]	825	0	825	+	<246080	120058	54149	54974	807	825	60	NM:i:18
gb|KJ584916.1|+|0-825|ARO:3001598|OXA-407 [Acinetobacter baumannii]	825	0	825	+	<246080	120058	54149	54974	804	825	60	NM:i:21
gb|KJ584917.1|+|0-825|ARO:3001599|OXA-408 [Acinetobacter baumannii]	825	0	825	+	<246080	120058	54149	54974	803	825	60	NM:i:22
gb|KJ584918.1|+|0-828|ARO:3001600|OXA-409 [Acinetobacter baumannii]	828	0	828	+	<246080	120058	54149	54974	809	828	60	NM:i:19
gb|KJ584920.1|+|0-825|ARO:3001602|OXA-411 [Acinetobacter baumannii]	825	0	825	+	<246080	120058	54149	54974	809	825	60	NM:i:16
gb|KJ584921.1|+|0-825|ARO:3001603|OXA-412 [Acinetobacter baumannii]	825	0	825	+	<246080	120058	54149	54974	805	825	60	NM:i:20
gb|KJ584922.1|+|0-825|ARO:3001604|OXA-413 [Acinetobacter baumannii]	825	0	825	+	<246080	120058	54149	54974	810	825	60	NM:i:15
gb|KJ584914.1|+|0-825|ARO:3001605|OXA-414 [Acinetobacter baumannii]	825	0	825	+	<246080	120058	54149	54974	811	825	60	NM:i:14
gb|KM433671|+|0-822|ARO:3003160|OXA-422 [Acinetobacter baumannii]	822	0	822	+	<254088	6148	80	902	821	822	60	NM:i:1
gb|KM433672|+|0-822|ARO:3003161|OXA-423 [Acinetobacter baumannii]	822	0	822	+	<254088	6148	80	902	820	822	60	NM:i:2
gb|KM588352|+|0-825|ARO:3003147|OXA-424 [Acinetobacter baumannii]	825	0	825	+	<246080	120058	54149	54974	808	825	60	NM:i:17
gb|KM588353|+|0-825|ARO:3003148|OXA-425 [Acinetobacter baumannii]	825	0	825	+	<246080	120058	54149	54974	823	825	60	NM:i:2
gb|KM588354|+|0-825|ARO:3003149|OXA-426 [Acinetobacter baumannii]	825	0	825	+	<246080	120058	54149	54974	807	825	60	NM:i:18
gb|KM979376.1|+|20-845|ARO:3003120|OXA-429 [Acinetobacter baumannii]	825	0	825	+	<246080	120058	54149	54974	804	825	60	NM:i:21
gb|NG_049717.1|+|13-838|ARO:3003121|OXA-430 [Acinetobacter baumannii]	825	0	825	+	<246080	120058	54149	54974	808	825	60	NM:i:17
gb|KM979378.1|+|14-839|ARO:3003124|OXA-431 [Acinetobacter baumannii]	825	0	825	+	<246080	120058	54149	54974	805	825	60	NM:i:20
gb|KM979379.1|+|14-839|ARO:3003125|OXA-432 [Acinetobacter baumannii]	825	0	825	+	<246080	120058	54149	54974	804	825	60	NM:i:21
gb|KM979380.1|+|25-850|ARO:3003126|OXA-433 [Acinetobacter baumannii]	825	0	825	+	<246080	120058	54149	54974	805	825	60	NM:i:20
gb|KP144324|+|0-822|ARO:3003162|OXA-435 [Acinetobacter baumannii]	822	0	822	+	<254088	6148	80	902	821	822	60	NM:i:1
gb|KP727574.1|+|0-822|ARO:3003596|OXA-440 [Acinetobacter baumannii]	822	0	822	+	<254088	6148	80	902	821	822	60	NM:i:1
gb|JX865394.1|+|0-825|ARO:3003597|OXA-441 [Acinetobacter baumannii]	825	0	825	+	<246080	120058	54149	54974	807	825	60	NM:i:18
gb|KP844571.1|+|0-825|ARO:3003598|OXA-442 [Acinetobacter baumannii]	825	0	825	+	<246080	120058	54149	54974	807	825	60	NM:i:18
gb|LC037981|+|0-801|ARO:3003610|OXA-454 [Delftia acidovorans]	801	0	801	+	>104604	2342	659	1460	799	801	60	NM:i:2
gb|KR872296.1|+|0-825|ARO:3003637|OXA-480 [Acinetobacter baumannii]	825	0	825	+	<246080	120058	54149	54974	824	825	60	NM:i:1
gb|KP264124.1|+|76-898|ARO:3003639|OXA-482 [Acinetobacter baumannii]	822	0	822	+	<254088	6148	80	902	821	822	60	NM:i:1
gb|KP264125.1|+|83-905|ARO:3003640|OXA-483 [Acinetobacter baumannii]	822	0	822	+	<254088	6148	80	902	821	822	60	NM:i:1
gb|LLNM01000004.1|-|97677-98466|ARO:3003642|OXA-485 [Pseudomonas aeruginosa]	789	0	789	+	<237664	34769	19143	19932	784	789	60	NM:i:5
gb|CP038661.1|+|6223618-6224407|ARO:3003643|OXA-486 [Pseudomonas aeruginosa]	789	0	789	+	<237664	34769	19143	19932	779	789	60	NM:i:10
gb|SMRY02000082.1|-|17219-18008|ARO:3003645|OXA-488 [Pseudomonas aeruginosa]	789	0	789	+	<237664	34769	19143	19932	789	789	60	NM:i:0
gb|AY288523|+|0-825|ARO:3001671|OXA-49 [Acinetobacter baumannii]	825	0	825	+	<254088	6148	80	902	821	825	60	NM:i:4
gb|AY306130|+|0-789|ARO:3001796|OXA-50 [Pseudomonas aeruginosa]	789	0	789	+	<237664	34769	19143	19932	780	789	60	NM:i:9
gb|AJ309734|+|0-825|ARO:3001612|OXA-51 [Acinetobacter baumannii]	825	0	825	+	<246080	120058	54149	54974	809	825	60	NM:i:16
gb|AY445080|+|0-801|ARO:3001795|OXA-56 [Pseudomonas aeruginosa]	801	0	801	+	>104604	2342	659	1460	775	802	60	NM:i:27
gb|AY750907|+|0-825|ARO:3001613|OXA-64 [Acinetobacter baumannii]	825	0	825	+	<246080	120058	54149	54974	811	825	60	NM:i:14
gb|AY750908|+|0-825|ARO:3001614|OXA-65 [Acinetobacter baumannii]	825	0	825	+	<246080	120058	54149	54974	822	825	60	NM:i:3
gb|EF016356.1|+|0-825|ARO:3001615|OXA-66 [Acinetobacter baumannii]	825	0	825	+	<246080	120058	54149	54974	825	825	60	NM:i:0
gb|JCMW02000002.1|-|55721-56522|ARO:3004489|OXA-663 [Klebsiella pneumoniae BIDMC 35]	801	0	801	+	>104604	2342	659	1460	800	801	60	NM:i:1
gb|DQ491200|+|0-825|ARO:3001437|OXA-67 [Acinetobacter baumannii]	825	0	825	+	<246080	120058	54149	54974	806	825	60	NM:i:19
gb|AY750910|+|0-825|ARO:3001616|OXA-68 [Acinetobacter baumannii]	825	0	825	+	<246080	120058	54149	54974	808	825	60	NM:i:17
gb|CU459141.1|+|2175316-2176141|ARO:3001617|OXA-69 [Acinetobacter baumannii AYE]	825	0	825	+	<246080	120058	54149	54974	810	825	60	NM:i:15
gb|X75562|+|134-935|ARO:3001402|OXA-7 [Escherichia coli]	801	0	801	+	>104604	2342	659	1460	774	805	60	NM:i:31
gb|AY750912|+|0-825|ARO:3001618|OXA-70 [Acinetobacter baumannii]	825	0	825	+	<246080	120058	54149	54974	808	825	60	NM:i:17
gb|AY750913|+|0-825|ARO:3001619|OXA-71 [Acinetobacter baumannii]	825	0	825	+	<246080	120058	54149	54974	806	825	60	NM:i:19
gb|AY762325|+|115-937|ARO:3001785|OXA-73 [Klebsiella pneumoniae]	822	0	822	+	<254088	6148	80	902	821	822	60	NM:i:1
gb|AJ854182|+|0-801|ARO:3001798|OXA-74 [Pseudomonas aeruginosa]	801	0	801	+	>104604	2342	659	1460	799	801	60	NM:i:2
gb|CU468230.2|+|1959577-1960402|ARO:3001620|OXA-75 [Acinetobacter baumannii SDF]	825	0	825	+	<246080	120058	54149	54974	802	825	60	NM:i:23
gb|AY949203|+|0-825|ARO:3001621|OXA-76 [Acinetobacter baumannii]	825	0	825	+	<246080	120058	54149	54974	824	825	60	NM:i:1
gb|AY949202|+|0-825|ARO:3001622|OXA-77 [Acinetobacter baumannii]	825	0	825	+	<246080	120058	54149	54974	808	825	60	NM:i:17
gb|AY862132|+|0-825|ARO:3001645|OXA-78 [Acinetobacter baumannii]	825	0	825	+	<246080	120058	54149	54974	807	825	60	NM:i:18
gb|EU019534|+|0-825|ARO:3001633|OXA-79 [Acinetobacter baumannii]	825	0	825	+	<246080	120058	54149	54974	824	825	60	NM:i:1
gb|EU019535|+|0-825|ARO:3001634|OXA-80 [Acinetobacter baumannii]	825	0	825	+	<246080	120058	54149	54974	824	825	60	NM:i:1
gb|EU019536|+|0-825|ARO:3001635|OXA-82 [Acinetobacter baumannii]	825	0	825	+	<246080	120058	54149	54974	823	825	60	NM:i:2
gb|DQ309277|+|0-825|ARO:3001623|OXA-83 [Acinetobacter baumannii]	825	0	825	+	<246080	120058	54149	54974	824	825	60	NM:i:1
gb|DQ309276|+|0-825|ARO:3001624|OXA-84 [Acinetobacter baumannii]	825	0	825	+	<246080	120058	54149	54974	823	825	60	NM:i:2
gb|DQ149247|+|0-825|ARO:3001703|OXA-86 [Acinetobacter baumannii]	825	0	825	+	<246080	120058	54149	54974	804	825	60	NM:i:21
gb|DQ348075|+|0-825|ARO:3001704|OXA-87 [Acinetobacter baumannii]	825	0	825	+	<246080	120058	54149	54974	803	825	60	NM:i:22
gb|DQ392963|+|8-833|ARO:3001626|OXA-88 [Acinetobacter baumannii]	825	0	825	+	<246080	120058	54149	54974	820	825	60	NM:i:5
gb|DQ445683|+|0-825|ARO:3001625|OXA-89 [Acinetobacter baumannii]	825	0	825	+	<246080	120058	54149	54974	804	825	60	NM:i:21
gb|M55547|+|0-825|ARO:3001404|OXA-9 [Klebsiella pneumoniae]	825	0	825	+	<48423030	934	39	864	824	825	60	NM:i:1
gb|AM231719|+|0-825|ARO:3001650|OXA-90 [Acinetobacter baumannii]	825	0	825	+	<246080	120058	54149	54974	819	825	60	NM:i:6
gb|DQ519086|+|1198-2023|ARO:3001627|OXA-91 [Acinetobacter baumannii]	825	0	825	+	<246080	120058	54149	54974	808	825	60	NM:i:17
gb|DQ335566|+|0-825|ARO:3001632|OXA-92 [Acinetobacter baumannii]	825	0	825	+	<246080	120058	54149	54974	809	825	60	NM:i:16
gb|DQ519087|+|38-863|ARO:3001628|OXA-93 [Acinetobacter baumannii]	825	0	825	+	<246080	120058	54149	54974	809	825	60	NM:i:16
gb|DQ519088|+|8-833|ARO:3001629|OXA-94 [Acinetobacter baumannii]	825	0	825	+	<246080	120058	54149	54974	817	825	60	NM:i:8
gb|DQ519089|+|8-833|ARO:3001630|OXA-95 [Acinetobacter baumannii]	825	0	825	+	<246080	120058	54149	54974	819	825	60	NM:i:6
gb|AM279652|+|0-825|ARO:3001646|OXA-98 [Acinetobacter baumannii]	825	0	825	+	<246080	120058	54149	54974	809	825	60	NM:i:16
gb|DQ888718|+|0-825|ARO:3001649|OXA-99 [Acinetobacter baumannii]	825	0	825	+	<246080	120058	54149	54974	807	825	60	NM:i:18
gb|FJ666065|+|0-1194|ARO:3002497|PDC-1 [Pseudomonas aeruginosa PAO1]	1194	0	1194	+	>232416	56794	35513	36707	1185	1194	60	NM:i:9
gb|FJ666073|+|0-1194|ARO:3002509|PDC-10 [Pseudomonas aeruginosa]	1194	0	1194	+	>232416	56794	35513	36707	1185	1194	60	NM:i:9
gb|FJ666064|+|0-1194|ARO:3002498|PDC-2 [Pseudomonas aeruginosa]	1194	0	1194	+	>232416	56794	35513	36707	1188	1194	60	NM:i:6
gb|FJ666066|+|0-1194|ARO:3002500|PDC-3 [Pseudomonas aeruginosa]	1194	0	1194	+	>232416	56794	35513	36707	1186	1194	60	NM:i:8
gb|FJ666067|+|0-1194|ARO:3002501|PDC-4 [Pseudomonas aeruginosa]	1194	0	1194	+	>232416	56794	35513	36707	1185	1194	60	NM:i:9
gb|FJ666068|+|0-1194|ARO:3002502|PDC-5 [Pseudomonas aeruginosa]	1194	0	1194	+	>232416	56794	35513	36707	1185	1194	60	NM:i:9
gb|KJ949070.1|+|0-1215|ARO:3005039|PDC-55 [Pseudomonas aeruginosa]	1215	0	1215	+	>232416	56794	35513	36736	1203	1223	60	NM:i:20
gb|FJ666069|+|0-1194|ARO:3002505|PDC-6 [Pseudomonas aeruginosa]	1194	0	1194	+	>232416	56794	35513	36707	1184	1194	60	NM:i:10
gb|KJ949080.1|+|0-1194|ARO:3005038|PDC-65 [Pseudomonas aeruginosa]	1194	0	1194	+	>232416	56794	35513	36707	1188	1194	60	NM:i:6
gb|FJ666070|+|0-1194|ARO:3002506|PDC-7 [Pseudomonas aeruginosa]	1194	0	1194	+	>232416	56794	35513	36707	1186	1194	60	NM:i:8
gb|KR057742.1|+|0-1116|ARO:3004336|PDC-73 [Pseudomonas aeruginosa]	1116	3	1116	+	>232416	56794	35594	36707	1104	1113	60	NM:i:9
gb|NG_051744.1|+|100-1294|ARO:3004337|PDC-74 [Pseudomonas aeruginosa]	1194	0	1194	+	>232416	56794	35513	36707	1184	1194	60	NM:i:10
gb|KR057744.1|+|0-1116|ARO:3004338|PDC-75 [Pseudomonas aeruginosa]	1116	3	1116	+	>232416	56794	35594	36707	1101	1113	60	NM:i:12
gb|KR057745.1|+|0-1116|ARO:3004339|PDC-76 [Pseudomonas aeruginosa]	1116	3	1116	+	>232416	56794	35594	36707	1106	1113	60	NM:i:7
gb|KR057746.1|+|0-1116|ARO:3004340|PDC-77 [Pseudomonas aeruginosa]	1116	3	1116	+	>232416	56794	35594	36707	1104	1113	60	NM:i:9
gb|KR057747.1|+|0-1116|ARO:3004341|PDC-78 [Pseudomonas aeruginosa]	1116	3	1116	+	>232416	56794	35594	36707	1103	1113	60	NM:i:10
gb|KR057748.1|+|0-1116|ARO:3004342|PDC-79 [Pseudomonas aeruginosa]	1116	3	1116	+	>232416	56794	35594	36707	1104	1113	60	NM:i:9
gb|FJ666071|+|0-1194|ARO:3002507|PDC-8 [Pseudomonas aeruginosa]	1194	0	1194	+	>232416	56794	35513	36707	1185	1194	60	NM:i:9
gb|KX354370.1|+|0-1194|ARO:3004343|PDC-80 [Pseudomonas aeruginosa]	1194	0	1194	+	>232416	56794	35513	36707	1183	1194	60	NM:i:11
gb|KR057750.1|+|0-1116|ARO:3004344|PDC-81 [Pseudomonas aeruginosa]	1116	3	1116	+	>232416	56794	35594	36707	1106	1113	60	NM:i:7
gb|KR057751.1|+|0-1116|ARO:3004345|PDC-82 [Pseudomonas aeruginosa]	1116	3	1116	+	>232416	56794	35594	36707	1105	1113	60	NM:i:8
gb|KR057752.1|+|0-1116|ARO:3004346|PDC-83 [Pseudomonas aeruginosa]	1116	3	1116	+	>232416	56794	35594	36707	1105	1113	60	NM:i:8
gb|KR057753.1|+|0-1116|ARO:3004347|PDC-84 [Pseudomonas aeruginosa]	1116	3	1116	+	>232416	56794	35594	36707	1104	1113	60	NM:i:9
gb|KR057754.1|+|0-1116|ARO:3004348|PDC-85 [Pseudomonas aeruginosa]	1116	3	1116	+	>232416	56794	35594	36707	1105	1113	60	NM:i:8
gb|LLSH01000109.1|+|88827-90021|ARO:3004349|PDC-86 [Pseudomonas aeruginosa]	1194	0	1194	+	>232416	56794	35513	36707	1188	1194	60	NM:i:6
gb|KR057756.1|+|0-1116|ARO:3004350|PDC-87 [Pseudomonas aeruginosa]	1116	0	1116	+	>232416	56794	35591	36707	1110	1116	60	NM:i:6
gb|KR057757.1|+|0-1110|ARO:3004351|PDC-88 [Pseudomonas aeruginosa]	1110	0	1110	+	>232416	56794	35591	36707	1105	1116	60	NM:i:11
gb|KR057758.1|+|0-1107|ARO:3004352|PDC-89 [Pseudomonas aeruginosa]	1107	0	1107	+	>232416	56794	35591	36707	1102	1116	60	NM:i:14
gb|FJ666072|+|0-1194|ARO:3002508|PDC-9 [Pseudomonas aeruginosa]	1194	0	1194	+	>232416	56794	35513	36707	1184	1194	60	NM:i:10
gb|KR057759.1|+|0-1107|ARO:3004353|PDC-90 [Pseudomonas aeruginosa]	1107	0	1107	+	>232416	56794	35591	36707	1102	1116	60	NM:i:14
gb|KR057760.1|+|0-1104|ARO:3004354|PDC-91 [Pseudomonas aeruginosa]	1104	0	1104	+	>232416	56794	35591	36707	1099	1116	60	NM:i:17
gb|KR057761.1|+|0-1110|ARO:3004355|PDC-92 [Pseudomonas aeruginosa]	1110	0	1110	+	>232416	56794	35591	36707	1108	1116	60	NM:i:8
gb|KR057762.1|+|0-1116|ARO:3004356|PDC-93 [Pseudomonas aeruginosa]	1116	0	1116	+	>232416	56794	35591	36707	1113	1116	60	NM:i:3
gb|NC_002516.2|-|779462-780101|ARO:3002679|Pseudomonas_aeruginosa_catB7 [Pseudomonas aeruginosa PAO1]	639	0	639	+	>309838	100079	78566	79205	631	639	60	NM:i:8
gb|GQ891757|+|2004-2661|ARO:3002801|QnrVC4 [Aeromonas caviae]	657	0	657	+	>53070132	1020	292	949	650	657	60	NM:i:7
gb|JN408080|+|0-657|ARO:3002802|QnrVC5 [Vibrio fluvialis]	657	0	657	+	>53070132	1020	292	949	649	657	60	NM:i:8
gb|KM555152|+|0-657|ARO:3003193|QnrVC7 [Vibrio cholerae]	657	0	657	+	>53070132	1020	292	949	635	657	60	NM:i:22
gb|FJ668814|+|76-937|ARO:3001059|SHV-1 [Klebsiella pneumoniae]	861	0	861	+	>1612535	2429	16	877	855	861	60	NM:i:6
gb|EU155018|+|0-861|ARO:3001150|SHV-101 [Klebsiella pneumoniae]	861	0	861	+	>1612535	2429	16	877	852	861	60	NM:i:9
gb|EU024485|+|0-861|ARO:3001151|SHV-102 [Escherichia coli]	861	0	861	+	>1612535	2429	16	877	852	861	60	NM:i:9
gb|EU032604|+|0-861|ARO:3001152|SHV-103 [Klebsiella pneumoniae]	861	0	861	+	>1612535	2429	16	877	853	861	60	NM:i:8
gb|EU274581|+|0-861|ARO:3001153|SHV-104 [Klebsiella pneumoniae]	861	1	861	+	>1612535	2429	17	877	853	860	60	NM:i:7
gb|FJ194944|+|46-907|ARO:3001154|SHV-105 [Klebsiella pneumoniae]	861	0	861	+	>1612535	2429	16	877	852	861	60	NM:i:9
gb|AM941847|+|0-861|ARO:3001155|SHV-106 [Klebsiella pneumoniae]	861	0	861	+	>1612535	2429	16	877	851	861	60	NM:i:10
gb|AM941848|+|0-861|ARO:3001156|SHV-107 [Klebsiella pneumoniae]	861	0	861	+	>1612535	2429	16	877	854	861	60	NM:i:7
gb|HM751100|+|0-861|ARO:3001157|SHV-108 [Klebsiella pneumoniae]	861	0	861	+	>1612535	2429	16	877	852	861	60	NM:i:9
gb|EU418913|+|16-877|ARO:3001158|SHV-109 [Klebsiella pneumoniae]	861	0	861	+	>1612535	2429	16	877	853	861	60	NM:i:8
gb|X98101|+|73-934|ARO:3001070|SHV-11 [Klebsiella pneumoniae]	861	0	861	+	>1612535	2429	16	877	856	861	60	NM:i:5
gb|HQ877615|+|0-861|ARO:3001159|SHV-110 [Klebsiella pneumoniae]	861	0	861	+	>1612535	2429	16	877	853	861	60	NM:i:8
gb|AB372881|+|8-869|ARO:3001160|SHV-111 [Klebsiella pneumoniae]	861	0	861	+	>1612535	2429	16	877	852	861	60	NM:i:9
gb|KJ776406|+|16-877|ARO:3001340|SHV-119 [Klebsiella pneumoniae]	861	0	861	+	>1612535	2429	16	877	853	861	60	NM:i:8
gb|AJ920369|+|23-860|ARO:3001071|SHV-12 [Escherichia coli]	837	0	837	+	>1612535	2429	16	853	835	837	60	NM:i:2
gb|JF812965|+|0-861|ARO:3001167|SHV-120 [Escherichia coli]	861	0	861	+	>1612535	2429	16	877	855	861	60	NM:i:6
gb|HQ661362|+|71-932|ARO:3001168|SHV-121 [Klebsiella pneumoniae]	861	0	861	+	>1612535	2429	16	877	853	861	60	NM:i:8
gb|HM751103.1|+|0-864|ARO:3001169|SHV-122 [Klebsiella pneumoniae]	864	0	864	+	>1612535	2429	16	877	853	864	60	NM:i:11
gb|GQ390805|+|0-813|ARO:3001170|SHV-123 [Klebsiella pneumoniae]	813	0	813	+	>1612535	2429	16	829	806	813	60	NM:i:7
gb|GQ390806|+|0-813|ARO:3001171|SHV-124 [Klebsiella pneumoniae]	813	0	813	+	>1612535	2429	16	829	807	813	60	NM:i:6
gb|GQ390807|+|0-813|ARO:3001172|SHV-125 [Klebsiella pneumoniae]	813	0	813	+	>1612535	2429	16	829	804	813	60	NM:i:9
gb|GQ390808|+|0-813|ARO:3001173|SHV-126 [Escherichia coli]	813	0	813	+	>1612535	2429	16	829	805	813	60	NM:i:8
gb|GQ390809|+|0-813|ARO:3001174|SHV-127 [Klebsiella pneumoniae]	813	0	813	+	>1612535	2429	16	829	803	813	60	NM:i:10
gb|GU932590|+|0-861|ARO:3001175|SHV-128 [Enterobacter cloacae]	861	0	861	+	>1612535	2429	16	877	854	861	60	NM:i:7
gb|GU827715|+|0-861|ARO:3001176|SHV-129 [Escherichia coli]	861	0	861	+	>1612535	2429	16	877	856	861	60	NM:i:5
gb|AF164577|+|0-861|ARO:3001072|SHV-13 [Klebsiella pneumoniae]	861	0	861	+	>1612535	2429	16	877	856	861	60	NM:i:5
gb|AB551737|+|14-875|ARO:3001177|SHV-133 [Klebsiella pneumoniae]	861	0	861	+	>1612535	2429	16	877	853	861	60	NM:i:8
gb|HM559945|+|0-861|ARO:3001178|SHV-134 [Klebsiella pneumoniae]	861	0	861	+	>1612535	2429	16	877	858	861	60	NM:i:3
gb|HQ637576|+|0-861|ARO:3001179|SHV-135 [Escherichia coli]	861	0	861	+	>1612535	2429	16	877	854	861	60	NM:i:7
gb|HQ661363|+|71-932|ARO:3001181|SHV-137 [Klebsiella pneumoniae]	861	0	861	+	>1612535	2429	16	877	851	861	60	NM:i:10
gb|AF226622|+|54-915|ARO:3001073|SHV-14 [Klebsiella pneumoniae]	861	0	861	+	>1612535	2429	16	877	852	861	60	NM:i:9
gb|JN051143|+|0-861|ARO:3001182|SHV-140 [Klebsiella pneumoniae]	861	2	861	+	>1612535	2429	18	877	849	859	60	NM:i:10
gb|JQ388884|+|0-861|ARO:3001183|SHV-141 [Klebsiella pneumoniae]	861	0	861	+	>1612535	2429	16	877	853	861	60	NM:i:8
gb|JQ029959|+|28-889|ARO:3001184|SHV-142 [Klebsiella pneumoniae]	861	0	861	+	>1612535	2429	16	877	854	861	60	NM:i:7
gb|JQ341060.1|-|881-1742|ARO:3001344|SHV-143 [Klebsiella pneumoniae]	861	0	861	+	>1612535	2429	16	877	852	861	60	NM:i:9
gb|JQ926986|+|0-861|ARO:3001345|SHV-144 [Klebsiella pneumoniae]	861	0	861	+	>1612535	2429	16	877	853	861	60	NM:i:8
gb|JX013655|+|0-861|ARO:3001185|SHV-145 [Klebsiella pneumoniae]	861	0	861	+	>1612535	2429	16	877	854	861	60	NM:i:7
gb|JX121114|+|0-858|ARO:3001186|SHV-147 [Klebsiella pneumoniae]	858	0	858	+	>1612535	2429	16	874	850	858	60	NM:i:8
gb|JX121115|+|0-858|ARO:3001187|SHV-148 [Klebsiella pneumoniae]	858	0	858	+	>1612535	2429	16	874	850	858	60	NM:i:8
gb|JX121116|+|0-858|ARO:3001188|SHV-149 [Klebsiella pneumoniae]	858	0	858	+	>1612535	2429	16	874	849	858	60	NM:i:9
gb|AJ011428|+|0-861|ARO:3001074|SHV-15 [Escherichia coli]	861	0	861	+	>1612535	2429	16	877	857	861	60	NM:i:4
gb|JX121117|+|0-858|ARO:3001189|SHV-150 [Klebsiella pneumoniae]	858	0	858	+	>1612535	2429	16	874	850	858	60	NM:i:8
gb|JX121118|+|0-858|ARO:3001190|SHV-151 [Klebsiella pneumoniae]	858	0	858	+	>1612535	2429	16	874	849	858	60	NM:i:9
gb|JX121119|+|0-858|ARO:3001191|SHV-152 [Klebsiella pneumoniae]	858	0	858	+	>1612535	2429	16	874	851	858	60	NM:i:7
gb|JX121120|+|0-858|ARO:3001192|SHV-153 [Klebsiella pneumoniae]	858	0	858	+	>1612535	2429	16	874	851	858	60	NM:i:7
gb|JX121121|+|0-858|ARO:3001193|SHV-154 [Klebsiella pneumoniae]	858	0	858	+	>1612535	2429	16	874	852	858	60	NM:i:6
gb|JX121122|+|0-858|ARO:3001194|SHV-155 [Klebsiella pneumoniae]	858	0	858	+	>1612535	2429	16	874	850	858	60	NM:i:8
gb|JX121123|+|0-861|ARO:3001195|SHV-156 [Klebsiella pneumoniae]	861	0	861	+	>1612535	2429	16	877	853	861	60	NM:i:8
gb|JX121124|+|0-861|ARO:3001196|SHV-157 [Klebsiella pneumoniae]	861	0	861	+	>1612535	2429	16	877	852	861	60	NM:i:9
gb|JX121125|+|0-858|ARO:3001197|SHV-158 [Klebsiella pneumoniae]	858	0	858	+	>1612535	2429	16	874	850	858	60	NM:i:8
gb|JX121126|+|0-858|ARO:3001198|SHV-159 [Klebsiella pneumoniae]	858	0	858	+	>1612535	2429	16	874	850	858	60	NM:i:8
gb|AF072684|+|117-993|ARO:3001075|SHV-16 [Klebsiella pneumoniae]	876	0	876	+	>1612535	2429	16	877	853	877	60	NM:i:24
gb|JX121127|+|0-861|ARO:3001199|SHV-160 [Klebsiella pneumoniae]	861	0	861	+	>1612535	2429	16	877	858	861	60	NM:i:3
gb|JX121128|+|0-861|ARO:3001200|SHV-161 [Klebsiella pneumoniae]	861	0	861	+	>1612535	2429	16	877	854	861	60	NM:i:7
gb|JX121129|+|0-858|ARO:3001201|SHV-162 [Klebsiella pneumoniae]	858	0	858	+	>1612535	2429	16	874	848	858	60	NM:i:10
gb|JX121130|+|0-858|ARO:3001202|SHV-163 [Klebsiella pneumoniae]	858	0	858	+	>1612535	2429	16	874	848	858	60	NM:i:10
gb|HE981194|+|0-861|ARO:3001347|SHV-164 [Klebsiella pneumoniae]	861	0	861	+	>1612535	2429	16	877	851	861	60	NM:i:10
gb|JX121131|+|0-858|ARO:3001203|SHV-165 [Klebsiella pneumoniae]	858	0	858	+	>1612535	2429	16	874	852	858	60	NM:i:6
gb|AB733453|+|3-849|ARO:3001204|SHV-167 [Klebsiella pneumoniae]	846	0	846	+	>1612535	2429	16	862	835	846	60	NM:i:11
gb|JX870080|+|0-861|ARO:3001352|SHV-168 [Klebsiella pneumoniae]	861	0	861	+	>1612535	2429	16	877	850	861	60	NM:i:11
gb|KF513177|+|0-861|ARO:3001356|SHV-172 [Klebsiella pneumoniae]	861	0	861	+	>1612535	2429	16	877	855	861	60	NM:i:6
gb|KF513178|+|0-861|ARO:3001357|SHV-173 [Klebsiella pneumoniae]	861	0	861	+	>1612535	2429	16	877	854	861	60	NM:i:7
gb|KF705209|+|0-861|ARO:3001361|SHV-178 [Klebsiella pneumoniae]	861	0	861	+	>1612535	2429	16	877	854	861	60	NM:i:7
gb|KF705208|+|0-861|ARO:3001362|SHV-179 [Klebsiella pneumoniae]	861	0	861	+	>1612535	2429	16	877	854	861	60	NM:i:7
gb|AF132290|+|87-948|ARO:3001076|SHV-18 [Klebsiella pneumoniae]	861	0	861	+	>1612535	2429	16	877	851	861	60	NM:i:10
gb|KP050487.1|+|0-861|ARO:3001350|SHV-180 [Klebsiella pneumoniae]	861	0	861	+	>1612535	2429	16	877	853	861	60	NM:i:8
gb|KP050489|+|0-861|ARO:3001364|SHV-182 [Klebsiella pneumoniae]	861	0	861	+	>1612535	2429	16	877	853	861	60	NM:i:8
gb|HG934764|+|0-864|ARO:3001351|SHV-183 [Enterobacter cloacae]	864	0	864	+	>1612535	2429	16	877	859	864	60	NM:i:5
gb|KM233164|+|0-861|ARO:3003152|SHV-185 [Klebsiella pneumoniae]	861	0	861	+	>1612535	2429	16	877	854	861	60	NM:i:7
gb|KM233165|+|0-861|ARO:3003153|SHV-186 [Klebsiella pneumoniae]	861	0	861	+	>1612535	2429	16	877	853	861	60	NM:i:8
gb|LN515533|+|0-867|ARO:3003154|SHV-187 [Klebsiella pneumoniae]	867	0	867	+	>1612535	2429	10	877	858	867	60	NM:i:9
gb|LN515534|+|0-873|ARO:3003155|SHV-188 [Klebsiella pneumoniae]	873	0	873	+	>1612535	2429	10	877	858	873	60	NM:i:15
gb|KP050494|+|0-861|ARO:3003156|SHV-189 [Klebsiella pneumoniae]	861	0	861	+	>1612535	2429	16	877	852	861	60	NM:i:9
gb|AF117743|+|0-780|ARO:3001077|SHV-19 [Klebsiella pneumoniae]	780	0	780	+	>1612535	2429	46	826	773	780	60	NM:i:7
gb|AF148851|+|5-866|ARO:3001060|SHV-2 [Escherichia coli]	861	0	861	+	>1612535	2429	16	877	855	861	60	NM:i:6
gb|AF117744|+|0-780|ARO:3001078|SHV-20 [Klebsiella pneumoniae]	780	0	780	+	>1612535	2429	46	826	774	780	60	NM:i:6
gb|AF117745|+|0-780|ARO:3001079|SHV-21 [Klebsiella pneumoniae]	780	0	780	+	>1612535	2429	46	826	773	780	60	NM:i:7
gb|AF117746|+|0-780|ARO:3001080|SHV-22 [Klebsiella pneumoniae]	780	0	780	+	>1612535	2429	46	826	775	780	60	NM:i:5
gb|AF117747|+|0-780|ARO:3001081|SHV-23 [Klebsiella pneumoniae]	780	0	780	+	>1612535	2429	46	826	774	780	60	NM:i:6
gb|AB023477|+|0-861|ARO:3001082|SHV-24 [Escherichia coli]	861	0	861	+	>1612535	2429	16	877	853	861	60	NM:i:8
gb|AF208796|+|0-861|ARO:3001083|SHV-25 [Klebsiella pneumoniae]	861	0	861	+	>1612535	2429	16	877	854	861	60	NM:i:7
gb|AF227204|+|73-934|ARO:3001084|SHV-26 [Klebsiella pneumoniae]	861	0	861	+	>1612535	2429	16	877	854	861	60	NM:i:7
gb|AF293345|+|0-861|ARO:3001085|SHV-27 [Klebsiella pneumoniae]	861	0	861	+	>1612535	2429	16	877	853	861	60	NM:i:8
gb|AF299299|+|0-861|ARO:3001086|SHV-28 [Klebsiella pneumoniae]	861	0	861	+	>1612535	2429	16	877	851	861	60	NM:i:10
gb|AF301532|+|7-868|ARO:3001087|SHV-29 [Klebsiella pneumoniae]	861	0	861	+	>1612535	2429	16	877	851	861	60	NM:i:10
gb|X98102|+|73-934|ARO:3001061|SHV-2A [Klebsiella pneumoniae]	861	0	861	+	>1612535	2429	16	877	856	861	60	NM:i:5
gb|KX092356.1|+|192-1053|ARO:3001062|SHV-3 [Klebsiella pneumoniae]	861	0	861	+	>1612535	2429	16	877	852	861	60	NM:i:9
gb|AY661885|+|48-909|ARO:3001088|SHV-30 [Enterobacter cloacae]	861	0	861	+	>1612535	2429	16	877	852	861	60	NM:i:9
gb|AY277255|+|66-927|ARO:3001089|SHV-31 [Klebsiella pneumoniae]	861	0	861	+	>1612535	2429	16	877	856	861	60	NM:i:5
gb|AY037778|+|91-952|ARO:3001090|SHV-32 [Klebsiella pneumoniae]	861	0	861	+	>1612535	2429	16	877	852	861	60	NM:i:9
gb|JX268631|+|0-861|ARO:3001091|SHV-33 [Klebsiella pneumoniae]	861	0	861	+	>1612535	2429	16	877	852	861	60	NM:i:9
gb|AY036620|+|88-949|ARO:3001092|SHV-34 [Escherichia coli]	861	0	861	+	>1612535	2429	16	877	851	861	60	NM:i:10
gb|AY070258|+|0-861|ARO:3001093|SHV-35 [Klebsiella pneumoniae]	861	0	861	+	>1612535	2429	16	877	853	861	60	NM:i:8
gb|AF467947|+|0-861|ARO:3001094|SHV-36 [Klebsiella pneumoniae]	861	0	861	+	>1612535	2429	16	877	854	861	60	NM:i:7
gb|AF467948|+|0-861|ARO:3001095|SHV-37 [Klebsiella pneumoniae]	861	0	861	+	>1612535	2429	16	877	851	861	60	NM:i:10
gb|AY079099|+|148-1009|ARO:3001096|SHV-38 [Klebsiella pneumoniae]	861	0	861	+	>1612535	2429	16	877	852	861	60	NM:i:9
gb|LT985229.1|+|36107-36968|ARO:3001063|SHV-4 [Escherichia coli]	861	0	861	+	>1612535	2429	16	877	854	861	60	NM:i:7
gb|AF535128|+|0-861|ARO:3001098|SHV-40 [Klebsiella pneumoniae]	861	0	861	+	>1612535	2429	16	877	853	861	60	NM:i:8
gb|AF535129|+|0-861|ARO:3001099|SHV-41 [Klebsiella pneumoniae]	861	0	861	+	>1612535	2429	16	877	852	861	60	NM:i:9
gb|AF535130|+|0-861|ARO:3001100|SHV-42 [Klebsiella pneumoniae]	861	0	861	+	>1612535	2429	16	877	852	861	60	NM:i:9
gb|AY065991|+|6-867|ARO:3001101|SHV-43 [Klebsiella pneumoniae]	861	0	861	+	>1612535	2429	16	877	848	861	60	NM:i:13
gb|AY259119|+|116-977|ARO:3001102|SHV-44 [Klebsiella pneumoniae]	861	0	861	+	>1612535	2429	16	877	852	861	60	NM:i:9
gb|AF547625|+|0-861|ARO:3001103|SHV-45 [Klebsiella pneumoniae]	861	0	861	+	>1612535	2429	16	877	854	861	60	NM:i:7
gb|AY210887|+|111-972|ARO:3001104|SHV-46 [Klebsiella oxytoca]	861	0	861	+	>1612535	2429	16	877	854	861	60	NM:i:7
gb|AY263404|+|0-861|ARO:3001105|SHV-48 [Klebsiella pneumoniae]	861	0	861	+	>1612535	2429	16	877	852	861	60	NM:i:9
gb|AY528718|+|413-1274|ARO:3001106|SHV-49 [Klebsiella pneumoniae]	861	0	861	+	>1612535	2429	16	877	853	861	60	NM:i:8
gb|X55640|+|111-972|ARO:3001064|SHV-5 [Klebsiella pneumoniae]	861	0	861	+	>1612535	2429	16	877	856	861	60	NM:i:5
gb|AY288915|+|0-861|ARO:3001107|SHV-50 [Klebsiella pneumoniae]	861	0	861	+	>1612535	2429	16	877	853	861	60	NM:i:8
gb|AY289548|+|0-861|ARO:3001108|SHV-51 [Klebsiella pneumoniae]	861	0	861	+	>1612535	2429	16	877	850	861	60	NM:i:11
gb|HQ845196|+|0-861|ARO:3001109|SHV-52 [Klebsiella pneumoniae]	861	0	861	+	>1612535	2429	16	877	849	861	60	NM:i:12
gb|AY590467|+|0-729|ARO:3001110|SHV-53 [Klebsiella pneumoniae] Partial	729	0	729	+	>1612535	2429	36	765	723	729	60	NM:i:6
gb|AJ863560|+|0-861|ARO:3001111|SHV-55 [Klebsiella pneumoniae]	861	0	861	+	>1612535	2429	16	877	852	861	60	NM:i:9
gb|EU586041|+|0-861|ARO:3001112|SHV-56 [Klebsiella pneumoniae]	861	0	861	+	>1612535	2429	16	877	853	861	60	NM:i:8
gb|AY223863|+|170-1031|ARO:3001113|SHV-57 [Escherichia coli]	861	0	861	+	>1612535	2429	16	877	853	861	60	NM:i:8
gb|AY790341|+|0-861|ARO:3001114|SHV-59 [Klebsiella pneumoniae]	861	0	861	+	>1612535	2429	16	877	851	861	60	NM:i:10
gb|Y11069|+|0-780|ARO:3001065|SHV-6 [Klebsiella pneumoniae]	780	0	780	+	>1612535	2429	46	826	773	780	60	NM:i:7
gb|AB302939|+|8-869|ARO:3001115|SHV-60 [Klebsiella pneumoniae]	861	0	861	+	>1612535	2429	16	877	855	861	60	NM:i:6
gb|AJ866284|+|0-861|ARO:3001116|SHV-61 [Klebsiella pneumoniae]	861	0	861	+	>1612535	2429	16	877	855	861	60	NM:i:6
gb|AJ866285|+|0-861|ARO:3001117|SHV-62 [Klebsiella pneumoniae]	861	0	861	+	>1612535	2429	16	877	852	861	60	NM:i:9
gb|EU342351|+|172-1033|ARO:3001118|SHV-63 [Klebsiella pneumoniae]	861	0	861	+	>1612535	2429	16	877	852	861	60	NM:i:9
gb|DQ174304|+|4-865|ARO:3001119|SHV-64 [Klebsiella pneumoniae]	861	0	861	+	>1612535	2429	16	877	857	861	60	NM:i:4
gb|DQ174305|+|4-865|ARO:3001120|SHV-65 [Klebsiella pneumoniae]	861	0	861	+	>1612535	2429	16	877	853	861	60	NM:i:8
gb|DQ174306|+|4-865|ARO:3001121|SHV-66 [Klebsiella pneumoniae]	861	0	861	+	>1612535	2429	16	877	858	861	60	NM:i:3
gb|DQ174307|+|4-865|ARO:3001122|SHV-67 [Klebsiella pneumoniae]	861	0	861	+	>1612535	2429	16	877	854	861	60	NM:i:7
gb|DQ174308|+|4-865|ARO:3001123|SHV-69 [Klebsiella pneumoniae]	861	0	861	+	>1612535	2429	16	877	854	861	60	NM:i:7
gb|U20270|+|124-985|ARO:3001066|SHV-7 [Escherichia coli]	861	0	861	+	>1612535	2429	16	877	853	861	60	NM:i:8
gb|DQ013287|+|0-861|ARO:3001124|SHV-70 [Enterobacter cloacae]	861	0	861	+	>1612535	2429	16	877	856	861	60	NM:i:5
gb|AM176546|+|0-861|ARO:3001125|SHV-71 [Klebsiella pneumoniae]	861	0	861	+	>1612535	2429	16	877	851	861	60	NM:i:10
gb|AM176547|+|30-891|ARO:3001126|SHV-72 [Klebsiella pneumoniae]	861	0	861	+	>1612535	2429	16	877	850	861	60	NM:i:11
gb|AM176548|+|16-874|ARO:3001127|SHV-73 [Klebsiella pneumoniae]	858	5	858	+	>1612535	2429	24	877	842	853	60	NM:i:11
gb|AM176549|+|30-891|ARO:3001128|SHV-74 [Klebsiella pneumoniae]	861	0	861	+	>1612535	2429	16	877	854	861	60	NM:i:7
gb|AM176550|+|30-891|ARO:3001129|SHV-75 [Klebsiella pneumoniae]	861	0	861	+	>1612535	2429	16	877	852	861	60	NM:i:9
gb|AM176551|+|30-891|ARO:3001130|SHV-76 [Klebsiella pneumoniae]	861	0	861	+	>1612535	2429	16	877	851	861	60	NM:i:10
gb|AM176552|+|30-891|ARO:3001131|SHV-77 [Klebsiella pneumoniae]	861	0	861	+	>1612535	2429	16	877	853	861	60	NM:i:8
gb|AM176553|+|30-891|ARO:3001132|SHV-78 [Klebsiella pneumoniae]	861	0	861	+	>1612535	2429	16	877	854	861	60	NM:i:7
gb|AM176554|+|30-891|ARO:3001133|SHV-79 [Klebsiella pneumoniae]	861	0	861	+	>1612535	2429	16	877	853	861	60	NM:i:8
gb|U92041|+|0-861|ARO:3001067|SHV-8 [Escherichia coli]	861	0	861	+	>1612535	2429	16	877	853	861	60	NM:i:8
gb|AM176555|+|0-861|ARO:3001134|SHV-80 [Klebsiella pneumoniae]	861	0	861	+	>1612535	2429	16	877	854	861	60	NM:i:7
gb|AM176556|+|25-886|ARO:3001135|SHV-81 [Klebsiella pneumoniae]	861	0	861	+	>1612535	2429	16	877	853	861	60	NM:i:8
gb|AM176557|+|0-861|ARO:3001136|SHV-82 [Klebsiella pneumoniae]	861	0	861	+	>1612535	2429	16	877	853	861	60	NM:i:8
gb|AM176558|+|0-861|ARO:3001137|SHV-83 [Klebsiella pneumoniae]	861	2	861	+	>1612535	2429	18	877	851	859	60	NM:i:8
gb|AM087453|+|25-856|ARO:3001138|SHV-84 [Escherichia coli]	831	0	831	+	>1612535	2429	16	847	822	831	60	NM:i:9
gb|DQ322460|+|15-876|ARO:3001139|SHV-85 [Klebsiella pneumoniae]	861	0	861	+	>1612535	2429	16	877	853	861	60	NM:i:8
gb|DQ328802|+|0-861|ARO:3001140|SHV-86 [Klebsiella pneumoniae]	861	0	861	+	>1612535	2429	16	877	857	861	60	NM:i:4
gb|DQ193536|+|0-861|ARO:3001141|SHV-89 [Klebsiella pneumoniae]	861	0	861	+	>1612535	2429	16	877	853	861	60	NM:i:8
gb|S82452|+|120-978|ARO:3001068|SHV-9 [Klebsiella pneumoniae]	858	0	858	+	>1612535	2429	16	877	847	861	60	NM:i:14
gb|DQ836922|+|0-861|ARO:3001144|SHV-92 [Klebsiella pneumoniae]	861	0	861	+	>1612535	2429	16	877	850	861	60	NM:i:11
gb|EF373969|+|0-861|ARO:3001145|SHV-93 [Klebsiella pneumoniae]	861	0	861	+	>1612535	2429	16	877	852	861	60	NM:i:9
gb|EF373970|+|0-861|ARO:3001146|SHV-94 [Klebsiella pneumoniae]	861	0	861	+	>1612535	2429	16	877	853	861	60	NM:i:8
gb|EF373972|+|0-861|ARO:3001147|SHV-95 [Citrobacter freundii]	861	0	861	+	>1612535	2429	16	877	852	861	60	NM:i:9
gb|EF373971|+|0-861|ARO:3001148|SHV-96 [Acinetobacter baumannii]	861	0	861	+	>1612535	2429	16	877	853	861	60	NM:i:8
gb|EF373973|+|0-861|ARO:3001149|SHV-97 [Enterococcus faecalis]	861	0	861	+	>1612535	2429	16	877	854	861	60	NM:i:7
gb|AM941844|+|0-861|ARO:3001336|SHV-98 [Klebsiella pneumoniae]	861	0	861	+	>1612535	2429	16	877	854	861	60	NM:i:7
gb|AM941845|+|0-861|ARO:3001337|SHV-99 [Klebsiella pneumoniae]	861	0	861	+	>1612535	2429	16	877	851	861	60	NM:i:10
gb|AE016879.1|+|2933334-2933889|ARO:3005045|SatA [Bacillus anthracis str. Ames]	555	0	555	+	<55223072<247433	1728	50	605	555	555	60	NM:i:0
gb|AL513383|+|161910-162771|ARO:3000873|TEM-1 [Salmonella enterica subsp. enterica serovar Typhi str. CT18]	861	0	861	+	<3478183	925	46	907	857	861	60	NM:i:4
gb|AF093512|+|197-1058|ARO:3000882|TEM-10 [Morganella morganii]	861	0	861	+	<3478183	925	46	907	854	861	60	NM:i:7
gb|AF495873|+|0-861|ARO:3000964|TEM-101 [Escherichia coli]	861	0	861	+	<3478183	925	46	907	856	861	60	NM:i:5
gb|AY040093|+|68-929|ARO:3000965|TEM-102 [Plasmid pWW100]	861	0	861	+	<3478183	925	46	907	846	861	60	NM:i:15
gb|AF516719|+|214-1075|ARO:3000967|TEM-104 [Klebsiella pneumoniae]	861	0	861	+	<3478183	925	46	907	854	861	60	NM:i:7
gb|AF516720|+|214-1075|ARO:3000968|TEM-105 [Escherichia coli]	861	0	861	+	<3478183	925	46	907	855	861	60	NM:i:6
gb|AY101578|+|214-1075|ARO:3000969|TEM-106 [Escherichia coli]	861	0	861	+	<3478183	925	46	907	854	861	60	NM:i:7
gb|AY101764|+|206-1067|ARO:3000970|TEM-107 [Klebsiella pneumoniae]	861	0	861	+	<3478183	925	46	907	852	861	60	NM:i:9
gb|AF506748|+|38-899|ARO:3000971|TEM-108 [Salmonella enterica subsp. enterica serovar Typhimurium]	861	8	861	+	<3478183	925	54	907	845	853	60	NM:i:8
gb|AY628175|+|210-1071|ARO:3000972|TEM-109 [Escherichia coli]	861	0	861	+	<3478183	925	46	907	854	861	60	NM:i:7
gb|AY874537|+|177-1038|ARO:3000883|TEM-11 [Proteus mirabilis]	861	0	861	+	<3478183	925	46	907	859	861	60	NM:i:2
gb|AY072920|+|0-861|ARO:3000973|TEM-110 [Klebsiella pneumoniae]	861	0	861	+	<3478183	925	46	907	859	861	60	NM:i:2
gb|AF468003|+|0-861|ARO:3000974|TEM-111 [Escherichia coli]	861	0	861	+	<3478183	925	46	907	858	861	60	NM:i:3
gb|AY589493|+|166-1027|ARO:3000975|TEM-112 [Escherichia coli]	861	0	861	+	<3478183	925	46	907	855	861	60	NM:i:6
gb|AY589494|+|193-1054|ARO:3000976|TEM-113 [Proteus mirabilis]	861	0	861	+	<3478183	925	46	907	856	861	60	NM:i:5
gb|AY589495|+|181-1042|ARO:3000977|TEM-114 [Klebsiella aerogenes]	861	0	861	+	<3478183	925	46	907	857	861	60	NM:i:4
gb|AF535127|+|208-1069|ARO:3000978|TEM-115 [Klebsiella pneumoniae]	861	0	861	+	<3478183	925	46	907	858	861	60	NM:i:3
gb|U36911.1|+|1429-2290|ARO:3000979|TEM-116 [Staphylococcus aureus]	861	0	861	+	<3478183	925	46	907	855	861	60	NM:i:6
gb|AY130282|+|0-764|ARO:3000980|TEM-117 [Escherichia coli] Partial	764	0	764	+	<3478183	925	82	846	761	764	60	NM:i:3
gb|AY130285|+|0-785|ARO:3000981|TEM-118 [Klebsiella oxytoca] Partial	785	0	785	+	<3478183	925	82	867	783	785	60	NM:i:2
gb|M88143|+|367-1228|ARO:3000884|TEM-12 [Klebsiella oxytoca]	861	0	861	+	<3478183	925	46	907	860	861	60	NM:i:1
gb|AY243512|+|208-1069|ARO:3000982|TEM-120 [Klebsiella oxytoca]	861	0	861	+	<3478183	925	46	907	858	861	60	NM:i:3
gb|AY271267|+|0-861|ARO:3000983|TEM-121 [Escherichia coli]	861	0	861	+	<3478183	925	46	907	854	861	60	NM:i:7
gb|AY307100|+|0-861|ARO:3000984|TEM-122 [Escherichia coli]	861	0	861	+	<3478183	925	46	907	856	861	60	NM:i:5
gb|AY327539|+|0-858|ARO:3000985|TEM-123 [Proteus mirabilis]	858	0	858	+	<3478183	925	46	907	852	861	60	NM:i:9
gb|AY327540|+|0-858|ARO:3000986|TEM-124 [Morganella morganii]	858	0	858	+	<3478183	925	46	907	848	861	60	NM:i:13
gb|AY628176|+|75-936|ARO:3000987|TEM-125 [Escherichia coli]	861	0	861	+	<3478183	925	46	907	854	861	60	NM:i:7
gb|AY628199|+|203-1064|ARO:3000988|TEM-126 [Escherichia coli]	861	0	861	+	<3478183	925	46	907	854	861	60	NM:i:7
gb|AY368236|+|0-861|ARO:3000989|TEM-127 [Escherichia coli]	861	0	861	+	<3478183	925	46	907	855	861	60	NM:i:6
gb|AY368237|+|0-861|ARO:3000990|TEM-128 [Escherichia coli]	861	0	861	+	<3478183	925	46	907	855	861	60	NM:i:6
gb|AJ746225|+|0-861|ARO:3000993|TEM-129 [Klebsiella oxytoca]	861	0	861	+	<3478183	925	46	907	857	861	60	NM:i:4
gb|AJ866988|+|0-861|ARO:3000994|TEM-130 [Klebsiella pneumoniae]	861	0	861	+	<3478183	925	46	907	853	861	60	NM:i:8
gb|AY436361|+|131-992|ARO:3000995|TEM-131 [Salmonella enterica subsp. enterica serovar Typhimurium]	861	0	861	+	<3478183	925	46	907	855	861	60	NM:i:6
gb|AY491682|+|0-861|ARO:3000996|TEM-132 [Klebsiella pneumoniae]	861	0	861	+	<3478183	925	46	907	853	861	60	NM:i:8
gb|AY528425|+|0-861|ARO:3000997|TEM-133 [Klebsiella pneumoniae]	861	0	861	+	<3478183	925	46	907	857	861	60	NM:i:4
gb|AY574271|+|0-861|ARO:3000998|TEM-134 [Citrobacter koseri]	861	0	861	+	<3478183	925	46	907	857	861	60	NM:i:4
gb|AJ634602.1|-|7839-8700|ARO:3000999|TEM-135 [Salmonella enterica subsp. enterica serovar Typhimurium]	861	0	861	+	<3478183	925	46	907	855	861	60	NM:i:6
gb|AY826417|+|0-861|ARO:3001000|TEM-136 [Klebsiella pneumoniae]	861	0	861	+	<3478183	925	46	907	853	861	60	NM:i:8
gb|AM286274|+|0-861|ARO:3001001|TEM-137 [Shigella sonnei]	861	0	861	+	<3478183	925	46	907	858	861	60	NM:i:3
gb|AY853593|+|214-1075|ARO:3001002|TEM-138 [Salmonella enterica]	861	0	861	+	<3478183	925	46	907	858	861	60	NM:i:3
gb|DQ072853|+|0-861|ARO:3001003|TEM-139 [Klebsiella pneumoniae]	861	0	861	+	<3478183	925	46	907	856	861	60	NM:i:5
gb|AY956335|+|38-899|ARO:3001004|TEM-141 [Enterobacter cloacae]	861	0	861	+	<3478183	925	46	907	856	861	60	NM:i:5
gb|DQ388882|+|0-861|ARO:3001005|TEM-142 [Escherichia coli]	861	0	861	+	<3478183	925	46	907	857	861	60	NM:i:4
gb|DQ075245|+|217-1078|ARO:3001006|TEM-143 [Escherichia coli]	861	0	861	+	<3478183	925	46	907	855	861	60	NM:i:6
gb|AM049399|+|0-861|ARO:3001007|TEM-144 [Salmonella enterica subsp. enterica serovar Derby]	861	0	861	+	<3478183	925	46	907	854	861	60	NM:i:7
gb|DQ105528|+|0-861|ARO:3001012|TEM-145 [Escherichia coli]	861	0	861	+	<3478183	925	46	907	854	861	60	NM:i:7
gb|DQ105529|+|0-861|ARO:3001013|TEM-146 [Escherichia coli]	861	0	861	+	<3478183	925	46	907	855	861	60	NM:i:6
gb|DQ279850|+|0-861|ARO:3001014|TEM-147 [Pseudomonas aeruginosa]	861	0	861	+	<3478183	925	46	907	855	861	60	NM:i:6
gb|AM087454|+|208-1069|ARO:3001015|TEM-148 [Escherichia coli]	861	0	861	+	<3478183	925	46	907	855	861	60	NM:i:6
gb|DQ369751|+|0-861|ARO:3001016|TEM-149 [Klebsiella aerogenes]	861	0	861	+	<3478183	925	46	907	857	861	60	NM:i:4
gb|AM849805|+|262-1123|ARO:3000886|TEM-15 [Haemophilus parainfluenzae]	861	0	861	+	<3478183	925	46	907	854	861	60	NM:i:7
gb|AM183304|+|208-1069|ARO:3001017|TEM-150 [Escherichia coli]	861	0	861	+	<3478183	925	46	907	856	861	60	NM:i:5
gb|DQ834729|+|205-1066|ARO:3001018|TEM-151 [Escherichia coli]	861	0	861	+	<3478183	925	46	907	857	861	60	NM:i:4
gb|DQ834728|+|205-1066|ARO:3001019|TEM-152 [Escherichia coli]	861	0	861	+	<3478183	925	46	907	857	861	60	NM:i:4
gb|KC149518|+|0-861|ARO:3001369|TEM-153 [Escherichia coli]	861	0	861	+	<3478183	925	46	907	855	861	60	NM:i:6
gb|FJ807656|+|0-861|ARO:3001020|TEM-154 [Escherichia coli]	861	0	861	+	<3478183	925	46	907	855	861	60	NM:i:6
gb|DQ679961|+|114-975|ARO:3001021|TEM-155 [Proteus mirabilis]	861	0	861	+	<3478183	925	46	907	856	861	60	NM:i:5
gb|AM941159|+|208-1069|ARO:3001022|TEM-156 [Proteus mirabilis]	861	0	861	+	<3478183	925	46	907	856	861	60	NM:i:5
gb|DQ909059|+|0-861|ARO:3001023|TEM-157 [Enterobacter cloacae]	861	0	861	+	<3478183	925	46	907	853	861	60	NM:i:8
gb|EF534736|+|213-1074|ARO:3001024|TEM-158 [Escherichia coli]	861	0	861	+	<3478183	925	46	907	853	861	60	NM:i:8
gb|EF136376|+|0-861|ARO:3001025|TEM-159 [Proteus mirabilis]	861	0	861	+	<3478183	925	46	907	857	861	60	NM:i:4
gb|X65254|+|175-1036|ARO:3000887|TEM-16 [Klebsiella pneumoniae]	861	0	861	+	<3478183	925	46	907	858	861	60	NM:i:3
gb|EF136377|+|0-861|ARO:3001026|TEM-160 [Proteus mirabilis]	861	0	861	+	<3478183	925	46	907	859	861	60	NM:i:2
gb|EF468463|+|66-927|ARO:3001028|TEM-162 [Acinetobacter haemolyticus]	861	0	861	+	<3478183	925	46	907	849	861	60	NM:i:12
gb|EU815939|+|0-861|ARO:3001029|TEM-163 [Escherichia coli]	861	0	861	+	<3478183	925	46	907	855	861	60	NM:i:6
gb|EU274580|+|214-1075|ARO:3001030|TEM-164 [Klebsiella pneumoniae]	861	0	861	+	<3478183	925	46	907	854	861	60	NM:i:7
gb|FJ197316|+|0-861|ARO:3001032|TEM-166 [Escherichia coli]	861	0	861	+	<3478183	925	46	907	855	861	60	NM:i:6
gb|FJ360884|+|213-1074|ARO:3001033|TEM-167 [Escherichia coli]	861	0	861	+	<3478183	925	46	907	856	861	60	NM:i:5
gb|FJ919776|+|208-1069|ARO:3001034|TEM-168 [Escherichia coli]	861	0	861	+	<3478183	925	46	907	856	861	60	NM:i:5
gb|FJ873740|+|0-858|ARO:3001035|TEM-169 [Salmonella enterica subsp. enterica serovar Infantis]	858	0	858	+	<3478183	925	46	904	852	858	60	NM:i:6
gb|Y14574|+|0-861|ARO:3000888|TEM-17 [Capnocytophaga ochracea]	861	0	861	+	<3478183	925	46	907	854	861	60	NM:i:7
gb|GQ149347|+|5269-6130|ARO:3001037|TEM-171 [Escherichia coli]	861	0	861	+	<3478183	925	46	907	856	861	60	NM:i:5
gb|GU550123|+|144-1005|ARO:3001041|TEM-176 [Escherichia coli]	861	0	861	+	<3478183	925	46	907	855	861	60	NM:i:6
gb|FN652295|+|0-861|ARO:3001042|TEM-177 [Proteus mirabilis]	861	0	861	+	<3478183	925	46	907	853	861	60	NM:i:8
gb|X97254|+|153-1011|ARO:3001043|TEM-178 [Serratia marcescens]	858	0	858	+	<3478183	925	46	907	844	862	60	NM:i:18
gb|NG_050218.1|+|0-1061|ARO:3001044|TEM-181 [Bacteria] Partial	1061	8	1061	+	<21221991>21221993<3478183<50639855	1108	8	1061	1048	1053	60	NM:i:5
gb|HQ317449|+|0-861|ARO:3001373|TEM-182 [Haemophilus parainfluenzae]	861	0	861	+	<3478183	925	46	907	853	861	60	NM:i:8
gb|HQ529916|+|110-971|ARO:3001045|TEM-183 [Klebsiella pneumoniae]	861	0	861	+	<3478183	925	46	907	856	861	60	NM:i:5
gb|FR848831|+|0-861|ARO:3001375|TEM-184 [Escherichia coli]	861	0	861	+	<3478183	925	46	907	855	861	60	NM:i:6
gb|JF795538|+|0-861|ARO:3001374|TEM-185 [Escherichia coli]	861	0	861	+	<3478183	925	46	907	858	861	60	NM:i:3
gb|JN227084|+|308-1169|ARO:3001046|TEM-186 [Escherichia coli]	861	0	861	+	<3478183	925	46	907	855	861	60	NM:i:6
gb|HM246246|+|211-1069|ARO:3001047|TEM-187 [Proteus mirabilis]	858	0	858	+	<3478183	925	46	904	853	858	60	NM:i:5
gb|JN211012|+|213-1074|ARO:3001048|TEM-188 [Salmonella enterica]	861	0	861	+	<3478183	925	46	907	858	861	60	NM:i:3
gb|JN254627|+|0-861|ARO:3001049|TEM-189 [Escherichia coli]	861	0	861	+	<3478183	925	46	907	855	861	60	NM:i:6
gb|JX042489|+|141-1002|ARO:3000890|TEM-19 [Acinetobacter baumannii]	861	0	861	+	<3478183	925	46	907	860	861	60	NM:i:1
gb|JN416112|+|0-861|ARO:3001050|TEM-190 [Escherichia coli]	861	0	861	+	<3478183	925	46	907	858	861	60	NM:i:3
gb|KY432484.1|+|0-861|ARO:3001051|TEM-191 [Acinetobacter baumannii]	861	0	861	+	<3478183	925	46	907	860	861	60	NM:i:1
gb|JF949915|+|0-754|ARO:3001052|TEM-192 [Klebsiella pneumoniae]	753	0	753	+	<3478183	925	76	829	748	753	60	NM:i:5
gb|JN935135|+|0-861|ARO:3001053|TEM-193 [Acinetobacter baumannii]	861	0	861	+	<3478183	925	46	907	848	862	60	NM:i:14
gb|JN935136|+|0-861|ARO:3001054|TEM-194 [Acinetobacter baumannii]	861	0	861	+	<3478183	925	46	907	843	861	60	NM:i:18
gb|JN935137|+|0-861|ARO:3001055|TEM-195 [Acinetobacter baumannii]	861	0	861	+	<3478183	925	46	907	852	861	60	NM:i:9
gb|JQ034306|+|0-861|ARO:3001376|TEM-196 [Shigella sonnei]	861	0	861	+	<3478183	925	46	907	854	861	60	NM:i:7
gb|HQ877606|+|0-861|ARO:3001056|TEM-197 [Klebsiella pneumoniae]	861	0	861	+	<3478183	925	46	907	854	861	60	NM:i:7
gb|AB700703|+|161-1022|ARO:3001057|TEM-198 [Klebsiella pneumoniae]	861	0	861	+	<3478183	925	46	907	855	861	60	NM:i:6
gb|JX050178|+|0-853|ARO:3001058|TEM-199 [Proteus mirabilis] Partial	853	0	853	+	<3478183	925	54	907	849	853	60	NM:i:4
gb|X54606|+|214-1075|ARO:3000874|TEM-2 [Pseudomonas aeruginosa]	861	0	861	+	<3478183	925	46	907	860	861	60	NM:i:1
gb|Y17581|+|78-936|ARO:3000891|TEM-20 [Klebsiella pneumoniae]	858	0	858	+	<3478183	925	46	904	856	858	60	NM:i:2
gb|JX310327|+|0-861|ARO:3001378|TEM-201 [Escherichia coli]	861	0	861	+	<3478183	925	46	907	854	861	60	NM:i:7
gb|KC900516|+|0-858|ARO:3001382|TEM-205 [Pseudomonas aeruginosa]	858	0	858	+	<3478183	925	46	904	850	858	60	NM:i:8
gb|KC783461|+|0-861|ARO:3001383|TEM-206 [Escherichia coli]	861	0	861	+	<3478183	925	46	907	855	861	60	NM:i:6
gb|KC818234|+|0-861|ARO:3001384|TEM-207 [Escherichia coli]	861	0	861	+	<3478183	925	46	907	855	861	60	NM:i:6
gb|KC865667|+|183-1044|ARO:3001385|TEM-208 [Escherichia coli]	861	0	861	+	<3478183	925	46	907	855	861	60	NM:i:6
gb|KF240808|+|0-861|ARO:3001386|TEM-209 [Klebsiella pneumoniae]	861	0	861	+	<3478183	925	46	907	856	861	60	NM:i:5
gb|Y17582|+|0-858|ARO:3000892|TEM-21 [Klebsiella pneumoniae]	858	0	858	+	<3478183	925	46	904	854	858	60	NM:i:4
gb|KF513179|+|0-861|ARO:3001388|TEM-211 [Proteus mirabilis]	861	0	861	+	<3478183	925	46	907	855	861	60	NM:i:6
gb|KF663615|+|0-858|ARO:3001390|TEM-213 [Pseudomonas aeruginosa]	858	0	858	+	<3478183	925	46	904	854	858	60	NM:i:4
gb|KP050491|+|0-861|ARO:3001391|TEM-214 [Escherichia coli]	861	0	861	+	<3478183	925	46	907	855	861	60	NM:i:6
gb|KP050492|+|0-861|ARO:3001392|TEM-215 [Escherichia coli]	861	0	861	+	<3478183	925	46	907	855	861	60	NM:i:6
gb|KF944358|+|0-861|ARO:3001393|TEM-216 [Escherichia coli]	861	0	861	+	<3478183	925	46	907	854	861	60	NM:i:7
gb|HG934763|+|0-861|ARO:3001394|TEM-217 [Enterobacter cloacae]	861	0	861	+	<3478183	925	46	907	855	861	60	NM:i:6
gb|KM114268|+|0-861|ARO:3003157|TEM-219 [Escherichia coli]	861	0	861	+	<3478183	925	46	907	855	861	60	NM:i:6
gb|Y17583|+|213-1071|ARO:3000893|TEM-22 [Klebsiella pneumoniae]	858	0	858	+	<3478183	925	46	904	854	858	60	NM:i:4
gb|KM998962.1|+|0-861|ARO:3003158|TEM-220 [Neisseria gonorrhoeae]	861	0	861	+	<3478183	925	46	907	854	861	60	NM:i:7
gb|X65253|+|175-1036|ARO:3000894|TEM-24 [Klebsiella pneumoniae]	861	0	861	+	<3478183	925	46	907	854	861	60	NM:i:7
gb|NG_050256.1|+|100-961|ARO:3000896|TEM-26 [Enterobacteriaceae]	861	0	861	+	<3478183	925	46	907	855	861	60	NM:i:6
gb|U37195|+|75-936|ARO:3000898|TEM-28 [Escherichia coli]	861	0	861	+	<3478183	925	46	907	854	861	60	NM:i:7
gb|Y17584|+|0-858|ARO:3000899|TEM-29 [Escherichia coli]	858	0	858	+	<3478183	925	46	904	853	858	60	NM:i:5
gb|X64523.1|-|476-1337|ARO:3000875|TEM-3 [Klebsiella pneumoniae]	861	0	861	+	<3478183	925	46	907	858	861	60	NM:i:3
gb|AJ437107|+|208-1069|ARO:3000900|TEM-30 [Escherichia coli]	861	0	861	+	<3478183	925	46	907	855	861	60	NM:i:6
gb|GU371926|-|50304-51165|ARO:3000903|TEM-33 [Escherichia coli]	861	0	861	+	<3478183	925	46	907	855	861	60	NM:i:6
gb|KC292503|+|4334-5195|ARO:3000904|TEM-34 [Haemophilus parainfluenzae]	861	0	861	+	<3478183	925	46	907	855	861	60	NM:i:6
gb|LK391770.1|+|19707-20568|ARO:3000876|TEM-4 [Klebsiella pneumoniae]	861	0	861	+	<3478183	925	46	907	857	861	60	NM:i:4
gb|FR717535|+|0-861|ARO:3000910|TEM-40 [Escherichia coli]	861	0	861	+	<3478183	925	46	907	857	861	60	NM:i:4
gb|X98047|+|0-844|ARO:3000911|TEM-42 [Pseudomonas aeruginosa]	843	0	843	+	<3478183	925	55	898	838	843	60	NM:i:5
gb|U95363|+|0-861|ARO:3000912|TEM-43 [Klebsiella pneumoniae]	861	0	861	+	<3478183	925	46	907	854	861	60	NM:i:7
gb|X95401|+|208-1069|ARO:3000914|TEM-45 [Escherichia coli]	861	0	861	+	<3478183	925	46	907	859	861	60	NM:i:2
gb|Y10279|+|0-861|ARO:3000916|TEM-47 [Klebsiella pneumoniae]	861	0	861	+	<3478183	925	46	907	856	861	60	NM:i:5
gb|Y10280|+|0-861|ARO:3000917|TEM-48 [Klebsiella pneumoniae]	861	0	861	+	<3478183	925	46	907	857	861	60	NM:i:4
gb|Y10281|+|0-861|ARO:3000918|TEM-49 [Escherichia coli]	861	0	861	+	<3478183	925	46	907	856	861	60	NM:i:5
gb|Y13612|+|0-861|ARO:3000921|TEM-52 [Klebsiella pneumoniae]	861	0	861	+	<3478183	925	46	907	854	861	60	NM:i:7
gb|AF104441|+|193-1054|ARO:3000922|TEM-53 [Klebsiella pneumoniae]	861	0	861	+	<3478183	925	46	907	859	861	60	NM:i:2
gb|AF104442|+|193-1054|ARO:3000923|TEM-54 [Escherichia coli]	861	0	861	+	<3478183	925	46	907	856	861	60	NM:i:5
gb|DQ286729|+|0-861|ARO:3000924|TEM-55 [Escherichia coli]	861	0	861	+	<3478183	925	46	907	856	861	60	NM:i:5
gb|FJ405211|+|0-861|ARO:3000926|TEM-57 [Escherichia coli]	861	0	861	+	<3478183	925	46	907	856	861	60	NM:i:5
gb|AF062386|+|30-862|ARO:3000928|TEM-59 [Klebsiella oxytoca]	831	0	831	+	<3478183	925	46	877	829	831	60	NM:i:2
gb|X57972|+|339-1200|ARO:3000878|TEM-6 [Escherichia coli]	861	0	861	+	<3478183	925	46	907	855	861	60	NM:i:6
gb|AF047171|+|135-996|ARO:3000929|TEM-60 [Providencia stuartii]	861	0	861	+	<3478183	925	46	907	851	861	60	NM:i:10
gb|AF332513|+|103-964|ARO:3000931|TEM-63 [Escherichia coli]	861	0	861	+	<3478183	925	46	907	855	861	60	NM:i:6
gb|AF091113|+|450-1311|ARO:3000934|TEM-67 [Proteus mirabilis]	861	0	861	+	<3478183	925	46	907	858	861	60	NM:i:3
gb|AJ239002|+|0-861|ARO:3000935|TEM-68 [Klebsiella pneumoniae]	861	0	861	+	<3478183	925	46	907	855	861	60	NM:i:6
gb|AF527798.1|+|0-785|ARO:3000879|TEM-7 [Escherichia coli] Partial	785	0	785	+	<3478183	925	82	867	783	785	60	NM:i:2
gb|AF188199|+|214-1075|ARO:3000936|TEM-70 [Escherichia coli]	861	0	861	+	<3478183	925	46	907	855	861	60	NM:i:6
gb|AF203816|+|210-1071|ARO:3000937|TEM-71 [Klebsiella pneumoniae]	861	0	861	+	<3478183	925	46	907	859	861	60	NM:i:2
gb|AF157553|+|147-1008|ARO:3000938|TEM-72 [Morganella morganii]	861	0	861	+	<3478183	925	46	907	857	861	60	NM:i:4
gb|AJ012256|+|208-1069|ARO:3000939|TEM-73 [Proteus mirabilis]	861	0	861	+	<3478183	925	46	907	856	861	60	NM:i:5
gb|AY130284|+|0-785|ARO:3000941|TEM-75 [Klebsiella pneumoniae] Partial	785	0	785	+	<3478183	925	82	867	782	785	60	NM:i:3
gb|AF190694|+|208-1069|ARO:3000942|TEM-76 [Escherichia coli]	861	0	861	+	<3478183	925	46	907	855	861	60	NM:i:6
gb|AF190693|+|208-1069|ARO:3000944|TEM-78 [Escherichia coli]	861	0	861	+	<3478183	925	46	907	858	861	60	NM:i:3
gb|AF190692|+|208-1069|ARO:3000946|TEM-79 [Escherichia coli]	861	0	861	+	<3478183	925	46	907	854	861	60	NM:i:7
gb|X65252|+|175-1036|ARO:3000880|TEM-8 [Klebsiella pneumoniae]	861	0	861	+	<3478183	925	46	907	857	861	60	NM:i:4
gb|AF347054|+|208-1069|ARO:3000947|TEM-80 [Enterobacter cloacae]	861	0	861	+	<3478183	925	46	907	854	861	60	NM:i:7
gb|AF427127|+|208-1069|ARO:3000948|TEM-81 [Escherichia coli]	861	0	861	+	<3478183	925	46	907	855	861	60	NM:i:6
gb|AF427128|+|208-1069|ARO:3000949|TEM-82 [Escherichia coli]	861	0	861	+	<3478183	925	46	907	855	861	60	NM:i:6
gb|AF427129|+|208-1069|ARO:3000950|TEM-83 [Escherichia coli]	861	0	861	+	<3478183	925	46	907	858	861	60	NM:i:3
gb|AF427130|+|208-1069|ARO:3000951|TEM-84 [Escherichia coli]	861	0	861	+	<3478183	925	46	907	860	861	60	NM:i:1
gb|AJ277414|+|0-861|ARO:3000952|TEM-85 [Klebsiella pneumoniae]	861	0	861	+	<3478183	925	46	907	857	861	60	NM:i:4
gb|AJ277415|+|0-861|ARO:3000953|TEM-86 [Klebsiella pneumoniae]	861	0	861	+	<3478183	925	46	907	856	861	60	NM:i:5
gb|AF250872|+|0-861|ARO:3000954|TEM-87 [Proteus mirabilis]	861	0	861	+	<3478183	925	46	907	856	861	60	NM:i:5
gb|AY027590|+|112-973|ARO:3000955|TEM-88 [Klebsiella pneumoniae]	861	0	861	+	<3478183	925	46	907	852	861	60	NM:i:9
gb|AY039040|+|188-1022|ARO:3000956|TEM-89 [Proteus mirabilis]	834	0	834	+	<3478183	925	46	880	830	834	60	NM:i:4
gb|AF351241|+|89-950|ARO:3000957|TEM-90 [Escherichia coli]	861	0	861	+	<3478183	925	46	907	856	861	60	NM:i:5
gb|AB049569|+|0-861|ARO:3000958|TEM-91 [Escherichia coli]	861	0	861	+	<3478183	925	46	907	855	861	60	NM:i:6
gb|AF143804|+|0-861|ARO:3000959|TEM-92 [Proteus mirabilis]	861	0	861	+	<3478183	925	46	907	857	861	60	NM:i:4
gb|AJ318093|+|0-861|ARO:3000960|TEM-93 [Escherichia coli]	861	0	861	+	<3478183	925	46	907	854	861	60	NM:i:7
gb|AJ318094|+|0-861|ARO:3000961|TEM-94 [Escherichia coli]	861	0	861	+	<3478183	925	46	907	856	861	60	NM:i:5
gb|AJ308558|+|181-1042|ARO:3000962|TEM-95 [Escherichia coli]	861	0	861	+	<3478183	925	46	907	855	861	60	NM:i:6
gb|AY092401|+|0-861|ARO:3000963|TEM-96 [Escherichia coli]	861	0	861	+	<3478183	925	46	907	856	861	60	NM:i:5
gb|AF441287|+|260-1007|ARO:3000844|TUS-1_beta-lactamase [Myroides odoratus DSM 2801]	747	0	747	+	<1531004	36736	12189	12936	747	747	60	NM:i:0
gb|AE003852.1|+|1674272-1675445|ARO:3004289|Vibrio_cholerae_varG [Vibrio cholerae O1 biovar El Tor str. N16961]	1173	0	1173	+	<51789923	1994	676	1849	1173	1173	60	NM:i:0
gb|AF550679.1|-|80976-81768|ARO:3002601|aadA [Escherichia coli]	792	0	792	+	<104600	2170	10	802	792	792	60	NM:i:0
gb|U37105.2|+|2806-3640|ARO:3004692|aadA10 [Pseudomonas aeruginosa]	834	0	834	+	>104604	2342	1476	2310	833	834	60	NM:i:1
gb|DQ393783|+|1799-2591|ARO:3002615|aadA15 [Pseudomonas aeruginosa]	792	0	792	+	<104600	2170	10	802	764	792	60	NM:i:28
gb|FJ460181|+|1790-2582|ARO:3002617|aadA17 [Aeromonas media]	792	0	792	+	<104600	2170	10	802	739	792	60	NM:i:53
gb|AF156486|+|5012-5792|ARO:3002602|aadA2 [Klebsiella pneumoniae]	780	8	780	+	<104600	2170	30	802	692	772	60	NM:i:80
gb|AY171244|+|46-838|ARO:3002618|aadA21 [Salmonella enterica subsp. enterica serovar Typhimurium]	792	0	792	+	<104600	2170	10	802	771	792	60	NM:i:21
gb|AM261837|+|73-865|ARO:3002619|aadA22 [Salmonella enterica subsp. enterica serovar Typhimurium]	792	0	792	+	<104600	2170	10	802	772	792	60	NM:i:20
gb|AJ809407|+|118-898|ARO:3002620|aadA23 [Salmonella enterica subsp. enterica serovar Agona]	780	8	780	+	<104600	2170	30	802	756	772	60	NM:i:16
gb|DQ677333|+|0-780|ARO:3002621|aadA24 [Salmonella enterica subsp. enterica serovar Newport]	780	8	780	+	<104600	2170	30	802	761	772	60	NM:i:11
gb|CP003022|+|336788-337580|ARO:3003197|aadA25 [Pasteurella multocida 36950]	792	0	792	+	<104600	2170	10	802	741	792	60	NM:i:51
gb|AF047479|+|1295-2087|ARO:3002603|aadA3 [Plasmid NR79]	792	0	792	+	<104600	2170	10	802	717	792	60	NM:i:75
gb|AY139603|+|106-898|ARO:3002608|aadA8 [uncultured bacterium]	792	0	792	+	<104600	2170	10	802	733	792	60	NM:i:59
gb|AM040708.1|+|1173-1965|ARO:3004704|aadA8b [Escherichia coli]	792	0	792	+	<104600	2170	10	802	733	792	60	NM:i:59
gb|AL009126|-|2735681-2736536|ARO:3002627|aadK [Bacillus subtilis subsp. subtilis str. 168]	855	0	855	+	>3873945	4118	2991	3846	842	855	60	NM:i:13
gb|GU437214.1|+|0-774|ARO:3000858|armA [Pseudomonas aeruginosa]	774	0	774	+	>638787	7808	137	911	774	774	60	NM:i:0
gb|AE004091.2|+|3982020-3984009|ARO:3002985|arnA [Pseudomonas aeruginosa PAO1]	1989	0	1989	+	>245411	27146	295	2284	1979	1989	60	NM:i:10
gb|U00096.3|-|3203309-3204131|ARO:3002986|bacA [Escherichia coli str. K-12 substr. MG1655]	822	0	822	+	<248330	7311	2132	2954	810	822	60	NM:i:12
gb|JQ340365|+|0-1434|ARO:3003583|basS [Pseudomonas aeruginosa]	1434	0	1434	+	>239113	42699	8458	9892	1415	1434	60	NM:i:19
gb|AY123251.1|+|811-1444|ARO:3002680|catB8 [Salmonella enterica subsp. enterica serovar Typhi]	633	0	633	+	>104606	1456	724	1357	633	633	60	NM:i:0
gb|AF462019|+|26-656|ARO:3002681|catB9 [Vibrio cholerae]	630	0	630	+	<3840299	1334	656	1286	630	630	60	NM:i:0
gb|U15027|+|0-624|ARO:3002686|catP [Clostridium perfringens]	624	0	624	+	>5332739	8518	371	995	624	624	60	NM:i:0
gb|CP006845.1|+|539695-540745|ARO:3002814|clbA [Bacillus amyloliquefaciens CC178]	1050	388	869	+	<55015572	481	0	481	467	481	60	NM:i:14
gb|CP006845.1|+|539695-540745|ARO:3002814|clbA [Bacillus amyloliquefaciens CC178]	1050	113	472	+	<55015570	359	1	359	338	359	60	NM:i:21
gb|CP006845.1|+|539695-540745|ARO:3002814|clbA [Bacillus amyloliquefaciens CC178]	1050	0	153	+	>52361219	993	840	993	147	153	60	NM:i:6
gb|AE004091.2|+|3450837-3451509|ARO:3005063|cprR [Pseudomonas aeruginosa PAO1]	672	0	672	+	>226213	24676	2	674	668	672	60	NM:i:4
gb|AE004091.2|+|3451505-3452801|ARO:3005064|cprS [Pseudomonas aeruginosa PAO1]	1296	0	1296	+	>226213	24676	670	2029	1280	1359	60	NM:i:79
gb|AB200915.1|-|1831-2305|ARO:3005084|dfrA31 [Vibrio cholerae O1]	474	0	474	+	<54829473	540	7	481	473	474	60	NM:i:1
gb|FJ905898.1|+|328-802|ARO:3004547|dfrA6 [Vibrio cholerae]	474	0	474	+	<54829473	540	7	481	456	474	60	NM:i:18
gb|AP009048|-|4338624-4340268|ARO:3003576|eptA [Escherichia coli str. K-12 substr. W3110]	1644	0	1644	+	<268608	11676	7278	8922	1634	1644	60	NM:i:10
gb|FO203501.1|+|5123640-5125365|ARO:3005047|eptB [Klebsiella pneumoniae subsp. rhinoscleromatis SB3432]	1725	0	1240	+	<1604265	8634	7394	8634	1231	1240	60	NM:i:9
gb|FO203501.1|+|5123640-5125365|ARO:3005047|eptB [Klebsiella pneumoniae subsp. rhinoscleromatis SB3432]	1725	1133	1725	+	<54335162	1444	0	592	591	592	60	NM:i:1
gb|AE004091.2|+|1221690-1222098|ARO:3000149|fosA [Pseudomonas aeruginosa PAO1]	408	0	408	+	>234408	49973	25069	25477	406	408	60	NM:i:2
gb|U00096.3|-|721055-721733|ARO:3003841|kdpE [Escherichia coli str. K-12 substr. MG1655]	678	0	678	+	<239041	8197	6263	6941	670	678	60	NM:i:8
gb|AJ579365.1|+|4149-5628|ARO:3003111|lsaB [Staphylococcus sciuri]	1479	0	1479	+	<3833997	3400	1200	2679	1419	1480	60	NM:i:61
gb|D16251.1|-|1625-2531|ARO:3000316|mphA [Escherichia coli]	906	0	435	+	>52755441	503	68	503	435	435	60	NM:i:0
gb|D16251.1|-|1625-2531|ARO:3000316|mphA [Escherichia coli]	906	433	735	+	<54826655	302	0	302	298	302	60	NM:i:4
gb|DQ839391.1|-|12872-13757|ARO:3003741|mphE [uncultured bacterium]	885	0	885	+	>638787	7808	4740	5625	885	885	60	NM:i:0
gb|CP010314.1|+|275837-276758|ARO:3004541|mphK [Bacillus subtilis subsp. subtilis]	921	0	921	+	>1173637	1357	280	1201	777	922	60	NM:i:145
gb|EU294228.1|+|21241-22717|ARO:3003109|msrE [Acinetobacter baumannii]	1476	0	1476	+	>638787	7808	3209	4685	1476	1476	60	NM:i:0
gb|U00096|+|2367070-2368039|ARO:3003578|pmrF [Escherichia coli str. K-12 substr. MG1655]	969	0	969	+	>251478	13130	3046	4015	964	969	60	NM:i:5
gb|JF969163|+|1053-1893|ARO:3000410|sul1 [Vibrio fluvialis]	840	0	840	+	<104600	2170	1306	2146	840	840	60	NM:i:0
gb|AY055428.1|-|20268-21084|ARO:3000412|sul2 [Vibrio cholerae]	816	0	816	+	>51050683	869	21	837	816	816	60	NM:i:0
gb|FJ196385|-|8531-9323|ARO:3000413|sul3 [Escherichia coli]	792	0	792	+	>206563	2704	233	1025	792	792	60	NM:i:0
gb|FN594949|+|25244-27167|ARO:3000556|tet44 [Campylobacter fetus subsp. fetus]	1923	0	1923	+	>1758066	6148	1263	3186	1882	1923	60	NM:i:41
gb|M18896.2|+|206-2126|ARO:3000190|tetO [Campylobacter jejuni]	1920	0	1920	+	<248320	3659	253	2173	1916	1920	60	NM:i:4
gb|AJ222769.3|+|3686-5606|ARO:3000194|tetW [Butyrivibrio fibrisolvens]	1920	0	1920	+	<211793	3221	745	2665	1886	1921	60	NM:i:35
gb|KU736867.1|+|19653-21573|ARO:3004442|tet(W/N/W) [uncultured bacterium IN-02]	1920	0	1914	+	<211793	3221	745	2659	1846	1915	60	NM:i:69
gb|AL009126.3|-|339155-339749|ARO:3003059|tmrB [Bacillus subtilis subsp. subtilis str. 168]	594	0	594	+	<3056893	714	33	626	583	594	60	NM:i:11
gb|U00096|-|2098446-2099613|ARO:3003577|ugd [Escherichia coli str. K-12 substr. MG1655]	1167	0	568	+	>277880	639	71	639	559	568	60	NM:i:9
gb|M90056.1|+|908-2477|ARO:3002829|vgaA [Staphylococcus aureus]	1569	331	1431	+	>240808	1100	0	1100	1089	1100	60	NM:i:11
gb|M90056.1|+|908-2477|ARO:3002829|vgaA [Staphylococcus aureus]	1569	137	161	+	<843777	206	97	121	24	24	60	NM:i:0
gb|M90056.1|+|908-2477|ARO:3002829|vgaA [Staphylococcus aureus]	1569	1533	1557	+	>174752	2053	854	878	22	24	60	NM:i:2
gb|M90056.1|+|908-2477|ARO:3002829|vgaA [Staphylococcus aureus]	1569	62	84	+	>277175	138080	33624	33646	20	22	60	NM:i:2
gb|M90056.1|+|908-2477|ARO:3002829|vgaA [Staphylococcus aureus]	1569	30	40	+	>277175	138080	33672	33682	8	10	60	NM:i:2
gb|DQ823382|+|0-1569|ARO:3002830|vgaALC [Staphylococcus haemolyticus]	1569	331	1431	+	>240808	1100	0	1100	1097	1100	60	NM:i:3
gb|DQ823382|+|0-1569|ARO:3002830|vgaALC [Staphylococcus haemolyticus]	1569	0	29	+	<45792280	218	189	218	29	29	60	NM:i:0
gb|DQ823382|+|0-1569|ARO:3002830|vgaALC [Staphylococcus haemolyticus]	1569	137	161	+	<843777	206	97	121	24	24	60	NM:i:0
gb|DQ823382|+|0-1569|ARO:3002830|vgaALC [Staphylococcus haemolyticus]	1569	1533	1557	+	>174752	2053	854	878	22	24	60	NM:i:2
gb|DQ823382|+|0-1569|ARO:3002830|vgaALC [Staphylococcus haemolyticus]	1569	62	84	+	>277175	138080	33624	33646	20	22	60	NM:i:2
gb|DQ823382|+|0-1569|ARO:3002830|vgaALC [Staphylococcus haemolyticus]	1569	30	40	+	>277175	138080	33672	33682	8	10	60	NM:i:2