Query	Path_GraphAligner	Start_GraphAligner	End_GraphAligner
gb|AB023477|+|0-861|ARO:3001082|SHV-24	1612535	17	877
gb|AB049569|+|0-861|ARO:3000958|TEM-91	3478183	47	907
gb|AB200915.1|-|1831-2305|ARO:3005084|dfrA31	54829473	8	481
gb|AB302939|+|8-869|ARO:3001115|SHV-60	1612535	17	877
gb|AB372881|+|8-869|ARO:3001160|SHV-111	1612535	17	877
gb|AB462903|+|1199-1751|ARO:3002574|AAC(6')-Iaf	53314296	103	654
gb|AB551737|+|14-875|ARO:3001177|SHV-133	1612535	17	877
gb|AB634250|+|0-825|ARO:3001484|OXA-206	246080	54150	54974
gb|AB700703|+|161-1022|ARO:3001057|TEM-198	3478183	47	907
gb|AB733453|+|3-849|ARO:3001204|SHV-167	1612535	17	862
gb|AB781687|+|0-825|ARO:3001682|OXA-254	246080	54150	54974
gb|AB871653|+|11870-12695|ARO:3001557|OXA-371	246080	54150	54974
gb|AE003852.1|+|1674272-1675445|ARO:3004289|Vibrio_cholerae_varG	51789923	677	1849
gb|AE004091.2|+|1221690-1222098|ARO:3000149|fosA	234408	25070	25477
gb|AE004091.2|+|3450837-3451509|ARO:3005063|cprR	226213	3	674
gb|AE004091.2|+|3451505-3452801|ARO:3005064|cprS	226213	671	2029
gb|AE004091.2|+|3982020-3984009|ARO:3002985|arnA	245411	296	2284
gb|AE006468.2|+|1707351-1707789|ARO:3002571|AAC(6')-Iaa	55192214	1	309
gb|AE014292|+|568280-570923|ARO:3003772|Brucella_suis_mprF	3128843	29697	32339
gb|AE016877.1|+|1972251-1972668|ARO:3000172|FosB	2163774	70	486
gb|AE016879.1|+|2933334-2933889|ARO:3005045|SatA	"55223072, 247433"	51	605
gb|AF024602|+|3155-3992|ARO:3002660|APH(6)-Id	114596	814	1650
gb|AF043100|+|0-775|ARO:3001411|OXA-16	0	0	0
gb|AF043381|+|251-863|ARO:3002580|AAC(6')-Ib9	104606	19	632
gb|AF043381|+|943-1744|ARO:3001414|OXA-19	104604	660	1460
gb|AF047171|+|135-996|ARO:3000929|TEM-60	3478183	47	907
gb|AF047479|+|1295-2087|ARO:3002603|aadA3	104600	11	802
gb|AF062386|+|30-862|ARO:3000928|TEM-59	3478183	47	877
gb|AF072684|+|117-993|ARO:3001075|SHV-16	1612535	17	877
gb|AF078527|+|3769-4303|ARO:3000230|ANT(2'')-Ia	104604	58	591
gb|AF091113|+|450-1311|ARO:3000934|TEM-67	3478183	47	907
gb|AF093512|+|197-1058|ARO:3000882|TEM-10	3478183	47	907
gb|AF104441|+|193-1054|ARO:3000922|TEM-53	3478183	47	907
gb|AF104442|+|193-1054|ARO:3000923|TEM-54	3478183	47	907
gb|AF117743|+|0-780|ARO:3001077|SHV-19	1612535	47	826
gb|AF117744|+|0-780|ARO:3001078|SHV-20	1612535	47	826
gb|AF117745|+|0-780|ARO:3001079|SHV-21	1612535	47	826
gb|AF117746|+|0-780|ARO:3001080|SHV-22	1612535	47	826
gb|AF117747|+|0-780|ARO:3001081|SHV-23	1612535	47	826
gb|AF132290|+|87-948|ARO:3001076|SHV-18	1612535	17	877
gb|AF143804|+|0-861|ARO:3000959|TEM-92	3478183	47	907
gb|AF144880|+|3541-3979|ARO:3002569|AAC(6')-Iy	55192214	1	309
gb|AF148851|+|5-866|ARO:3001060|SHV-2	1612535	17	877
gb|AF156486|+|5012-5792|ARO:3002602|aadA2	104600	31	802
gb|AF157553|+|147-1008|ARO:3000938|TEM-72	3478183	47	907
gb|AF164577|+|0-861|ARO:3001072|SHV-13	1612535	17	877
gb|AF188199|+|214-1075|ARO:3000936|TEM-70	3478183	47	907
gb|AF190692|+|208-1069|ARO:3000946|TEM-79	3478183	47	907
gb|AF190693|+|208-1069|ARO:3000944|TEM-78	3478183	47	907
gb|AF190694|+|208-1069|ARO:3000942|TEM-76	3478183	47	907
gb|AF201828.2|+|115-937|ARO:3001422|OXA-27	254088	81	902
gb|AF203816|+|210-1071|ARO:3000937|TEM-71	3478183	47	907
gb|AF205943|+|7511-8312|ARO:3001405|OXA-10	104604	660	1460
gb|AF208796|+|0-861|ARO:3001083|SHV-25	1612535	17	877
gb|AF226622|+|54-915|ARO:3001073|SHV-14	1612535	17	877
gb|AF227204|+|73-934|ARO:3001084|SHV-26	1612535	17	877
gb|AF231133|+|1345-2146|ARO:3001423|OXA-28	104604	660	1460
gb|AF250872|+|0-861|ARO:3000954|TEM-87	3478183	47	907
gb|AF293345|+|0-861|ARO:3001085|SHV-27	1612535	17	877
gb|AF299299|+|0-861|ARO:3001086|SHV-28	1612535	17	877
gb|AF301532|+|7-868|ARO:3001087|SHV-29	1612535	17	877
gb|AF313472|+|15593-16397|ARO:3002639|APH(3'')-Ib	114596	11	814
gb|AF315786|+|1313-2114|ARO:3001429|OXA-35	104604	660	1460
gb|AF332513|+|103-964|ARO:3000931|TEM-63	3478183	47	907
gb|AF347054|+|208-1069|ARO:3000947|TEM-80	3478183	47	907
gb|AF351241|+|89-950|ARO:3000957|TEM-90	3478183	47	907
gb|AF427127|+|208-1069|ARO:3000948|TEM-81	3478183	47	907
gb|AF427128|+|208-1069|ARO:3000949|TEM-82	3478183	47	907
gb|AF427129|+|208-1069|ARO:3000950|TEM-83	3478183	47	907
gb|AF427130|+|208-1069|ARO:3000951|TEM-84	3478183	47	907
gb|AF441287|+|260-1007|ARO:3000844|TUS-1_beta-lactamase	1531004	12190	12936
gb|AF445082|+|2788-3343|ARO:3002577|AAC(6')-Ib4	104606	78	632
gb|AF462019|+|26-656|ARO:3002681|catB9	3840299	657	1286
gb|AF467947|+|0-861|ARO:3001094|SHV-36	1612535	17	877
gb|AF467948|+|0-861|ARO:3001095|SHV-37	1612535	17	877
gb|AF468003|+|0-861|ARO:3000974|TEM-111	3478183	47	907
gb|AF495873|+|0-861|ARO:3000964|TEM-101	3478183	47	907
gb|AF506748|+|38-899|ARO:3000971|TEM-108	3478183	55	907
gb|AF516719|+|214-1075|ARO:3000967|TEM-104	3478183	47	907
gb|AF516720|+|214-1075|ARO:3000968|TEM-105	3478183	47	907
gb|AF527798.1|+|0-785|ARO:3000879|TEM-7	0	0	0
gb|AF535127|+|208-1069|ARO:3000978|TEM-115	3478183	47	907
gb|AF535128|+|0-861|ARO:3001098|SHV-40	1612535	17	877
gb|AF535129|+|0-861|ARO:3001099|SHV-41	1612535	17	877
gb|AF535130|+|0-861|ARO:3001100|SHV-42	1612535	17	877
gb|AF547625|+|0-861|ARO:3001103|SHV-45	1612535	17	877
gb|AF550679.1|-|80976-81768|ARO:3002601|aadA	104600	11	802
gb|AJ009979.1|+|0-1152|ARO:3003847|ADC-1	126080	64	1215
gb|AJ011428|+|0-861|ARO:3001074|SHV-15	1612535	17	877
gb|AJ011502.1|+|300-1425|ARO:3004122|Klebsiella_pneumoniae_OmpK37	55313077	220	1168
gb|AJ012256|+|208-1069|ARO:3000939|TEM-73	3478183	47	907
gb|AJ222769.3|+|3686-5606|ARO:3000194|tetW	211793	746	2665
gb|AJ239002|+|0-861|ARO:3000935|TEM-68	3478183	47	907
gb|AJ277414|+|0-861|ARO:3000952|TEM-85	3478183	47	907
gb|AJ277415|+|0-861|ARO:3000953|TEM-86	3478183	47	907
gb|AJ308558|+|181-1042|ARO:3000962|TEM-95	3478183	47	907
gb|AJ309734|+|0-825|ARO:3001612|OXA-51	246080	54150	54974
gb|AJ318093|+|0-861|ARO:3000960|TEM-93	3478183	47	907
gb|AJ318094|+|0-861|ARO:3000961|TEM-94	3478183	47	907
gb|AJ437107|+|208-1069|ARO:3000900|TEM-30	3478183	47	907
gb|AJ575184.1|+|0-1152|ARO:3003851|ADC-5	126080	64	1215
gb|AJ579365.1|+|4149-5628|ARO:3003111|lsaB	3833997	1201	2679
gb|AJ634602.1|-|7839-8700|ARO:3000999|TEM-135	3478183	47	907
gb|AJ746225|+|0-861|ARO:3000993|TEM-129	3478183	47	907
gb|AJ809407|+|118-898|ARO:3002620|aadA23	104600	31	802
gb|AJ854182|+|0-801|ARO:3001798|OXA-74	104604	660	1460
gb|AJ863560|+|0-861|ARO:3001111|SHV-55	1612535	17	877
gb|AJ866284|+|0-861|ARO:3001116|SHV-61	1612535	17	877
gb|AJ866285|+|0-861|ARO:3001117|SHV-62	1612535	17	877
gb|AJ866988|+|0-861|ARO:3000994|TEM-130	3478183	47	907
gb|AJ920369|+|23-860|ARO:3001071|SHV-12	1612535	17	853
gb|AL009126.3|-|339155-339749|ARO:3003059|tmrB	3056893	34	626
gb|AL009126|+|916777-919348|ARO:3003324|Bacillus_subtilis_mprF	5435	1	2157
gb|AL009126|-|2735681-2736536|ARO:3002627|aadK	3873945	2992	3846
gb|AL513383|+|161910-162771|ARO:3000873|TEM-1	3478183	47	907
gb|AM040708.1|+|1173-1965|ARO:3004704|aadA8b	104600	11	802
gb|AM049399|+|0-861|ARO:3001007|TEM-144	3478183	47	907
gb|AM087453|+|25-856|ARO:3001138|SHV-84	1612535	17	847
gb|AM087454|+|208-1069|ARO:3001015|TEM-148	3478183	47	907
gb|AM176546|+|0-861|ARO:3001125|SHV-71	1612535	17	877
gb|AM176547|+|30-891|ARO:3001126|SHV-72	1612535	17	877
gb|AM176548|+|16-874|ARO:3001127|SHV-73	1612535	25	877
gb|AM176549|+|30-891|ARO:3001128|SHV-74	1612535	17	877
gb|AM176550|+|30-891|ARO:3001129|SHV-75	1612535	17	877
gb|AM176551|+|30-891|ARO:3001130|SHV-76	1612535	17	877
gb|AM176552|+|30-891|ARO:3001131|SHV-77	1612535	17	877
gb|AM176553|+|30-891|ARO:3001132|SHV-78	1612535	17	877
gb|AM176554|+|30-891|ARO:3001133|SHV-79	1612535	17	877
gb|AM176555|+|0-861|ARO:3001134|SHV-80	1612535	17	877
gb|AM176556|+|25-886|ARO:3001135|SHV-81	1612535	17	877
gb|AM176557|+|0-861|ARO:3001136|SHV-82	1612535	17	877
gb|AM176558|+|0-861|ARO:3001137|SHV-83	1612535	19	877
gb|AM183304|+|208-1069|ARO:3001017|TEM-150	3478183	47	907
gb|AM231719|+|0-825|ARO:3001650|OXA-90	246080	54150	54974
gb|AM231720|+|0-825|ARO:3001438|OXA-100	246080	54150	54974
gb|AM261837|+|73-865|ARO:3002619|aadA22	104600	11	802
gb|AM279652|+|0-825|ARO:3001646|OXA-98	246080	54150	54974
gb|AM286274|+|0-861|ARO:3001001|TEM-137	3478183	47	907
gb|AM412777|+|117-918|ARO:3001439|OXA-101	104604	660	1460
gb|AM849805|+|262-1123|ARO:3000886|TEM-15	3478183	47	907
gb|AM941159|+|208-1069|ARO:3001022|TEM-156	3478183	47	907
gb|AM941844|+|0-861|ARO:3001336|SHV-98	1612535	17	877
gb|AM941845|+|0-861|ARO:3001337|SHV-99	1612535	17	877
gb|AM941847|+|0-861|ARO:3001155|SHV-106	1612535	17	877
gb|AM941848|+|0-861|ARO:3001156|SHV-107	1612535	17	877
gb|AP009048|-|4338624-4340268|ARO:3003576|eptA	268608	7279	8922
gb|AP012030.1|-|395553-396711|ARO:3004612|Escherichia_coli_ampH	243533	3881	5038
gb|APON01000041.1|+|10443-11268|ARO:3001736|OXA-281	5350482	157	984
gb|APOR01000009.1|+|341736-342561|ARO:3001716|OXA-260	246080	54150	54974
gb|APPZ01000001.1|+|7525-8353|ARO:3001735|OXA-280	5350482	157	984
gb|APQF01000011.1|+|291557-292379|ARO:3001707|OXA-103	254088	81	902
gb|APQV01000009.1|+|266252-267077|ARO:3001717|OXA-261	246080	54150	54974
gb|APQY01000006.1|+|416598-417423|ARO:3001719|OXA-263	246080	54150	54974
gb|APRA01000005.1|+|465153-465978|ARO:3001718|OXA-262	246080	54150	54974
gb|AY027590|+|112-973|ARO:3000955|TEM-88	3478183	47	907
gb|AY036620|+|88-949|ARO:3001092|SHV-34	1612535	17	877
gb|AY037778|+|91-952|ARO:3001090|SHV-32	1612535	17	877
gb|AY039040|+|188-1022|ARO:3000956|TEM-89	3478183	47	880
gb|AY040093|+|68-929|ARO:3000965|TEM-102	3478183	47	907
gb|AY055428.1|-|20268-21084|ARO:3000412|sul2	51050683	22	837
gb|AY065991|+|6-867|ARO:3001101|SHV-43	1612535	17	877
gb|AY070258|+|0-861|ARO:3001093|SHV-35	1612535	17	877
gb|AY072920|+|0-861|ARO:3000973|TEM-110	3478183	47	907
gb|AY079099|+|148-1009|ARO:3001096|SHV-38	1612535	17	877
gb|AY092401|+|0-861|ARO:3000963|TEM-96	3478183	47	907
gb|AY101578|+|214-1075|ARO:3000969|TEM-106	3478183	47	907
gb|AY101764|+|206-1067|ARO:3000970|TEM-107	3478183	47	907
gb|AY123251.1|+|811-1444|ARO:3002680|catB8	104606	725	1357
gb|AY130282|+|0-764|ARO:3000980|TEM-117	0	0	0
gb|AY130284|+|0-785|ARO:3000941|TEM-75	0	0	0
gb|AY130285|+|0-785|ARO:3000981|TEM-118	0	0	0
gb|AY136758|+|377-947|ARO:3002582|AAC(6')-Ib11	104606	83	632
gb|AY139603|+|106-898|ARO:3002608|aadA8	104600	11	802
gb|AY152390|+|0-1335|ARO:3003785|Chlamydia_trachomatis_intrinsic_murA_conferring_resistance_to_fosfomycin	223703	723	2057
gb|AY171244|+|46-838|ARO:3002618|aadA21	104600	11	802
gb|AY177427.1|+|1141-2293|ARO:3003848|ADC-2	126080	64	1215
gb|AY178995.1|+|0-1152|ARO:3003849|ADC-3	126080	64	1215
gb|AY178996.1|+|0-1152|ARO:3003850|ADC-4	126080	64	1215
gb|AY210887|+|111-972|ARO:3001104|SHV-46	1612535	17	877
gb|AY223863|+|170-1031|ARO:3001113|SHV-57	1612535	17	877
gb|AY243512|+|208-1069|ARO:3000982|TEM-120	3478183	47	907
gb|AY259119|+|116-977|ARO:3001102|SHV-44	1612535	17	877
gb|AY263404|+|0-861|ARO:3001105|SHV-48	1612535	17	877
gb|AY271267|+|0-861|ARO:3000983|TEM-121	3478183	47	907
gb|AY277255|+|66-927|ARO:3001089|SHV-31	1612535	17	877
gb|AY288523|+|0-825|ARO:3001671|OXA-49	254088	81	902
gb|AY288915|+|0-861|ARO:3001107|SHV-50	1612535	17	877
gb|AY289548|+|0-861|ARO:3001108|SHV-51	1612535	17	877
gb|AY306130|+|0-789|ARO:3001796|OXA-50	237664	19144	19932
gb|AY307100|+|0-861|ARO:3000984|TEM-122	3478183	47	907
gb|AY327539|+|0-858|ARO:3000985|TEM-123	3478183	47	907
gb|AY327540|+|0-858|ARO:3000986|TEM-124	3478183	47	907
gb|AY368236|+|0-861|ARO:3000989|TEM-127	3478183	47	907
gb|AY368237|+|0-861|ARO:3000990|TEM-128	3478183	47	907
gb|AY436361|+|131-992|ARO:3000995|TEM-131	3478183	47	907
gb|AY445080|+|0-801|ARO:3001795|OXA-56	104604	660	1460
gb|AY453161|+|500-1430|ARO:3000090|BLA1	"459759, 213549"	1	556
gb|AY453162|+|500-1271|ARO:3004189|Bla2	226465	1447	2217
gb|AY491682|+|0-861|ARO:3000996|TEM-132	3478183	47	907
gb|AY528425|+|0-861|ARO:3000997|TEM-133	3478183	47	907
gb|AY528718|+|413-1274|ARO:3001106|SHV-49	1612535	17	877
gb|AY574271|+|0-861|ARO:3000998|TEM-134	3478183	47	907
gb|AY589493|+|166-1027|ARO:3000975|TEM-112	3478183	47	907
gb|AY589494|+|193-1054|ARO:3000976|TEM-113	3478183	47	907
gb|AY589495|+|181-1042|ARO:3000977|TEM-114	3478183	47	907
gb|AY590467|+|0-729|ARO:3001110|SHV-53	0	0	0
gb|AY628175|+|210-1071|ARO:3000972|TEM-109	3478183	47	907
gb|AY628176|+|75-936|ARO:3000987|TEM-125	3478183	47	907
gb|AY628199|+|203-1064|ARO:3000988|TEM-126	3478183	47	907
gb|AY648950.1|+|0-1152|ARO:3003853|ADC-7	126080	64	1215
gb|AY660529.1|+|121-676|ARO:3003676|AAC(6')-Ib'	104606	78	632
gb|AY661885|+|48-909|ARO:3001088|SHV-30	1612535	17	877
gb|AY750907|+|0-825|ARO:3001613|OXA-64	246080	54150	54974
gb|AY750908|+|0-825|ARO:3001614|OXA-65	246080	54150	54974
gb|AY750910|+|0-825|ARO:3001616|OXA-68	246080	54150	54974
gb|AY750912|+|0-825|ARO:3001618|OXA-70	246080	54150	54974
gb|AY750913|+|0-825|ARO:3001619|OXA-71	246080	54150	54974
gb|AY762325|+|115-937|ARO:3001785|OXA-73	254088	81	902
gb|AY790341|+|0-861|ARO:3001114|SHV-59	1612535	17	877
gb|AY795964|+|0-822|ARO:3001418|OXA-23	254088	81	902
gb|AY826417|+|0-861|ARO:3001000|TEM-136	3478183	47	907
gb|AY853593|+|214-1075|ARO:3001002|TEM-138	3478183	47	907
gb|AY862132|+|0-825|ARO:3001645|OXA-78	246080	54150	54974
gb|AY874537|+|177-1038|ARO:3000883|TEM-11	3478183	47	907
gb|AY949202|+|0-825|ARO:3001622|OXA-77	246080	54150	54974
gb|AY949203|+|0-825|ARO:3001621|OXA-76	246080	54150	54974
gb|AY956335|+|38-899|ARO:3001004|TEM-141	3478183	47	907
gb|BX664015.1|-|103017-103833|ARO:3002641|APH(3')-Ia	"211757, 43358576"	121	936
gb|CP000813.4|-|2349398-2350187|ARO:3004759|BPU-1	1848066	15236	16024
gb|CP001182.1|+|2873299-2874451|ARO:3003796|Acinetobacter_baumannii_AmpC_beta-lactamase	126080	64	1215
gb|CP001633.1|-|630303-631167|ARO:3004801|FTU-1	542936	3009	3651
gb|CP001921.1|+|2803996-2805148|ARO:3003870|ADC-31	126080	64	1215
gb|CP003022|+|336788-337580|ARO:3003197|aadA25	104600	11	802
gb|CP006845.1|+|539695-540745|ARO:3002814|clbA	0	0	0
gb|CP010314.1|+|275837-276758|ARO:3004541|mphK	1173637	281	1201
gb|CP038661.1|+|6223618-6224407|ARO:3003643|OXA-486	237664	19144	19932
gb|CP045110.1|-|521271-522372|ARO:3005051|LpsB	249398	116381	117481
gb|CU459141.1|+|2175316-2176141|ARO:3001617|OXA-69	246080	54150	54974
gb|CU468230.2|+|1959577-1960402|ARO:3001620|OXA-75	246080	54150	54974
gb|D16251.1|-|1625-2531|ARO:3000316|mphA	0	0	0
gb|DQ013287|+|0-861|ARO:3001124|SHV-70	1612535	17	877
gb|DQ072853|+|0-861|ARO:3001003|TEM-139	3478183	47	907
gb|DQ075245|+|217-1078|ARO:3001006|TEM-143	3478183	47	907
gb|DQ105528|+|0-861|ARO:3001012|TEM-145	3478183	47	907
gb|DQ105529|+|0-861|ARO:3001013|TEM-146	3478183	47	907
gb|DQ149247|+|0-825|ARO:3001703|OXA-86	246080	54150	54974
gb|DQ174304|+|4-865|ARO:3001119|SHV-64	1612535	17	877
gb|DQ174305|+|4-865|ARO:3001120|SHV-65	1612535	17	877
gb|DQ174306|+|4-865|ARO:3001121|SHV-66	1612535	17	877
gb|DQ174307|+|4-865|ARO:3001122|SHV-67	1612535	17	877
gb|DQ174308|+|4-865|ARO:3001123|SHV-69	1612535	17	877
gb|DQ193536|+|0-861|ARO:3001141|SHV-89	1612535	17	877
gb|DQ241380.1|+|0-777|ARO:3002539|AAC(3)-IV	53827366	42	818
gb|DQ279850|+|0-861|ARO:3001014|TEM-147	3478183	47	907
gb|DQ286729|+|0-861|ARO:3000924|TEM-55	3478183	47	907
gb|DQ303918|+|0-600|ARO:3002547|AAC(6')-Ib-cr	104606	45	632
gb|DQ309276|+|0-825|ARO:3001624|OXA-84	246080	54150	54974
gb|DQ309277|+|0-825|ARO:3001623|OXA-83	246080	54150	54974
gb|DQ322460|+|15-876|ARO:3001139|SHV-85	1612535	17	877
gb|DQ328802|+|0-861|ARO:3001140|SHV-86	1612535	17	877
gb|DQ335566|+|0-825|ARO:3001632|OXA-92	246080	54150	54974
gb|DQ348075|+|0-825|ARO:3001704|OXA-87	246080	54150	54974
gb|DQ369751|+|0-861|ARO:3001016|TEM-149	3478183	47	907
gb|DQ388882|+|0-861|ARO:3001005|TEM-142	3478183	47	907
gb|DQ392963|+|8-833|ARO:3001626|OXA-88	246080	54150	54974
gb|DQ393783|+|1799-2591|ARO:3002615|aadA15	104600	11	802
gb|DQ445683|+|0-825|ARO:3001625|OXA-89	246080	54150	54974
gb|DQ491200|+|0-825|ARO:3001437|OXA-67	246080	54150	54974
gb|DQ519086|+|1198-2023|ARO:3001627|OXA-91	246080	54150	54974
gb|DQ519087|+|38-863|ARO:3001628|OXA-93	246080	54150	54974
gb|DQ519088|+|8-833|ARO:3001629|OXA-94	246080	54150	54974
gb|DQ519089|+|8-833|ARO:3001630|OXA-95	246080	54150	54974
gb|DQ677333|+|0-780|ARO:3002621|aadA24	104600	31	802
gb|DQ679961|+|114-975|ARO:3001021|TEM-155	3478183	47	907
gb|DQ823382|+|0-1569|ARO:3002830|vgaALC	240808	1	1100
gb|DQ834728|+|205-1066|ARO:3001019|TEM-152	3478183	47	907
gb|DQ834729|+|205-1066|ARO:3001018|TEM-151	3478183	47	907
gb|DQ836922|+|0-861|ARO:3001144|SHV-92	1612535	17	877
gb|DQ839391.1|-|12872-13757|ARO:3003741|mphE	638787	4741	5625
gb|DQ883640.1|+|0-1167|ARO:3003855|ADC-10	126080	64	1215
gb|DQ888718|+|0-825|ARO:3001649|OXA-99	246080	54150	54974
gb|DQ902344.1|+|2716-3517|ARO:3001412|OXA-17	0	0	0
gb|DQ909059|+|0-861|ARO:3001023|TEM-157	3478183	47	907
gb|EF016355.1|+|0-1152|ARO:3003868|ADC-25	126080	64	1215
gb|EF016356.1|+|0-825|ARO:3001615|OXA-66	246080	54150	54974
gb|EF136376|+|0-861|ARO:3001025|TEM-159	3478183	47	907
gb|EF136377|+|0-861|ARO:3001026|TEM-160	3478183	47	907
gb|EF373969|+|0-861|ARO:3001145|SHV-93	1612535	17	877
gb|EF373970|+|0-861|ARO:3001146|SHV-94	1612535	17	877
gb|EF373971|+|0-861|ARO:3001148|SHV-96	1612535	17	877
gb|EF373972|+|0-861|ARO:3001147|SHV-95	1612535	17	877
gb|EF373973|+|0-861|ARO:3001149|SHV-97	1612535	17	877
gb|EF468463|+|66-927|ARO:3001028|TEM-162	3478183	47	907
gb|EF534736|+|213-1074|ARO:3001024|TEM-158	3478183	47	907
gb|EF650032|+|0-825|ARO:3001637|OXA-106	246080	54150	54974
gb|EF650033|+|0-825|ARO:3001638|OXA-107	246080	54150	54974
gb|EF650034|+|0-825|ARO:3001639|OXA-108	246080	54150	54974
gb|EF650035|+|0-825|ARO:3001640|OXA-109	246080	54150	54974
gb|EF650036|+|0-825|ARO:3001641|OXA-110	246080	54150	54974
gb|EF650037|+|0-825|ARO:3001642|OXA-111	246080	54150	54974
gb|EF650038|+|0-825|ARO:3001643|OXA-112	246080	54150	54974
gb|EF653400|+|434-1259|ARO:3001644|OXA-113	246080	54150	54974
gb|EU019534|+|0-825|ARO:3001633|OXA-79	246080	54150	54974
gb|EU019535|+|0-825|ARO:3001634|OXA-80	246080	54150	54974
gb|EU019536|+|0-825|ARO:3001635|OXA-82	246080	54150	54974
gb|EU024485|+|0-861|ARO:3001151|SHV-102	1612535	17	877
gb|EU029998|+|575-1400|ARO:3001440|OXA-115	246080	54150	54974
gb|EU032604|+|0-861|ARO:3001152|SHV-103	1612535	17	877
gb|EU085533|+|0-519|ARO:3002591|AAC(6')-Ib-Suzhou	104606	114	632
gb|EU155018|+|0-861|ARO:3001150|SHV-101	1612535	17	877
gb|EU220744|+|0-786|ARO:3001441|OXA-116	246080	54168	54953
gb|EU255291.1|+|0-825|ARO:3001444|OXA-122	246080	54150	54974
gb|EU255292.1|+|0-825|ARO:3001445|OXA-123	246080	54150	54974
gb|EU255293.1|+|0-825|ARO:3001446|OXA-124	246080	54150	54974
gb|EU255294.1|+|0-825|ARO:3001447|OXA-125	246080	54150	54974
gb|EU255295.1|+|0-825|ARO:3001448|OXA-126	246080	54150	54974
gb|EU255296.1|+|0-825|ARO:3001449|OXA-127	246080	54150	54974
gb|EU274580|+|214-1075|ARO:3001030|TEM-164	3478183	47	907
gb|EU274581|+|0-861|ARO:3001153|SHV-104	1612535	18	877
gb|EU294228.1|+|21241-22717|ARO:3003109|msrE	638787	3210	4685
gb|EU342351|+|172-1033|ARO:3001118|SHV-63	1612535	17	877
gb|EU358785|+|720-1521|ARO:3001803|OXA-142	104604	660	1460
gb|EU375515|+|0-825|ARO:3001648|OXA-128	246080	54150	54974
gb|EU418913|+|16-877|ARO:3001158|SHV-109	1612535	17	877
gb|EU547445|+|0-825|ARO:3001651|OXA-130	246080	54150	54974
gb|EU547446|+|0-825|ARO:3001652|OXA-131	246080	54150	54974
gb|EU547447|+|0-825|ARO:3001653|OXA-132	246080	54150	54974
gb|EU571228|+|822-1644|ARO:3001702|OXA-133	254088	81	902
gb|EU586041|+|0-861|ARO:3001112|SHV-56	1612535	17	877
gb|EU652244.1|+|0-1152|ARO:3003871|ADC-39	126080	64	1215
gb|EU670845|+|1594-2419|ARO:3001655|OXA-138	246080	54150	54974
gb|EU815939|+|0-861|ARO:3001029|TEM-163	3478183	47	907
gb|FJ194494|+|171-996|ARO:3001779|OXA-146	254088	81	902
gb|FJ194944|+|46-907|ARO:3001154|SHV-105	1612535	17	877
gb|FJ196385|-|8531-9323|ARO:3000413|sul3	206563	234	1025
gb|FJ197316|+|0-861|ARO:3001032|TEM-166	3478183	47	907
gb|FJ360884|+|213-1074|ARO:3001033|TEM-167	3478183	47	907
gb|FJ405211|+|0-861|ARO:3000926|TEM-57	3478183	47	907
gb|FJ460181|+|1790-2582|ARO:3002617|aadA17	104600	11	802
gb|FJ503047|+|0-519|ARO:3002592|AAC(6')-Ib-Hangzhou	104606	114	632
gb|FJ666064|+|0-1194|ARO:3002498|PDC-2	232416	35514	36707
gb|FJ666065|+|0-1194|ARO:3002497|PDC-1	232416	35514	36707
gb|FJ666066|+|0-1194|ARO:3002500|PDC-3	232416	35514	36707
gb|FJ666067|+|0-1194|ARO:3002501|PDC-4	232416	35514	36707
gb|FJ666068|+|0-1194|ARO:3002502|PDC-5	232416	35514	36707
gb|FJ666069|+|0-1194|ARO:3002505|PDC-6	232416	35514	36707
gb|FJ666070|+|0-1194|ARO:3002506|PDC-7	232416	35514	36707
gb|FJ666071|+|0-1194|ARO:3002507|PDC-8	232416	35514	36707
gb|FJ666072|+|0-1194|ARO:3002508|PDC-9	232416	35514	36707
gb|FJ666073|+|0-1194|ARO:3002509|PDC-10	232416	35514	36707
gb|FJ668814|+|76-937|ARO:3001059|SHV-1	1612535	17	877
gb|FJ790516|+|1287-2085|ARO:3001804|OXA-145	104604	660	1460
gb|FJ807656|+|0-861|ARO:3001020|TEM-154	3478183	47	907
gb|FJ848783|+|1270-2071|ARO:3001801|OXA-147	104604	660	1460
gb|FJ854362|+|1702-2257|ARO:3002576|AAC(6')-Ib3	104606	78	632
gb|FJ872530|+|0-825|ARO:3002480|OXA-144	246080	54150	54974
gb|FJ873740|+|0-858|ARO:3001035|TEM-169	3478183	47	904
gb|FJ905898.1|+|328-802|ARO:3004547|dfrA6	54829473	8	481
gb|FJ919776|+|208-1069|ARO:3001034|TEM-168	3478183	47	907
gb|FN594949|+|25244-27167|ARO:3000556|tet44	1758066	1264	3186
gb|FN649414.1|+|2765050-2766355|ARO:3004611|Escherichia_coli_ampC1_beta-lactamase	2924723	414	1718
gb|FN652295|+|0-861|ARO:3001042|TEM-177	3478183	47	907
gb|FO203501.1|+|5123640-5125365|ARO:3005047|eptB	1604265	7395	8634
gb|FO834906.1|+|304977-306633|ARO:3005053|ArnT	1839648	685	2340
gb|FR717535|+|0-861|ARO:3000910|TEM-40	3478183	47	907
gb|FR848831|+|0-861|ARO:3001375|TEM-184	3478183	47	907
gb|FR853176|+|0-825|ARO:3001486|OXA-208	246080	54150	54974
gb|FR865168|+|0-825|ARO:3001488|OXA-216	246080	54150	54974
gb|GQ149347|+|5269-6130|ARO:3001037|TEM-171	3478183	47	907
gb|GQ390805|+|0-813|ARO:3001170|SHV-123	1612535	17	829
gb|GQ390806|+|0-813|ARO:3001171|SHV-124	1612535	17	829
gb|GQ390807|+|0-813|ARO:3001172|SHV-125	1612535	17	829
gb|GQ390808|+|0-813|ARO:3001173|SHV-126	1612535	17	829
gb|GQ390809|+|0-813|ARO:3001174|SHV-127	1612535	17	829
gb|GQ423625.1|+|0-825|ARO:3001442|OXA-117	246080	54150	54974
gb|GQ853679|+|0-825|ARO:3001453|OXA-148	246080	54150	54974
gb|GQ853680|+|0-825|ARO:3001454|OXA-149	246080	54150	54974
gb|GQ853681|+|0-825|ARO:3001455|OXA-150	246080	54150	54974
gb|GQ891757|+|2004-2661|ARO:3002801|QnrVC4	53070132	293	949
gb|GU371926|-|50304-51165|ARO:3000903|TEM-33	3478183	47	907
gb|GU437214.1|+|0-774|ARO:3000858|armA	638787	138	911
gb|GU550123|+|144-1005|ARO:3001041|TEM-176	3478183	47	907
gb|GU591983.1|+|0-1152|ARO:3004615|ADC-11	126080	64	1215
gb|GU827715|+|0-861|ARO:3001176|SHV-129	1612535	17	877
gb|GU932590|+|0-861|ARO:3001175|SHV-128	1612535	17	877
gb|HE616889|+|1826-2627|ARO:3001502|OXA-256	104604	660	1460
gb|HE963768|+|0-825|ARO:3001672|OXA-120	246080	54150	54974
gb|HE963769|+|0-825|ARO:3001673|OXA-248	246080	54150	54974
gb|HE963770|+|0-825|ARO:3001674|OXA-249	246080	54150	54974
gb|HE963771|+|0-825|ARO:3001675|OXA-250	246080	54150	54974
gb|HE981194|+|0-861|ARO:3001347|SHV-164	1612535	17	877
gb|HF947514|+|0-825|ARO:3001504|OXA-309	5350482	157	984
gb|HG931732.1|+|0-825|ARO:3001559|OXA-373	5350482	157	984
gb|HG934763|+|0-861|ARO:3001394|TEM-217	3478183	47	907
gb|HG934764|+|0-864|ARO:3001351|SHV-183	1612535	17	877
gb|HM113558|+|0-825|ARO:3001656|OXA-172	246080	54150	54974
gb|HM113559|+|0-825|ARO:3001657|OXA-173	246080	54150	54974
gb|HM113560|+|0-825|ARO:3001658|OXA-174	246080	54150	54974
gb|HM113561|+|0-825|ARO:3001659|OXA-175	246080	54150	54974
gb|HM113562|+|0-825|ARO:3001660|OXA-176	246080	54150	54974
gb|HM113563|+|0-825|ARO:3001661|OXA-177	246080	54150	54974
gb|HM113564|+|0-825|ARO:3001472|OXA-178	246080	54150	54974
gb|HM246246|+|211-1069|ARO:3001047|TEM-187	3478183	47	904
gb|HM488986|+|0-822|ARO:3001465|OXA-165	254088	81	902
gb|HM488987|+|0-822|ARO:3001466|OXA-166	254088	81	902
gb|HM488988|+|0-822|ARO:3001467|OXA-167	254088	81	902
gb|HM488989|+|0-822|ARO:3001468|OXA-168	254088	81	902
gb|HM488990|+|0-822|ARO:3001469|OXA-169	254088	81	902
gb|HM488991|+|0-822|ARO:3001470|OXA-170	254088	81	902
gb|HM488992|+|0-822|ARO:3001471|OXA-171	254088	81	902
gb|HM559945|+|0-861|ARO:3001178|SHV-134	1612535	17	877
gb|HM570035|+|0-825|ARO:3001473|OXA-179	246080	54150	54974
gb|HM570036|+|0-825|ARO:3001474|OXA-180	246080	54150	54974
gb|HM751100|+|0-861|ARO:3001157|SHV-108	1612535	17	877
gb|HM751103.1|+|0-864|ARO:3001169|SHV-122	1612535	17	877
gb|HQ111474|+|1056-1857|ARO:3001475|OXA-183	104604	660	1460
gb|HQ317449|+|0-861|ARO:3001373|TEM-182	3478183	47	907
gb|HQ425492|+|0-822|ARO:3001479|OXA-194	246080	54150	54971
gb|HQ425493|+|0-822|ARO:3001480|OXA-195	246080	54150	54971
gb|HQ425494|+|0-822|ARO:3001481|OXA-196	246080	54150	54971
gb|HQ425495|+|0-822|ARO:3001482|OXA-197	246080	54150	54971
gb|HQ529916|+|110-971|ARO:3001045|TEM-183	3478183	47	907
gb|HQ637576|+|0-861|ARO:3001179|SHV-135	1612535	17	877
gb|HQ661362|+|71-932|ARO:3001168|SHV-121	1612535	17	877
gb|HQ661363|+|71-932|ARO:3001181|SHV-137	1612535	17	877
gb|HQ662682.1|+|0-1152|ARO:3003878|ADC-56	126080	64	1215
gb|HQ734811|+|0-825|ARO:3001665|OXA-200	246080	54150	54974
gb|HQ734812|+|0-825|ARO:3001666|OXA-201	246080	54150	54974
gb|HQ734813|+|0-825|ARO:3001667|OXA-202	246080	54150	54974
gb|HQ845196|+|0-861|ARO:3001109|SHV-52	1612535	17	877
gb|HQ877606|+|0-861|ARO:3001056|TEM-197	3478183	47	907
gb|HQ877615|+|0-861|ARO:3001159|SHV-110	1612535	17	877
gb|HQ998857|+|0-825|ARO:3001664|OXA-203	246080	54150	54974
gb|JCMW02000002.1|-|55721-56522|ARO:3004489|OXA-663	104604	660	1460
gb|JEXY01000001.1|+|379-1531|ARO:3003888|ADC-82	126080	64	1215
gb|JF265068.1|+|954-2106|ARO:3004617|ADC-30	126080	64	1215
gb|JF795538|+|0-861|ARO:3001374|TEM-185	3478183	47	907
gb|JF812965|+|0-861|ARO:3001167|SHV-120	1612535	17	877
gb|JF949915|+|0-754|ARO:3001052|TEM-192	3478183	77	829
gb|JF969163|+|1053-1893|ARO:3000410|sul1	104600	1307	2146
gb|JN051143|+|0-861|ARO:3001182|SHV-140	1612535	19	877
gb|JN118546|+|1761-2562|ARO:3001500|OXA-251	104604	660	1460
gb|JN211012|+|213-1074|ARO:3001048|TEM-188	3478183	47	907
gb|JN215211|+|0-825|ARO:3001668|OXA-219	246080	54150	54974
gb|JN227084|+|308-1169|ARO:3001046|TEM-186	3478183	47	907
gb|JN248564|+|0-825|ARO:3001669|OXA-223	246080	54150	54974
gb|JN254627|+|0-861|ARO:3001049|TEM-189	3478183	47	907
gb|JN408080|+|0-657|ARO:3002802|QnrVC5	53070132	293	949
gb|JN416112|+|0-861|ARO:3001050|TEM-190	3478183	47	907
gb|JN603240|+|0-825|ARO:3001489|OXA-217	246080	54150	54974
gb|JN638887|+|0-822|ARO:3001493|OXA-225	254088	81	902
gb|JN861779|+|0-825|ARO:3001710|OXA-211	5350482	157	984
gb|JN861780|+|0-825|ARO:3001711|OXA-212	5350482	157	984
gb|JN935135|+|0-861|ARO:3001053|TEM-193	3478183	47	907
gb|JN935136|+|0-861|ARO:3001054|TEM-194	3478183	47	907
gb|JN935137|+|0-861|ARO:3001055|TEM-195	3478183	47	907
gb|JQ029959|+|28-889|ARO:3001184|SHV-142	1612535	17	877
gb|JQ034306|+|0-861|ARO:3001376|TEM-196	3478183	47	907
gb|JQ319653.1|+|0-1152|ARO:3004618|ADC-58	126080	64	1215
gb|JQ319654.1|+|0-1152|ARO:3004619|ADC-59	126080	64	1215
gb|JQ340365|+|0-1434|ARO:3003583|basS	239113	8459	9892
gb|JQ341060.1|-|881-1742|ARO:3001344|SHV-143	1612535	17	877
gb|JQ388884|+|0-861|ARO:3001183|SHV-141	1612535	17	877
gb|JQ692087.1|+|0-1152|ARO:3004620|ADC-60	126080	64	1215
gb|JQ753702.1|+|0-1152|ARO:3003879|ADC-61	126080	64	1215
gb|JQ808129|+|633-1188|ARO:3002546|AAC(6')-Ib	104606	78	632
gb|JQ837239|+|0-822|ARO:3001498|OXA-239	254088	81	902
gb|JQ867374.1|+|0-1152|ARO:3004632|ADC-62	126080	64	1215
gb|JQ926986|+|0-861|ARO:3001345|SHV-144	1612535	17	877
gb|JX013655|+|0-861|ARO:3001185|SHV-145	1612535	17	877
gb|JX025021|+|0-825|ARO:3001679|OXA-241	246080	54150	54974
gb|JX025022|+|0-825|ARO:3001680|OXA-242	246080	54150	54974
gb|JX042489|+|141-1002|ARO:3000890|TEM-19	3478183	47	907
gb|JX050178|+|0-853|ARO:3001058|TEM-199	0	0	0
gb|JX089628|+|0-801|ARO:3001499|OXA-240	104604	660	1460
gb|JX121114|+|0-858|ARO:3001186|SHV-147	1612535	17	874
gb|JX121115|+|0-858|ARO:3001187|SHV-148	1612535	17	874
gb|JX121116|+|0-858|ARO:3001188|SHV-149	1612535	17	874
gb|JX121117|+|0-858|ARO:3001189|SHV-150	1612535	17	874
gb|JX121118|+|0-858|ARO:3001190|SHV-151	1612535	17	874
gb|JX121119|+|0-858|ARO:3001191|SHV-152	1612535	17	874
gb|JX121120|+|0-858|ARO:3001192|SHV-153	1612535	17	874
gb|JX121121|+|0-858|ARO:3001193|SHV-154	1612535	17	874
gb|JX121122|+|0-858|ARO:3001194|SHV-155	1612535	17	874
gb|JX121123|+|0-861|ARO:3001195|SHV-156	1612535	17	877
gb|JX121124|+|0-861|ARO:3001196|SHV-157	1612535	17	877
gb|JX121125|+|0-858|ARO:3001197|SHV-158	1612535	17	874
gb|JX121126|+|0-858|ARO:3001198|SHV-159	1612535	17	874
gb|JX121127|+|0-861|ARO:3001199|SHV-160	1612535	17	877
gb|JX121128|+|0-861|ARO:3001200|SHV-161	1612535	17	877
gb|JX121129|+|0-858|ARO:3001201|SHV-162	1612535	17	874
gb|JX121130|+|0-858|ARO:3001202|SHV-163	1612535	17	874
gb|JX121131|+|0-858|ARO:3001203|SHV-165	1612535	17	874
gb|JX169789.1|+|0-1152|ARO:3004633|ADC-67	126080	64	1215
gb|JX268631|+|0-861|ARO:3001091|SHV-33	1612535	17	877
gb|JX310327|+|0-861|ARO:3001378|TEM-201	3478183	47	907
gb|JX865394.1|+|0-825|ARO:3003597|OXA-441	246080	54150	54974
gb|JX870080|+|0-861|ARO:3001352|SHV-168	1612535	17	877
gb|K00544|+|0-663|ARO:3002672|Bacillus_pumilus_cat86	1262438	2120	2781
gb|KC149518|+|0-861|ARO:3001369|TEM-153	3478183	47	907
gb|KC292503|+|4334-5195|ARO:3000904|TEM-34	3478183	47	907
gb|KC783461|+|0-861|ARO:3001383|TEM-206	3478183	47	907
gb|KC818234|+|0-861|ARO:3001384|TEM-207	3478183	47	907
gb|KC865667|+|183-1044|ARO:3001385|TEM-208	3478183	47	907
gb|KC866352.1|+|0-1152|ARO:3004493|ADC-68	126080	64	1215
gb|KC900516|+|0-858|ARO:3001382|TEM-205	3478183	47	904
gb|KF048907.1|+|0-825|ARO:3001524|OXA-336	246080	54150	54974
gb|KF048909|+|0-825|ARO:3001526|OXA-338	246080	54150	54974
gb|KF048911.1|+|0-825|ARO:3001527|OXA-339	246080	54150	54974
gb|KF048913.1|+|0-825|ARO:3001529|OXA-341	246080	54150	54974
gb|KF048915.1|+|0-825|ARO:3001530|OXA-342	246080	54150	54974
gb|KF048917.1|+|0-825|ARO:3001532|OXA-344	246080	54150	54974
gb|KF048918.1|+|0-825|ARO:3001533|OXA-345	246080	54150	54974
gb|KF048919.1|+|0-825|ARO:3001534|OXA-346	246080	54150	54974
gb|KF057027|+|0-825|ARO:3001443|OXA-121	246080	54150	54974
gb|KF057029|+|0-825|ARO:3001683|OXA-312	246080	54150	54974
gb|KF057030|+|0-825|ARO:3001684|OXA-313	246080	54150	54974
gb|KF057031|+|0-825|ARO:3001685|OXA-314	246080	54150	54974
gb|KF057032|+|0-825|ARO:3001686|OXA-315	246080	54150	54974
gb|KF057033|+|0-825|ARO:3001687|OXA-316	246080	54150	54974
gb|KF057034|+|0-825|ARO:3001688|OXA-317	246080	54150	54974
gb|KF203108|+|0-825|ARO:3001522|OXA-334	5350482	157	984
gb|KF240808|+|0-861|ARO:3001386|TEM-209	3478183	47	907
gb|KF305666.1|+|0-825|ARO:3001715|OXA-259	246080	54150	54974
gb|KF513177|+|0-861|ARO:3001356|SHV-172	1612535	17	877
gb|KF513178|+|0-861|ARO:3001357|SHV-173	1612535	17	877
gb|KF513179|+|0-861|ARO:3001388|TEM-211	3478183	47	907
gb|KF663615|+|0-858|ARO:3001390|TEM-213	3478183	47	904
gb|KF705208|+|0-861|ARO:3001362|SHV-179	1612535	17	877
gb|KF705209|+|0-861|ARO:3001361|SHV-178	1612535	17	877
gb|KF711993|+|0-801|ARO:3001807|OXA-246	104604	660	1460
gb|KF885217|+|0-825|ARO:3001552|OXA-365	246080	54150	54974
gb|KF944358|+|0-861|ARO:3001393|TEM-216	3478183	47	907
gb|KF986253|-|15-840|ARO:3001571|OXA-385	246080	54150	54974
gb|KF986254|-|34-859|ARO:3001572|OXA-386	246080	54150	54974
gb|KF986255|+|16-841|ARO:3001560|OXA-374	246080	54150	54974
gb|KF986256.1|-|40-865|ARO:3001561|OXA-375	246080	54150	54974
gb|KF986257|+|20-845|ARO:3001562|OXA-376	246080	54150	54974
gb|KF986258|+|14-839|ARO:3001563|OXA-377	246080	54150	54974
gb|KF986259.1|-|16-841|ARO:3001564|OXA-378	246080	54150	54974
gb|KF986260|+|20-845|ARO:3001565|OXA-379	246080	54150	54974
gb|KF986261|-|44-869|ARO:3001566|OXA-380	246080	54150	54974
gb|KF986262.1|-|27-852|ARO:3001569|OXA-383	246080	54150	54974
gb|KF986263.1|-|90-915|ARO:3001570|OXA-384	246080	54150	54974
gb|KJ135342.1|-|48-873|ARO:3001576|OXA-390	246080	54150	54974
gb|KJ135343|+|14-839|ARO:3001574|OXA-388	246080	54150	54974
gb|KJ135344|+|14-839|ARO:3001567|OXA-381	246080	54150	54974
gb|KJ135345|+|14-839|ARO:3001568|OXA-382	246080	54150	54974
gb|KJ135346|+|14-839|ARO:3001575|OXA-389	246080	54150	54974
gb|KJ173478|+|0-825|ARO:3001573|OXA-387	246080	54150	54974
gb|KJ420612.1|+|1821-2622|ARO:3001409|OXA-14	104604	660	1460
gb|KJ427797|+|0-825|ARO:3001577|OXA-391	246080	54150	54974
gb|KJ584914.1|+|0-825|ARO:3001605|OXA-414	246080	54150	54974
gb|KJ584915.1|+|0-825|ARO:3001597|OXA-406	246080	54150	54974
gb|KJ584916.1|+|0-825|ARO:3001598|OXA-407	246080	54150	54974
gb|KJ584917.1|+|0-825|ARO:3001599|OXA-408	246080	54150	54974
gb|KJ584918.1|+|0-828|ARO:3001600|OXA-409	246080	54150	54974
gb|KJ584920.1|+|0-825|ARO:3001602|OXA-411	246080	54150	54974
gb|KJ584921.1|+|0-825|ARO:3001603|OXA-412	246080	54150	54974
gb|KJ584922.1|+|0-825|ARO:3001604|OXA-413	246080	54150	54974
gb|KJ657570|+|0-801|ARO:3001495|OXA-233	104604	660	1460
gb|KJ776406|+|16-877|ARO:3001340|SHV-119	1612535	17	877
gb|KJ780076.1|+|0-825|ARO:3001587|OXA-401	246080	54150	54974
gb|KJ780077.1|+|0-825|ARO:3001588|OXA-402	246080	54150	54974
gb|KJ780078.1|+|0-825|ARO:3001586|OXA-400	246080	54150	54974
gb|KJ920337.1|+|0-825|ARO:3001589|OXA-403	246080	54150	54974
gb|KJ920338.1|+|0-825|ARO:3001595|OXA-404	246080	54150	54974
gb|KJ949070.1|+|0-1215|ARO:3005039|PDC-55	232416	35514	36736
gb|KJ949080.1|+|0-1194|ARO:3005038|PDC-65	232416	35514	36707
gb|KM087842|+|0-822|ARO:3001584|OXA-398	254088	81	902
gb|KM114268|+|0-861|ARO:3003157|TEM-219	3478183	47	907
gb|KM233164|+|0-861|ARO:3003152|SHV-185	1612535	17	877
gb|KM233165|+|0-861|ARO:3003153|SHV-186	1612535	17	877
gb|KM433671|+|0-822|ARO:3003160|OXA-422	254088	81	902
gb|KM433672|+|0-822|ARO:3003161|OXA-423	254088	81	902
gb|KM555152|+|0-657|ARO:3003193|QnrVC7	53070132	293	949
gb|KM588352|+|0-825|ARO:3003147|OXA-424	246080	54150	54974
gb|KM588353|+|0-825|ARO:3003148|OXA-425	246080	54150	54974
gb|KM588354|+|0-825|ARO:3003149|OXA-426	246080	54150	54974
gb|KM979376.1|+|20-845|ARO:3003120|OXA-429	246080	54150	54974
gb|KM979378.1|+|14-839|ARO:3003124|OXA-431	246080	54150	54974
gb|KM979379.1|+|14-839|ARO:3003125|OXA-432	246080	54150	54974
gb|KM979380.1|+|25-850|ARO:3003126|OXA-433	246080	54150	54974
gb|KM998962.1|+|0-861|ARO:3003158|TEM-220	3478183	47	907
gb|KP050485|+|0-822|ARO:3001553|OXA-366	254088	81	902
gb|KP050487.1|+|0-861|ARO:3001350|SHV-180	1612535	17	877
gb|KP050489|+|0-861|ARO:3001364|SHV-182	1612535	17	877
gb|KP050491|+|0-861|ARO:3001391|TEM-214	3478183	47	907
gb|KP050492|+|0-861|ARO:3001392|TEM-215	3478183	47	907
gb|KP050494|+|0-861|ARO:3003156|SHV-189	1612535	17	877
gb|KP143090.1|-|1199-1619|ARO:3003209|FosA5	29844	930	1349
gb|KP144324|+|0-822|ARO:3003162|OXA-435	254088	81	902
gb|KP264124.1|+|76-898|ARO:3003639|OXA-482	254088	81	902
gb|KP264125.1|+|83-905|ARO:3003640|OXA-483	254088	81	902
gb|KP727574.1|+|0-822|ARO:3003596|OXA-440	254088	81	902
gb|KP844571.1|+|0-825|ARO:3003598|OXA-442	246080	54150	54974
gb|KP881233.1|+|0-1152|ARO:3004634|ADC-73	126080	64	1215
gb|KP881234.1|+|0-1152|ARO:3003880|ADC-74	126080	64	1215
gb|KP881235.1|+|0-1152|ARO:3003881|ADC-75	126080	64	1215
gb|KP881236.1|+|0-1152|ARO:3003882|ADC-76	126080	64	1215
gb|KP881237.1|+|53-1205|ARO:3003883|ADC-77	126080	64	1215
gb|KP881238.1|+|0-1152|ARO:3003884|ADC-78	126080	64	1215
gb|KP881239.1|+|0-1152|ARO:3003885|ADC-79	126080	64	1215
gb|KP881241.1|+|0-1167|ARO:3003887|ADC-81	126080	64	1215
gb|KR057742.1|+|0-1116|ARO:3004336|PDC-73	232416	35595	36707
gb|KR057744.1|+|0-1116|ARO:3004338|PDC-75	232416	35595	36707
gb|KR057745.1|+|0-1116|ARO:3004339|PDC-76	232416	35595	36707
gb|KR057746.1|+|0-1116|ARO:3004340|PDC-77	232416	35595	36707
gb|KR057747.1|+|0-1116|ARO:3004341|PDC-78	232416	35595	36707
gb|KR057748.1|+|0-1116|ARO:3004342|PDC-79	232416	35595	36707
gb|KR057750.1|+|0-1116|ARO:3004344|PDC-81	232416	35595	36707
gb|KR057751.1|+|0-1116|ARO:3004345|PDC-82	232416	35595	36707
gb|KR057752.1|+|0-1116|ARO:3004346|PDC-83	232416	35595	36707
gb|KR057753.1|+|0-1116|ARO:3004347|PDC-84	232416	35595	36707
gb|KR057754.1|+|0-1116|ARO:3004348|PDC-85	232416	35595	36707
gb|KR057756.1|+|0-1116|ARO:3004350|PDC-87	232416	35592	36707
gb|KR057757.1|+|0-1110|ARO:3004351|PDC-88	232416	35592	36707
gb|KR057758.1|+|0-1107|ARO:3004352|PDC-89	232416	35592	36707
gb|KR057759.1|+|0-1107|ARO:3004353|PDC-90	232416	35592	36707
gb|KR057760.1|+|0-1104|ARO:3004354|PDC-91	232416	35592	36707
gb|KR057761.1|+|0-1110|ARO:3004355|PDC-92	232416	35592	36707
gb|KR057762.1|+|0-1116|ARO:3004356|PDC-93	232416	35592	36707
gb|KR091911.1|-|74564-75350|ARO:3002578|AAC(6')-Ib7	"95508, 26514331, 104606"	1383	2187
gb|KR872296.1|+|0-825|ARO:3003637|OXA-480	246080	54150	54974
gb|KT736121.1|+|1176-1977|ARO:3001555|OXA-368	104604	660	1460
gb|KU254579.1|+|59421-59841|ARO:3004111|FosA6	29844	930	1349
gb|KU736867.1|+|19653-21573|ARO:3004442|tet(W/N/W)	211793	746	2659
gb|KX092356.1|+|192-1053|ARO:3001062|SHV-3	1612535	17	877
gb|KX354370.1|+|0-1194|ARO:3004343|PDC-80	232416	35514	36707
gb|KY432484.1|+|0-861|ARO:3001051|TEM-191	3478183	47	907
gb|LC037981|+|0-801|ARO:3003610|OXA-454	104604	660	1460
gb|LK391770.1|+|19707-20568|ARO:3000876|TEM-4	3478183	47	907
gb|LLNM01000004.1|-|97677-98466|ARO:3003642|OXA-485	237664	19144	19932
gb|LLSH01000109.1|+|88827-90021|ARO:3004349|PDC-86	232416	35514	36707
gb|LN515533|+|0-867|ARO:3003154|SHV-187	1612535	11	877
gb|LN515534|+|0-873|ARO:3003155|SHV-188	1612535	11	877
gb|LT985229.1|+|36107-36968|ARO:3001063|SHV-4	1612535	17	877
gb|M18896.2|+|206-2126|ARO:3000190|tetO	248320	254	2173
gb|M36726.1|+|295-1150|ARO:3000596|ErmX	3789486	236	1090
gb|M55547|+|0-825|ARO:3001404|OXA-9	48423030	40	864
gb|M88143|+|367-1228|ARO:3000884|TEM-12	3478183	47	907
gb|M90056.1|+|908-2477|ARO:3002829|vgaA	240808	1	1100
gb|MG229642.1|+|0-1152|ARO:3005037|ADC-159	126080	64	1215
gb|MG601730.1|+|0-1152|ARO:3003852|ADC-6	126080	64	1215
gb|NC_002516.2|-|779462-780101|ARO:3002679|Pseudomonas_aeruginosa_catB7	309838	78567	79205
gb|NGCN01000023.1|-|65770-66595|ARO:3001528|OXA-340	246080	54150	54974
gb|NG_049717.1|+|13-838|ARO:3003121|OXA-430	246080	54150	54974
gb|NG_050218.1|+|0-1061|ARO:3001044|TEM-181	0	0	0
gb|NG_050256.1|+|100-961|ARO:3000896|TEM-26	3478183	47	907
gb|NG_050607.1|+|100-925|ARO:3001496|OXA-234	246080	54150	54974
gb|NG_051744.1|+|100-1294|ARO:3004337|PDC-74	232416	35514	36707
gb|NWUK01000007.1|-|12139-12964|ARO:3001531|OXA-343	246080	54150	54974
gb|PYSX01000023.1|+|160178-161003|ARO:3001525|OXA-337	246080	54150	54974
gb|S82452|+|120-978|ARO:3001068|SHV-9	1612535	17	877
gb|SMRY02000082.1|-|17219-18008|ARO:3003645|OXA-488	237664	19144	19932
gb|U00096.3|-|3203309-3204131|ARO:3002986|bacA	248330	2133	2954
gb|U00096.3|-|4377810-4378944|ARO:3004290|Escherichia_coli_ampC	246331	5463	6596
gb|U00096.3|-|721055-721733|ARO:3003841|kdpE	239041	6264	6941
gb|U00096|+|2367070-2368039|ARO:3003578|pmrF	251478	3047	4015
gb|U00096|-|2098446-2099613|ARO:3003577|ugd	0	0	0
gb|U15027|+|0-624|ARO:3002686|catP	5332739	372	995
gb|U20270|+|124-985|ARO:3001066|SHV-7	1612535	17	877
gb|U36911.1|+|1429-2290|ARO:3000979|TEM-116	3478183	47	907
gb|U37105.2|+|2806-3640|ARO:3004692|aadA10	104604	1477	2310
gb|U37195|+|75-936|ARO:3000898|TEM-28	3478183	47	907
gb|U59183|+|247-859|ARO:3002581|AAC(6')-Ib10	104606	19	632
gb|U59183|+|939-1740|ARO:3001408|OXA-13	104604	660	1460
gb|U92041|+|0-861|ARO:3001067|SHV-8	1612535	17	877
gb|U95363|+|0-861|ARO:3000912|TEM-43	3478183	47	907
gb|V00618.1|+|150-945|ARO:3002644|APH(3')-IIa	55547182	16	591
gb|V01499|+|230-1256|ARO:3002655|APH(4)-Ia	53827366	1047	2072
gb|X02340.1|+|222-1194|ARO:3004089|ANT(3'')-IIa	104600	1	802
gb|X54606|+|214-1075|ARO:3000874|TEM-2	3478183	47	907
gb|X55640|+|111-972|ARO:3001064|SHV-5	1612535	17	877
gb|X57972|+|339-1200|ARO:3000878|TEM-6	3478183	47	907
gb|X64523.1|-|476-1337|ARO:3000875|TEM-3	3478183	47	907
gb|X65252|+|175-1036|ARO:3000880|TEM-8	3478183	47	907
gb|X65253|+|175-1036|ARO:3000894|TEM-24	3478183	47	907
gb|X65254|+|175-1036|ARO:3000887|TEM-16	3478183	47	907
gb|X75562|+|134-935|ARO:3001402|OXA-7	104604	660	1460
gb|X90856|+|387-1194|ARO:3002645|APH(3')-IIb	232416	6926	7732
gb|X95401|+|208-1069|ARO:3000914|TEM-45	3478183	47	907
gb|X97254|+|153-1011|ARO:3001043|TEM-178	3478183	47	907
gb|X98047|+|0-844|ARO:3000911|TEM-42	3478183	56	898
gb|X98101|+|73-934|ARO:3001070|SHV-11	1612535	17	877
gb|X98102|+|73-934|ARO:3001061|SHV-2A	1612535	17	877
gb|Y10279|+|0-861|ARO:3000916|TEM-47	3478183	47	907
gb|Y10280|+|0-861|ARO:3000917|TEM-48	3478183	47	907
gb|Y10281|+|0-861|ARO:3000918|TEM-49	3478183	47	907
gb|Y11069|+|0-780|ARO:3001065|SHV-6	1612535	47	826
gb|Y13612|+|0-861|ARO:3000921|TEM-52	3478183	47	907
gb|Y14574|+|0-861|ARO:3000888|TEM-17	3478183	47	907
gb|Y17581|+|78-936|ARO:3000891|TEM-20	3478183	47	904
gb|Y17582|+|0-858|ARO:3000892|TEM-21	3478183	47	904
gb|Y17583|+|213-1071|ARO:3000893|TEM-22	3478183	47	904
gb|Y17584|+|0-858|ARO:3000899|TEM-29	3478183	47	904
gb|Z22590|+|154-955|ARO:3001406|OXA-11	104604	660	1460
gb|Z54241.1|+|529-1051|ARO:3002559|AAC(6')-Ip	53314296	163	685
gb|AF043100|+|0-775|ARO:3001411|OXA-16  Partial	0	0	0
gb|DQ902344.1|+|2716-3517|ARO:3001412|OXA-17  Partial	0	0	0
gb|AY590467|+|0-729|ARO:3001110|SHV-53  Partial	0	0	0
gb|AY130282|+|0-764|ARO:3000980|TEM-117  Partial	0	0	0
gb|AY130285|+|0-785|ARO:3000981|TEM-118  Partial	0	0	0
gb|NG_050218.1|+|0-1061|ARO:3001044|TEM-181  Partial	0	0	0
gb|AF527798.1|+|0-785|ARO:3000879|TEM-7  Partial	0	0	0
gb|AY130284|+|0-785|ARO:3000941|TEM-75  Partial	0	0	0
gb|JX050178|+|0-853|ARO:3001058|TEM-199  Partial	0	0	0