Unnamed: 0	Query	Path_Bandage	Start_Bandage	End_Bandage	Extracted_Path	Start_SPAligner	End_SPAligner	Path_SPAligner	Path_GraphAligner	Start_GraphAligner	End_GraphAligner	ResultsBandageVSSPAligner
0	gb|AB023477|+|0-861|ARO:3001082|SHV-24	(24) 5151- (884)	24	884	5151	0	0	0	5151	24	884	Different
1	gb|AB049569|+|0-861|ARO:3000958|TEM-91	(37) 5967+ (897)	37	897	5967	36	897	5967	5967	37	897	SinglePathMatch
2	gb|AB302939|+|8-869|ARO:3001115|SHV-60	(24) 5151- (884)	24	884	5151	23	884	5151	5151	24	884	SinglePathMatch
3	gb|AB372881|+|8-869|ARO:3001160|SHV-111	(24) 5151- (884)	24	884	5151	23	884	5151	5151	24	884	SinglePathMatch
4	gb|AB551737|+|14-875|ARO:3001177|SHV-133	(24) 5151- (884)	24	884	5151	23	884	5151	5151	24	884	SinglePathMatch
5	gb|AB700703|+|161-1022|ARO:3001057|TEM-198	(37) 5967+ (897)	37	897	5967	36	897	5967	5967	37	897	SinglePathMatch
6	gb|AB733453|+|3-849|ARO:3001204|SHV-167	(24) 5151- (869)	24	869	5151	23	869	5151	5151	24	869	SinglePathMatch
7	gb|AF024602|+|3155-3992|ARO:3002660|APH(6)-Id	(836) 5093+ (1672)	836	1672	5093	835	1672	5093	5093	836	1672	SinglePathMatch
8	gb|AF043381|+|251-863|ARO:3002580|AAC(6')-Ib9	(56) 7593+ (642)	56	642	7593	39	642	7593	7593	56	642	SinglePathMatch
9	gb|AF047171|+|135-996|ARO:3000929|TEM-60	(37) 5967+ (897)	37	897	5967	0	0	0	5967	37	897	Different
10	gb|AF047479|+|1295-2087|ARO:3002603|aadA3	(1688) 7591+ (2477) , (712) 7593+ (1500)	1688, 712	2477, 1500	7591,7593	1687	2479	7591	7591	1688	2477	SinglePathMatch
11	gb|AF062386|+|30-862|ARO:3000928|TEM-59	(37) 5967+ (867)	37	867	5967	0	0	0	5967	37	867	Different
12	gb|AF072684|+|117-993|ARO:3001075|SHV-16	(24) 5151- (884)	24	884	5151	23	884	5151	5151	24	884	SinglePathMatch
13	gb|AF078527|+|3769-4303|ARO:3000230|ANT(2'')-Ia	(67) 20959+ (600)	67	600	20959	66	600	20959	20959	67	600	SinglePathMatch
14	gb|AF091113|+|450-1311|ARO:3000934|TEM-67	(37) 5967+ (897)	37	897	5967	0	0	0	5967	37	897	Different
15	gb|AF093512|+|197-1058|ARO:3000882|TEM-10	(37) 5967+ (897)	37	897	5967	36	897	5967	5967	37	897	SinglePathMatch
16	gb|AF104441|+|193-1054|ARO:3000922|TEM-53	(37) 5967+ (897)	37	897	5967	0	0	0	5967	37	897	Different
17	gb|AF104442|+|193-1054|ARO:3000923|TEM-54	(37) 5967+ (897)	37	897	5967	0	0	0	5967	37	897	Different
18	gb|AF117743|+|0-780|ARO:3001077|SHV-19	(54) 5151- (833)	54	833	5151	53	833	5151	5151	54	833	SinglePathMatch
19	gb|AF117744|+|0-780|ARO:3001078|SHV-20	(54) 5151- (833)	54	833	5151	0	0	0	5151	54	833	Different
20	gb|AF117745|+|0-780|ARO:3001079|SHV-21	(54) 5151- (833)	54	833	5151	0	0	0	5151	54	833	Different
21	gb|AF117746|+|0-780|ARO:3001080|SHV-22	(54) 5151- (833)	54	833	5151	0	0	0	5151	54	833	Different
22	gb|AF117747|+|0-780|ARO:3001081|SHV-23	(54) 5151- (833)	54	833	5151	0	0	0	5151	54	833	Different
23	gb|AF132290|+|87-948|ARO:3001076|SHV-18	(24) 5151- (884)	24	884	5151	23	884	5151	5151	24	884	SinglePathMatch
24	gb|AF143804|+|0-861|ARO:3000959|TEM-92	(37) 5967+ (897)	37	897	5967	36	897	5967	5967	37	897	SinglePathMatch
25	gb|AF148851|+|5-866|ARO:3001060|SHV-2	(24) 5151- (884)	24	884	5151	0	0	0	5151	24	884	Different
26	gb|AF156486|+|5012-5792|ARO:3002602|aadA2	(1700) 7591+ (2479) , (732) 7593+ (1498)	1700, 732	2479, 1498	7591,7593	1699	2479	7591	7591	1700	2479	SinglePathMatch
27	gb|AF157553|+|147-1008|ARO:3000938|TEM-72	(37) 5967+ (897)	37	897	5967	36	897	5967	5967	37	897	SinglePathMatch
28	gb|AF164577|+|0-861|ARO:3001072|SHV-13	(24) 5151- (884)	24	884	5151	0	0	0	5151	24	884	Different
29	gb|AF188199|+|214-1075|ARO:3000936|TEM-70	(37) 5967+ (897)	37	897	5967	0	0	0	5967	37	897	Different
30	gb|AF190692|+|208-1069|ARO:3000946|TEM-79	(37) 5967+ (897)	37	897	5967	36	897	5967	5967	37	897	SinglePathMatch
31	gb|AF190693|+|208-1069|ARO:3000944|TEM-78	(37) 5967+ (897)	37	897	5967	36	897	5967	5967	37	897	SinglePathMatch
32	gb|AF190694|+|208-1069|ARO:3000942|TEM-76	(37) 5967+ (897)	37	897	5967	36	897	5967	5967	37	897	SinglePathMatch
33	gb|AF203816|+|210-1071|ARO:3000937|TEM-71	(37) 5967+ (897)	37	897	5967	36	897	5967	5967	37	897	SinglePathMatch
34	gb|AF208796|+|0-861|ARO:3001083|SHV-25	(24) 5151- (884)	24	884	5151	0	0	0	5151	24	884	Different
35	gb|AF226622|+|54-915|ARO:3001073|SHV-14	(24) 5151- (884)	24	884	5151	0	0	0	5151	24	884	Different
36	gb|AF227204|+|73-934|ARO:3001084|SHV-26	(24) 5151- (884)	24	884	5151	0	0	0	5151	24	884	Different
37	gb|AF250872|+|0-861|ARO:3000954|TEM-87	(37) 5967+ (897)	37	897	5967	36	897	5967	5967	37	897	SinglePathMatch
38	gb|AF293345|+|0-861|ARO:3001085|SHV-27	(24) 5151- (884)	24	884	5151	0	0	0	5151	24	884	Different
39	gb|AF299299|+|0-861|ARO:3001086|SHV-28	(24) 5151- (884)	24	884	5151	0	0	0	5151	24	884	Different
40	gb|AF301532|+|7-868|ARO:3001087|SHV-29	(24) 5151- (884)	24	884	5151	0	0	0	5151	24	884	Different
41	gb|AF313472|+|15593-16397|ARO:3002639|APH(3'')-Ib	(33) 5093+ (836)	33	836	5093	32	836	5093	5093	33	836	SinglePathMatch
42	gb|AF332513|+|103-964|ARO:3000931|TEM-63	(37) 5967+ (897)	37	897	5967	0	0	0	5967	37	897	Different
43	gb|AF347054|+|208-1069|ARO:3000947|TEM-80	(37) 5967+ (897)	37	897	5967	36	897	5967	5967	37	897	SinglePathMatch
44	gb|AF351241|+|89-950|ARO:3000957|TEM-90	(37) 5967+ (897)	37	897	5967	36	897	5967	5967	37	897	SinglePathMatch
45	gb|AF427127|+|208-1069|ARO:3000948|TEM-81	(37) 5967+ (897)	37	897	5967	36	897	5967	5967	37	897	SinglePathMatch
46	gb|AF427128|+|208-1069|ARO:3000949|TEM-82	(37) 5967+ (897)	37	897	5967	36	897	5967	5967	37	897	SinglePathMatch
47	gb|AF427129|+|208-1069|ARO:3000950|TEM-83	(37) 5967+ (897)	37	897	5967	36	897	5967	5967	37	897	SinglePathMatch
48	gb|AF427130|+|208-1069|ARO:3000951|TEM-84	(37) 5967+ (897)	37	897	5967	36	897	5967	5967	37	897	SinglePathMatch
49	gb|AF445082|+|2788-3343|ARO:3002577|AAC(6')-Ib4	(88) 7593+ (642)	88	642	7593	87	642	7593	7593	88	642	SinglePathMatch
50	gb|AF467947|+|0-861|ARO:3001094|SHV-36	(24) 5151- (884)	24	884	5151	0	0	0	5151	24	884	Different
51	gb|AF467948|+|0-861|ARO:3001095|SHV-37	(24) 5151- (884)	24	884	5151	0	0	0	5151	24	884	Different
52	gb|AF468003|+|0-861|ARO:3000974|TEM-111	(37) 5967+ (897)	37	897	5967	36	897	5967	5967	37	897	SinglePathMatch
53	gb|AF495873|+|0-861|ARO:3000964|TEM-101	(37) 5967+ (897)	37	897	5967	36	897	5967	5967	37	897	SinglePathMatch
54	gb|AF506748|+|38-899|ARO:3000971|TEM-108	(45) 5967+ (897)	45	897	5967	44	897	5967	5967	45	897	SinglePathMatch
55	gb|AF516719|+|214-1075|ARO:3000967|TEM-104	(37) 5967+ (897)	37	897	5967	36	897	5967	5967	37	897	SinglePathMatch
56	gb|AF516720|+|214-1075|ARO:3000968|TEM-105	(37) 5967+ (897)	37	897	5967	36	897	5967	5967	37	897	SinglePathMatch
57	gb|AF527798.1|+|0-785|ARO:3000879|TEM-7	(73) 5967+ (857)	73	857	5967	0	0	0	0	0	0	Different
58	gb|AF535127|+|208-1069|ARO:3000978|TEM-115	(37) 5967+ (897)	37	897	5967	36	897	5967	5967	37	897	SinglePathMatch
59	gb|AF535128|+|0-861|ARO:3001098|SHV-40	(24) 5151- (884)	24	884	5151	0	0	0	5151	24	884	Different
60	gb|AF535129|+|0-861|ARO:3001099|SHV-41	(24) 5151- (884)	24	884	5151	0	0	0	5151	24	884	Different
61	gb|AF535130|+|0-861|ARO:3001100|SHV-42	(24) 5151- (884)	24	884	5151	23	884	5151	5151	24	884	SinglePathMatch
62	gb|AF547625|+|0-861|ARO:3001103|SHV-45	(24) 5151- (884)	24	884	5151	23	884	5151	5151	24	884	SinglePathMatch
63	gb|AF550679.1|-|80976-81768|ARO:3002601|aadA	(712) 7593+ (1500) , (1688) 7591+ (2477)	712, 1688	1500, 2477	7593,7591	711	1500	7593	7593	712	1500	SinglePathMatch
64	gb|AHLO01000073.1|+|63138-63558|ARO:3004661|Staphylococcus_aureus_FosB	(142) 2925+ (561)	142	561	2925	141	561	2925	2925	142	561	SinglePathMatch
65	gb|AJ011428|+|0-861|ARO:3001074|SHV-15	(24) 5151- (884)	24	884	5151	23	884	5151	5151	24	884	SinglePathMatch
66	gb|AJ011502.1|+|300-1425|ARO:3004122|Klebsiella_pneumoniae_OmpK37	(5331) 4387+ (6485)	5331	6485	4387	0	0	0	4387	5331	6485	Different
67	gb|AJ012256|+|208-1069|ARO:3000939|TEM-73	(37) 5967+ (897)	37	897	5967	36	897	5967	5967	37	897	SinglePathMatch
68	gb|AJ239002|+|0-861|ARO:3000935|TEM-68	(37) 5967+ (897)	37	897	5967	0	0	0	5967	37	897	Different
69	gb|AJ277414|+|0-861|ARO:3000952|TEM-85	(37) 5967+ (897)	37	897	5967	36	897	5967	5967	37	897	SinglePathMatch
70	gb|AJ277415|+|0-861|ARO:3000953|TEM-86	(37) 5967+ (897)	37	897	5967	36	897	5967	5967	37	897	SinglePathMatch
71	gb|AJ308558|+|181-1042|ARO:3000962|TEM-95	(37) 5967+ (897)	37	897	5967	0	0	0	5967	37	897	Different
72	gb|AJ318093|+|0-861|ARO:3000960|TEM-93	(37) 5967+ (897)	37	897	5967	36	897	5967	5967	37	897	SinglePathMatch
73	gb|AJ318094|+|0-861|ARO:3000961|TEM-94	(37) 5967+ (897)	37	897	5967	0	0	0	5967	37	897	Different
74	gb|AJ437107|+|208-1069|ARO:3000900|TEM-30	(37) 5967+ (897)	37	897	5967	36	897	5967	5967	37	897	SinglePathMatch
75	gb|AJ634602.1|-|7839-8700|ARO:3000999|TEM-135	(37) 5967+ (897)	37	897	5967	0	0	0	5967	37	897	Different
76	gb|AJ746225|+|0-861|ARO:3000993|TEM-129	(37) 5967+ (897)	37	897	5967	36	897	5967	5967	37	897	SinglePathMatch
77	gb|AJ809407|+|118-898|ARO:3002620|aadA23	(732) 7593+ (1500) , (1700) 7591+ (2477)	732, 1700	1500, 2477	7593,7591	723	1500	7593	7593	732	1500	SinglePathMatch
78	gb|AJ863560|+|0-861|ARO:3001111|SHV-55	(24) 5151- (884)	24	884	5151	23	884	5151	5151	24	884	SinglePathMatch
79	gb|AJ866284|+|0-861|ARO:3001116|SHV-61	(24) 5151- (884)	24	884	5151	23	884	5151	5151	24	884	SinglePathMatch
80	gb|AJ866285|+|0-861|ARO:3001117|SHV-62	(24) 5151- (884)	24	884	5151	23	884	5151	5151	24	884	SinglePathMatch
81	gb|AJ866988|+|0-861|ARO:3000994|TEM-130	(37) 5967+ (897)	37	897	5967	0	0	0	5967	37	897	Different
82	gb|AJ920369|+|23-860|ARO:3001071|SHV-12	(24) 5151- (860)	24	860	5151	23	860	5151	5151	24	860	SinglePathMatch
83	gb|AL513383|+|161910-162771|ARO:3000873|TEM-1	(37) 5967+ (897)	37	897	5967	36	897	5967	5967	37	897	SinglePathMatch
84	gb|AM040708.1|+|1173-1965|ARO:3004704|aadA8b	(1688) 7591+ (2477) , (712) 7593+ (1500)	1688, 712	2477, 1500	7591,7593	1687	2479	7591	7591	1688	2477	SinglePathMatch
85	gb|AM049399|+|0-861|ARO:3001007|TEM-144	(37) 5967+ (897)	37	897	5967	36	897	5967	5967	37	897	SinglePathMatch
86	gb|AM087453|+|25-856|ARO:3001138|SHV-84	(24) 5151- (854)	24	854	5151	0	0	0	5151	24	854	Different
87	gb|AM087454|+|208-1069|ARO:3001015|TEM-148	(37) 5967+ (897)	37	897	5967	36	897	5967	5967	37	897	SinglePathMatch
88	gb|AM176546|+|0-861|ARO:3001125|SHV-71	(24) 5151- (884)	24	884	5151	0	0	0	5151	24	884	Different
89	gb|AM176547|+|30-891|ARO:3001126|SHV-72	(24) 5151- (884)	24	884	5151	0	0	0	5151	24	884	Different
90	gb|AM176548|+|16-874|ARO:3001127|SHV-73	(32) 5151- (884)	32	884	5151	0	0	0	5151	32	884	Different
91	gb|AM176549|+|30-891|ARO:3001128|SHV-74	(24) 5151- (884)	24	884	5151	0	0	0	5151	24	884	Different
92	gb|AM176550|+|30-891|ARO:3001129|SHV-75	(24) 5151- (884)	24	884	5151	0	0	0	5151	24	884	Different
93	gb|AM176551|+|30-891|ARO:3001130|SHV-76	(24) 5151- (884)	24	884	5151	0	0	0	5151	24	884	Different
94	gb|AM176552|+|30-891|ARO:3001131|SHV-77	(24) 5151- (884)	24	884	5151	0	0	0	5151	24	884	Different
95	gb|AM176553|+|30-891|ARO:3001132|SHV-78	(24) 5151- (884)	24	884	5151	0	0	0	5151	24	884	Different
96	gb|AM176554|+|30-891|ARO:3001133|SHV-79	(24) 5151- (884)	24	884	5151	0	0	0	5151	24	884	Different
97	gb|AM176555|+|0-861|ARO:3001134|SHV-80	(24) 5151- (884)	24	884	5151	0	0	0	5151	24	884	Different
98	gb|AM176556|+|25-886|ARO:3001135|SHV-81	(24) 5151- (884)	24	884	5151	0	0	0	5151	24	884	Different
99	gb|AM176557|+|0-861|ARO:3001136|SHV-82	(24) 5151- (884)	24	884	5151	0	0	0	5151	24	884	Different
100	gb|AM176558|+|0-861|ARO:3001137|SHV-83	(26) 5151- (884)	26	884	5151	0	0	0	5151	26	884	Different
101	gb|AM183304|+|208-1069|ARO:3001017|TEM-150	(37) 5967+ (897)	37	897	5967	36	897	5967	5967	37	897	SinglePathMatch
102	gb|AM261837|+|73-865|ARO:3002619|aadA22	(712) 7593+ (1500) , (1688) 7591+ (2464)	712, 1688	1500, 2464	7593,7591	711	1500	7593	7593	712	1500	SinglePathMatch
103	gb|AM286274|+|0-861|ARO:3001001|TEM-137	(37) 5967+ (897)	37	897	5967	0	0	0	5967	37	897	Different
104	gb|AM849805|+|262-1123|ARO:3000886|TEM-15	(37) 5967+ (897)	37	897	5967	36	897	5967	5967	37	897	SinglePathMatch
105	gb|AM941159|+|208-1069|ARO:3001022|TEM-156	(37) 5967+ (897)	37	897	5967	36	897	5967	5967	37	897	SinglePathMatch
106	gb|AM941844|+|0-861|ARO:3001336|SHV-98	(24) 5151- (884)	24	884	5151	23	884	5151	5151	24	884	SinglePathMatch
107	gb|AM941845|+|0-861|ARO:3001337|SHV-99	(24) 5151- (884)	24	884	5151	23	884	5151	5151	24	884	SinglePathMatch
108	gb|AM941847|+|0-861|ARO:3001155|SHV-106	(24) 5151- (884)	24	884	5151	23	884	5151	5151	24	884	SinglePathMatch
109	gb|AM941848|+|0-861|ARO:3001156|SHV-107	(24) 5151- (884)	24	884	5151	23	884	5151	5151	24	884	SinglePathMatch
110	gb|AM990992.1|-|1001760-1003680|ARO:3000186|tetM	(33708) 1107- (35627)	33708	35627	1107	0	0	0	1107	33708	35627	Different
111	gb|AP009048|-|4338624-4340268|ARO:3003576|eptA	(20664) 7505- (22307)	20664	22307	7505	0	0	0	7505	20664	22307	Different
112	gb|AP012030.1|-|395553-396711|ARO:3004612|Escherichia_coli_ampH	(38506) 33403+ (39663)	38506	39663	33403	0	0	0	33403	38506	39663	Different
113	gb|AY027590|+|112-973|ARO:3000955|TEM-88	(37) 5967+ (897)	37	897	5967	36	897	5967	5967	37	897	SinglePathMatch
114	gb|AY036620|+|88-949|ARO:3001092|SHV-34	(24) 5151- (884)	24	884	5151	0	0	0	5151	24	884	Different
115	gb|AY037778|+|91-952|ARO:3001090|SHV-32	(24) 5151- (884)	24	884	5151	0	0	0	5151	24	884	Different
116	gb|AY039040|+|188-1022|ARO:3000956|TEM-89	(37) 5967+ (870)	37	870	5967	36	870	5967	5967	37	870	SinglePathMatch
117	gb|AY040093|+|68-929|ARO:3000965|TEM-102	(37) 5967+ (897)	37	897	5967	36	897	5967	5967	37	897	SinglePathMatch
118	gb|AY055428.1|-|20268-21084|ARO:3000412|sul2	(303) 15353- (1118)	303	1118	15353	302	1118	15353	15353	303	1118	SinglePathMatch
119	gb|AY065991|+|6-867|ARO:3001101|SHV-43	(24) 5151- (884)	24	884	5151	23	884	5151	5151	24	884	SinglePathMatch
120	gb|AY070258|+|0-861|ARO:3001093|SHV-35	(24) 5151- (884)	24	884	5151	0	0	0	5151	24	884	Different
121	gb|AY072920|+|0-861|ARO:3000973|TEM-110	(37) 5967+ (897)	37	897	5967	36	897	5967	5967	37	897	SinglePathMatch
122	gb|AY079099|+|148-1009|ARO:3001096|SHV-38	(24) 5151- (884)	24	884	5151	0	0	0	5151	24	884	Different
123	gb|AY092401|+|0-861|ARO:3000963|TEM-96	(37) 5967+ (897)	37	897	5967	0	0	0	5967	37	897	Different
124	gb|AY101578|+|214-1075|ARO:3000969|TEM-106	(37) 5967+ (897)	37	897	5967	36	897	5967	5967	37	897	SinglePathMatch
125	gb|AY101764|+|206-1067|ARO:3000970|TEM-107	(37) 5967+ (897)	37	897	5967	36	897	5967	5967	37	897	SinglePathMatch
126	gb|AY130282|+|0-764|ARO:3000980|TEM-117	(73) 5967+ (836)	73	836	5967	0	0	0	0	0	0	Different
127	gb|AY130284|+|0-785|ARO:3000941|TEM-75	(73) 5967+ (857)	73	857	5967	0	0	0	0	0	0	Different
128	gb|AY130285|+|0-785|ARO:3000981|TEM-118	(73) 5967+ (857)	73	857	5967	0	0	0	0	0	0	Different
129	gb|AY136758|+|377-947|ARO:3002582|AAC(6')-Ib11	(93) 7593+ (642)	93	642	7593	74	642	7593	7593	93	642	SinglePathMatch
130	gb|AY139603|+|106-898|ARO:3002608|aadA8	(1688) 7591+ (2477) , (712) 7593+ (1500)	1688, 712	2477, 1500	7591,7593	1687	2479	7591	7591	1688	2477	SinglePathMatch
131	gb|AY171244|+|46-838|ARO:3002618|aadA21	(712) 7593+ (1500) , (1688) 7591+ (2477)	712, 1688	1500, 2477	7593,7591	711	1500	7593	7593	712	1500	SinglePathMatch
132	gb|AY210887|+|111-972|ARO:3001104|SHV-46	(24) 5151- (884)	24	884	5151	23	884	5151	5151	24	884	SinglePathMatch
133	gb|AY223863|+|170-1031|ARO:3001113|SHV-57	(24) 5151- (884)	24	884	5151	23	884	5151	5151	24	884	SinglePathMatch
134	gb|AY243512|+|208-1069|ARO:3000982|TEM-120	(37) 5967+ (897)	37	897	5967	36	897	5967	5967	37	897	SinglePathMatch
135	gb|AY259119|+|116-977|ARO:3001102|SHV-44	(24) 5151- (884)	24	884	5151	23	884	5151	5151	24	884	SinglePathMatch
136	gb|AY263404|+|0-861|ARO:3001105|SHV-48	(24) 5151- (884)	24	884	5151	23	884	5151	5151	24	884	SinglePathMatch
137	gb|AY271267|+|0-861|ARO:3000983|TEM-121	(37) 5967+ (897)	37	897	5967	36	897	5967	5967	37	897	SinglePathMatch
138	gb|AY277255|+|66-927|ARO:3001089|SHV-31	(24) 5151- (884)	24	884	5151	0	0	0	5151	24	884	Different
139	gb|AY288915|+|0-861|ARO:3001107|SHV-50	(24) 5151- (884)	24	884	5151	23	884	5151	5151	24	884	SinglePathMatch
140	gb|AY289548|+|0-861|ARO:3001108|SHV-51	(24) 5151- (884)	24	884	5151	23	884	5151	5151	24	884	SinglePathMatch
141	gb|AY307100|+|0-861|ARO:3000984|TEM-122	(37) 5967+ (897)	37	897	5967	36	897	5967	5967	37	897	SinglePathMatch
142	gb|AY327539|+|0-858|ARO:3000985|TEM-123	(37) 5967+ (897)	37	897	5967	36	897	5967	5967	37	897	SinglePathMatch
143	gb|AY327540|+|0-858|ARO:3000986|TEM-124	(37) 5967+ (897)	37	897	5967	36	897	5967	5967	37	897	SinglePathMatch
144	gb|AY368236|+|0-861|ARO:3000989|TEM-127	(37) 5967+ (897)	37	897	5967	36	897	5967	5967	37	897	SinglePathMatch
145	gb|AY368237|+|0-861|ARO:3000990|TEM-128	(37) 5967+ (897)	37	897	5967	36	897	5967	5967	37	897	SinglePathMatch
146	gb|AY436361|+|131-992|ARO:3000995|TEM-131	(37) 5967+ (897)	37	897	5967	0	0	0	5967	37	897	Different
147	gb|AY491682|+|0-861|ARO:3000996|TEM-132	(37) 5967+ (897)	37	897	5967	0	0	0	5967	37	897	Different
148	gb|AY528425|+|0-861|ARO:3000997|TEM-133	(37) 5967+ (897)	37	897	5967	0	0	0	5967	37	897	Different
149	gb|AY528718|+|413-1274|ARO:3001106|SHV-49	(24) 5151- (884)	24	884	5151	23	884	5151	5151	24	884	SinglePathMatch
150	gb|AY574271|+|0-861|ARO:3000998|TEM-134	(37) 5967+ (897)	37	897	5967	0	0	0	5967	37	897	Different
151	gb|AY589493|+|166-1027|ARO:3000975|TEM-112	(37) 5967+ (897)	37	897	5967	36	897	5967	5967	37	897	SinglePathMatch
152	gb|AY589494|+|193-1054|ARO:3000976|TEM-113	(37) 5967+ (897)	37	897	5967	36	897	5967	5967	37	897	SinglePathMatch
153	gb|AY589495|+|181-1042|ARO:3000977|TEM-114	(37) 5967+ (897)	37	897	5967	36	897	5967	5967	37	897	SinglePathMatch
154	gb|AY590467|+|0-729|ARO:3001110|SHV-53	(44) 5151- (772)	44	772	5151	0	0	0	0	0	0	Different
155	gb|AY628175|+|210-1071|ARO:3000972|TEM-109	(37) 5967+ (897)	37	897	5967	36	897	5967	5967	37	897	SinglePathMatch
156	gb|AY628176|+|75-936|ARO:3000987|TEM-125	(37) 5967+ (897)	37	897	5967	36	897	5967	5967	37	897	SinglePathMatch
157	gb|AY628199|+|203-1064|ARO:3000988|TEM-126	(37) 5967+ (897)	37	897	5967	36	897	5967	5967	37	897	SinglePathMatch
158	gb|AY660529.1|+|121-676|ARO:3003676|AAC(6')-Ib'	(88) 7593+ (642)	88	642	7593	87	642	7593	7593	88	642	SinglePathMatch
159	gb|AY661885|+|48-909|ARO:3001088|SHV-30	(24) 5151- (884)	24	884	5151	0	0	0	5151	24	884	Different
160	gb|AY790341|+|0-861|ARO:3001114|SHV-59	(24) 5151- (884)	24	884	5151	23	884	5151	5151	24	884	SinglePathMatch
161	gb|AY826417|+|0-861|ARO:3001000|TEM-136	(37) 5967+ (897)	37	897	5967	0	0	0	5967	37	897	Different
162	gb|AY853593|+|214-1075|ARO:3001002|TEM-138	(37) 5967+ (897)	37	897	5967	0	0	0	5967	37	897	Different
163	gb|AY874537|+|177-1038|ARO:3000883|TEM-11	(37) 5967+ (897)	37	897	5967	36	897	5967	5967	37	897	SinglePathMatch
164	gb|AY956335|+|38-899|ARO:3001004|TEM-141	(37) 5967+ (897)	37	897	5967	0	0	0	5967	37	897	Different
165	gb|BA000018.3|+|48893-49265|ARO:3000124|mecI	(5627) 32799- (5998)	5627	5998	32799	0	0	0	32799	5627	5998	Different
166	gb|BX664015.1|-|103017-103833|ARO:3002641|APH(3')-Ia	(76) 2645-, 22251- (57) , (76) 2645-, 23479+ (55)	76, 76	57, 55	2645, 22251,2645, 23479	75	57	2645,22251	2645, 22251	76	891	Different
167	gb|CP000703.1|+|40848-42606|ARO:3000215|mecR1	(3870) 32799- (5627)	3870	5627	32799	0	0	0	32799	3870	5627	Different
168	gb|CP003022|+|336788-337580|ARO:3003197|aadA25	(1688) 7591+ (2477) , (712) 7593+ (1500)	1688, 712	2477, 1500	7591,7593	1687	2479	7591	7591	1688	2477	SinglePathMatch
169	gb|D16171|+|382-1042|ARO:3002689|plasmid-encoded_cat_(pp-cat)	(209) 77- (868)	209	868	77	208	868	77	77	209	868	SinglePathMatch
170	gb|DQ013287|+|0-861|ARO:3001124|SHV-70	(24) 5151- (884)	24	884	5151	0	0	0	5151	24	884	Different
171	gb|DQ072853|+|0-861|ARO:3001003|TEM-139	(37) 5967+ (897)	37	897	5967	0	0	0	5967	37	897	Different
172	gb|DQ075245|+|217-1078|ARO:3001006|TEM-143	(37) 5967+ (897)	37	897	5967	36	897	5967	5967	37	897	SinglePathMatch
173	gb|DQ105528|+|0-861|ARO:3001012|TEM-145	(37) 5967+ (897)	37	897	5967	36	897	5967	5967	37	897	SinglePathMatch
174	gb|DQ105529|+|0-861|ARO:3001013|TEM-146	(37) 5967+ (897)	37	897	5967	36	897	5967	5967	37	897	SinglePathMatch
175	gb|DQ174304|+|4-865|ARO:3001119|SHV-64	(24) 5151- (884)	24	884	5151	23	884	5151	5151	24	884	SinglePathMatch
176	gb|DQ174305|+|4-865|ARO:3001120|SHV-65	(24) 5151- (884)	24	884	5151	23	884	5151	5151	24	884	SinglePathMatch
177	gb|DQ174306|+|4-865|ARO:3001121|SHV-66	(24) 5151- (884)	24	884	5151	23	884	5151	5151	24	884	SinglePathMatch
178	gb|DQ174307|+|4-865|ARO:3001122|SHV-67	(24) 5151- (884)	24	884	5151	0	0	0	5151	24	884	Different
179	gb|DQ174308|+|4-865|ARO:3001123|SHV-69	(24) 5151- (884)	24	884	5151	0	0	0	5151	24	884	Different
180	gb|DQ193536|+|0-861|ARO:3001141|SHV-89	(24) 5151- (884)	24	884	5151	0	0	0	5151	24	884	Different
181	gb|DQ279850|+|0-861|ARO:3001014|TEM-147	(37) 5967+ (897)	37	897	5967	36	897	5967	5967	37	897	SinglePathMatch
182	gb|DQ286729|+|0-861|ARO:3000924|TEM-55	(37) 5967+ (897)	37	897	5967	0	0		5967	37	897	Different
183	gb|DQ303918|+|0-600|ARO:3002547|AAC(6')-Ib-cr	(56) 7593+ (642)	56	642	7593	46	642	7593	7593	56	642	SinglePathMatch
184	gb|DQ322460|+|15-876|ARO:3001139|SHV-85	(24) 5151- (884)	24	884	5151	0	0	0	5151	24	884	Different
185	gb|DQ328802|+|0-861|ARO:3001140|SHV-86	(24) 5151- (884)	24	884	5151	0	0	0	5151	24	884	Different
186	gb|DQ369751|+|0-861|ARO:3001016|TEM-149	(37) 5967+ (897)	37	897	5967	36	897	5967	5967	37	897	SinglePathMatch
187	gb|DQ388882|+|0-861|ARO:3001005|TEM-142	(37) 5967+ (897)	37	897	5967	36	897	5967	5967	37	897	SinglePathMatch
188	gb|DQ393783|+|1799-2591|ARO:3002615|aadA15	(712) 7593+ (1498) , (1688) 7591+ (2479)	712, 1688	1498, 2479	7593,7591	711	1499	7593	7593	712	1498	SinglePathMatch
189	gb|DQ677333|+|0-780|ARO:3002621|aadA24	(732) 7593+ (1500) , (1700) 7591+ (2477)	732, 1700	1500, 2477	7593,7591	723	1500	7593	7593	732	1500	SinglePathMatch
190	gb|DQ679961|+|114-975|ARO:3001021|TEM-155	(37) 5967+ (897)	37	897	5967	36	897	5967	5967	37	897	SinglePathMatch
191	gb|DQ834728|+|205-1066|ARO:3001019|TEM-152	(37) 5967+ (897)	37	897	5967	36	897	5967	5967	37	897	SinglePathMatch
192	gb|DQ834729|+|205-1066|ARO:3001018|TEM-151	(37) 5967+ (897)	37	897	5967	36	897	5967	5967	37	897	SinglePathMatch
193	gb|DQ836922|+|0-861|ARO:3001144|SHV-92	(24) 5151- (884)	24	884	5151	0	0	0	5151	24	884	Different
194	gb|DQ909059|+|0-861|ARO:3001023|TEM-157	(37) 5967+ (897)	37	897	5967	36	897	5967	5967	37	897	SinglePathMatch
195	gb|EF136376|+|0-861|ARO:3001025|TEM-159	(37) 5967+ (897)	37	897	5967	36	897	5967	5967	37	897	SinglePathMatch
196	gb|EF136377|+|0-861|ARO:3001026|TEM-160	(37) 5967+ (897)	37	897	5967	36	897	5967	5967	37	897	SinglePathMatch
197	gb|EF373969|+|0-861|ARO:3001145|SHV-93	(24) 5151- (884)	24	884	5151	0	0	0	5151	24	884	Different
198	gb|EF373970|+|0-861|ARO:3001146|SHV-94	(24) 5151- (884)	24	884	5151	0	0	0	5151	24	884	Different
199	gb|EF373971|+|0-861|ARO:3001148|SHV-96	(24) 5151- (884)	24	884	5151	23	884	5151	5151	24	884	SinglePathMatch
200	gb|EF373972|+|0-861|ARO:3001147|SHV-95	(24) 5151- (884)	24	884	5151	23	884	5151	5151	24	884	SinglePathMatch
201	gb|EF373973|+|0-861|ARO:3001149|SHV-97	(24) 5151- (884)	24	884	5151	23	884	5151	5151	24	884	SinglePathMatch
202	gb|EF468463|+|66-927|ARO:3001028|TEM-162	(37) 5967+ (897)	37	897	5967	36	897	5967	5967	37	897	SinglePathMatch
203	gb|EF534736|+|213-1074|ARO:3001024|TEM-158	(37) 5967+ (897)	37	897	5967	36	897	5967	5967	37	897	SinglePathMatch
204	gb|EU024485|+|0-861|ARO:3001151|SHV-102	(24) 5151- (884)	24	884	5151	23	884	5151	5151	24	884	SinglePathMatch
205	gb|EU032604|+|0-861|ARO:3001152|SHV-103	(24) 5151- (884)	24	884	5151	23	884	5151	5151	24	884	SinglePathMatch
206	gb|EU085533|+|0-519|ARO:3002591|AAC(6')-Ib-Suzhou	(124) 7593+ (642)	124	642	7593	123	642	7593	7593	124	642	SinglePathMatch
207	gb|EU155018|+|0-861|ARO:3001150|SHV-101	(24) 5151- (884)	24	884	5151	23	884	5151	5151	24	884	SinglePathMatch
208	gb|EU274580|+|214-1075|ARO:3001030|TEM-164	(37) 5967+ (897)	37	897	5967	36	897	5967	5967	37	897	SinglePathMatch
209	gb|EU274581|+|0-861|ARO:3001153|SHV-104	(25) 5151- (884)	25	884	5151	24	884	5151	5151	25	884	SinglePathMatch
210	gb|EU342351|+|172-1033|ARO:3001118|SHV-63	(24) 5151- (884)	24	884	5151	23	884	5151	5151	24	884	SinglePathMatch
211	gb|EU418913|+|16-877|ARO:3001158|SHV-109	(24) 5151- (884)	24	884	5151	23	884	5151	5151	24	884	SinglePathMatch
212	gb|EU586041|+|0-861|ARO:3001112|SHV-56	(24) 5151- (884)	24	884	5151	23	884	5151	5151	24	884	SinglePathMatch
213	gb|EU815939|+|0-861|ARO:3001029|TEM-163	(37) 5967+ (897)	37	897	5967	36	897	5967	5967	37	897	SinglePathMatch
214	gb|FJ194944|+|46-907|ARO:3001154|SHV-105	(24) 5151- (884)	24	884	5151	23	884	5151	5151	24	884	SinglePathMatch
215	gb|FJ197316|+|0-861|ARO:3001032|TEM-166	(37) 5967+ (897)	37	897	5967	36	897	5967	5967	37	897	SinglePathMatch
216	gb|FJ360884|+|213-1074|ARO:3001033|TEM-167	(37) 5967+ (897)	37	897	5967	36	897	5967	5967	37	897	SinglePathMatch
217	gb|FJ381668|+|56-848|ARO:3002612|aadA12	(1688) 7591+ (2479) , (712) 7593+ (1498)	1688, 712	2479, 1498	7591,7593	1687	2479	7591	7593	712	1498	SinglePathMatch
218	gb|FJ405211|+|0-861|ARO:3000926|TEM-57	(37) 5967+ (897)	37	897	5967	0	0	0	5967	37	897	Different
219	gb|FJ460181|+|1790-2582|ARO:3002617|aadA17	(1688) 7591+ (2479) , (712) 7593+ (1498)	1688, 712	2479, 1498	7591,7593	1687	2479	7591	7591	1688	2479	SinglePathMatch
220	gb|FJ503047|+|0-519|ARO:3002592|AAC(6')-Ib-Hangzhou	(124) 7593+ (642)	124	642	7593	123	642	7593	7593	124	642	SinglePathMatch
221	gb|FJ668814|+|76-937|ARO:3001059|SHV-1	(24) 5151- (884)	24	884	5151	23	884	5151	5151	24	884	SinglePathMatch
222	gb|FJ807656|+|0-861|ARO:3001020|TEM-154	(37) 5967+ (897)	37	897	5967	36	897	5967	5967	37	897	SinglePathMatch
223	gb|FJ854362|+|1702-2257|ARO:3002576|AAC(6')-Ib3	(88) 7593+ (642)	88	642	7593	87	642	7593	7593	88	642	SinglePathMatch
224	gb|FJ873740|+|0-858|ARO:3001035|TEM-169	(37) 5967+ (894)	37	894	5967	36	894	5967	5967	37	894	SinglePathMatch
225	gb|FJ919776|+|208-1069|ARO:3001034|TEM-168	(37) 5967+ (897)	37	897	5967	36	897	5967	5967	37	897	SinglePathMatch
226	gb|FN649414.1|+|2765050-2766355|ARO:3004611|Escherichia_coli_ampC1_beta-lactamase	(10685) 27823+ (11983)	10685	11983	27823	0	0		27823	10685	11989	Different
227	gb|FN652295|+|0-861|ARO:3001042|TEM-177	(37) 5967+ (897)	37	897	5967	36	897	5967	5967	37	897	SinglePathMatch
228	gb|FO203501.1|+|5123640-5125365|ARO:3005047|eptB	(15310) 655+ (17034)	15310	17034	655	0	0		655	15310	17034	Different
229	gb|FO834906.1|+|304977-306633|ARO:3005053|ArnT	(15102) 33285- (16757)	15102	16757	33285	15101	16757	33285	33285	15102	16757	SinglePathMatch
230	gb|FO834906.1|-|2173974-2175099|ARO:3005044|OmpA	(9173) 2227- (10297) , (11591) 2851- (12680)	9173, 11591	10297, 12680	2227,2851	0	0		2227	9173	10297	Different
231	gb|FR717535|+|0-861|ARO:3000910|TEM-40	(37) 5967+ (897)	37	897	5967	0	0		5967	37	897	Different
232	gb|FR848831|+|0-861|ARO:3001375|TEM-184	(37) 5967+ (897)	37	897	5967	36	897	5967	5967	37	897	SinglePathMatch
233	gb|GQ149347|+|5269-6130|ARO:3001037|TEM-171	(37) 5967+ (897)	37	897	5967	36	897	5967	5967	37	897	SinglePathMatch
234	gb|GQ390805|+|0-813|ARO:3001170|SHV-123	(24) 5151- (836)	24	836	5151	23	836	5151	5151	24	836	SinglePathMatch
235	gb|GQ390806|+|0-813|ARO:3001171|SHV-124	(24) 5151- (836)	24	836	5151	23	836	5151	5151	24	836	SinglePathMatch
236	gb|GQ390807|+|0-813|ARO:3001172|SHV-125	(24) 5151- (836)	24	836	5151	23	836	5151	5151	24	836	SinglePathMatch
237	gb|GQ390808|+|0-813|ARO:3001173|SHV-126	(24) 5151- (836)	24	836	5151	23	836	5151	5151	24	836	SinglePathMatch
238	gb|GQ390809|+|0-813|ARO:3001174|SHV-127	(24) 5151- (836)	24	836	5151	23	836	5151	5151	24	836	SinglePathMatch
239	gb|GQ900432.1|-|26737-27499|ARO:3003905|ANT(4')-Ib	(196) 117- (957)	196	957	117	195	957	117	117	196	957	SinglePathMatch
240	gb|GU371926|-|50304-51165|ARO:3000903|TEM-33	(37) 5967+ (897)	37	897	5967	36	897	5967	5967	37	897	SinglePathMatch
241	gb|GU550123|+|144-1005|ARO:3001041|TEM-176	(37) 5967+ (897)	37	897	5967	36	897	5967	5967	37	897	SinglePathMatch
242	gb|GU565967.1|-|24979-26419|ARO:3002597|AAC(6')-Ie-APH(2'')-Ia	(455) 20533- (1894)	455	1894	20533	454	1894	20533	20533	455	1894	SinglePathMatch
243	gb|GU827715|+|0-861|ARO:3001176|SHV-129	(24) 5151- (884)	24	884	5151	23	884	5151	5151	24	884	SinglePathMatch
244	gb|GU932590|+|0-861|ARO:3001175|SHV-128	(24) 5151- (884)	24	884	5151	23	884	5151	5151	24	884	SinglePathMatch
245	gb|HE981194|+|0-861|ARO:3001347|SHV-164	(24) 5151- (884)	24	884	5151	23	884	5151	5151	24	884	SinglePathMatch
246	gb|HG934763|+|0-861|ARO:3001394|TEM-217	(37) 5967+ (897)	37	897	5967	36	897	5967	5967	37	897	SinglePathMatch
247	gb|HG934764|+|0-864|ARO:3001351|SHV-183	(24) 5151- (884)	24	884	5151	23	884	5151	5151	24	884	SinglePathMatch
248	gb|HM246246|+|211-1069|ARO:3001047|TEM-187	(37) 5967+ (893)	37	893	5967	0	0		5967	37	893	Different
249	gb|HM559945|+|0-861|ARO:3001178|SHV-134	(24) 5151- (884)	24	884	5151	23	884	5151	5151	24	884	SinglePathMatch
250	gb|HM751100|+|0-861|ARO:3001157|SHV-108	(24) 5151- (884)	24	884	5151	23	884	5151	5151	24	884	SinglePathMatch
251	gb|HM751103.1|+|0-864|ARO:3001169|SHV-122	(24) 5151- (884)	24	884	5151	23	884	5151	5151	24	884	SinglePathMatch
252	gb|HQ317449|+|0-861|ARO:3001373|TEM-182	(37) 5967+ (897)	37	897	5967	36	897	5967	5967	37	897	SinglePathMatch
253	gb|HQ529916|+|110-971|ARO:3001045|TEM-183	(37) 5967+ (897)	37	897	5967	36	897	5967	5967	37	897	SinglePathMatch
254	gb|HQ637576|+|0-861|ARO:3001179|SHV-135	(24) 5151- (884)	24	884	5151	0	0		5151	24	884	Different
255	gb|HQ661362|+|71-932|ARO:3001168|SHV-121	(24) 5151- (884)	24	884	5151	23	884	5151	5151	24	884	SinglePathMatch
256	gb|HQ661363|+|71-932|ARO:3001181|SHV-137	(24) 5151- (884)	24	884	5151	0	0		5151	24	884	Different
257	gb|HQ845196|+|0-861|ARO:3001109|SHV-52	(24) 5151- (884)	24	884	5151	23	884	5151	5151	24	884	SinglePathMatch
258	gb|HQ877606|+|0-861|ARO:3001056|TEM-197	(37) 5967+ (897)	37	897	5967	0	0		5967	37	897	Different
259	gb|HQ877615|+|0-861|ARO:3001159|SHV-110	(24) 5151- (884)	24	884	5151	23	884	5151	5151	24	884	SinglePathMatch
260	gb|JF795538|+|0-861|ARO:3001374|TEM-185	(37) 5967+ (897)	37	897	5967	0	0		5967	37	897	Different
261	gb|JF812965|+|0-861|ARO:3001167|SHV-120	(24) 5151- (884)	24	884	5151	23	884	5151	5151	24	884	SinglePathMatch
262	gb|JF949915|+|0-754|ARO:3001052|TEM-192	(67) 5967+ (819)	67	819	5967	0	0		5967	67	819	Different
263	gb|JF969163|+|1053-1893|ARO:3000410|sul1	(391) 28541+ (1230)	391	1230	28541	390	1230	28541	28541	391	1230	SinglePathMatch
264	gb|JN051143|+|0-861|ARO:3001182|SHV-140	(26) 5151- (884)	26	884	5151	0	0		5151	26	884	Different
265	gb|JN211012|+|213-1074|ARO:3001048|TEM-188	(37) 5967+ (897)	37	897	5967	0	0		5967	37	897	Different
266	gb|JN227084|+|308-1169|ARO:3001046|TEM-186	(37) 5967+ (897)	37	897	5967	0	0		5967	37	897	Different
267	gb|JN254627|+|0-861|ARO:3001049|TEM-189	(37) 5967+ (897)	37	897	5967	0	0		5967	37	897	Different
268	gb|JN416112|+|0-861|ARO:3001050|TEM-190	(37) 5967+ (897)	37	897	5967	0	0		5967	37	897	Different
269	gb|JN935135|+|0-861|ARO:3001053|TEM-193	(37) 5967+ (897)	37	897	5967	0	0		5967	37	897	Different
270	gb|JN935136|+|0-861|ARO:3001054|TEM-194	(37) 5967+ (897)	37	897	5967	0	0		5967	37	897	Different
271	gb|JN935137|+|0-861|ARO:3001055|TEM-195	(37) 5967+ (897)	37	897	5967	0	0		5967	37	897	Different
272	gb|JQ029959|+|28-889|ARO:3001184|SHV-142	(24) 5151- (884)	24	884	5151	0	0		5151	24	884	Different
273	gb|JQ034306|+|0-861|ARO:3001376|TEM-196	(37) 5967+ (897)	37	897	5967	0	0		5967	37	897	Different
274	gb|JQ341060.1|-|881-1742|ARO:3001344|SHV-143	(24) 5151- (884)	24	884	5151	0	0		5151	24	884	Different
275	gb|JQ388884|+|0-861|ARO:3001183|SHV-141	(24) 5151- (884)	24	884	5151	0	0		5151	24	884	Different
276	gb|JQ808129|+|633-1188|ARO:3002546|AAC(6')-Ib	(88) 7593+ (642)	88	642	7593	87	642	7593	7593	88	642	SinglePathMatch
277	gb|JQ926986|+|0-861|ARO:3001345|SHV-144	(24) 5151- (884)	24	884	5151	0	0		5151	24	884	Different
278	gb|JX013655|+|0-861|ARO:3001185|SHV-145	(24) 5151- (884)	24	884	5151	0	0		5151	24	884	Different
279	gb|JX042489|+|141-1002|ARO:3000890|TEM-19	(37) 5967+ (897)	37	897	5967	36	897	5967	5967	37	897	SinglePathMatch
280	gb|JX050178|+|0-853|ARO:3001058|TEM-199	(45) 5967+ (897)	45	897	5967	0	0		0	0	0	Different
281	gb|JX121114|+|0-858|ARO:3001186|SHV-147	(24) 5151- (881)	24	881	5151	0	0		5151	24	881	Different
282	gb|JX121115|+|0-858|ARO:3001187|SHV-148	(24) 5151- (879)	24	879	5151	0	0		5151	24	879	Different
283	gb|JX121116|+|0-858|ARO:3001188|SHV-149	(24) 5151- (881)	24	881	5151	0	0		5151	24	881	Different
284	gb|JX121117|+|0-858|ARO:3001189|SHV-150	(24) 5151- (881)	24	881	5151	0	0		5151	24	881	Different
285	gb|JX121118|+|0-858|ARO:3001190|SHV-151	(24) 5151- (881)	24	881	5151	0	0		5151	24	881	Different
286	gb|JX121119|+|0-858|ARO:3001191|SHV-152	(24) 5151- (881)	24	881	5151	0	0		5151	24	881	Different
287	gb|JX121120|+|0-858|ARO:3001192|SHV-153	(24) 5151- (881)	24	881	5151	0	0		5151	24	881	Different
288	gb|JX121121|+|0-858|ARO:3001193|SHV-154	(24) 5151- (881)	24	881	5151	0	0		5151	24	881	Different
289	gb|JX121122|+|0-858|ARO:3001194|SHV-155	(24) 5151- (879)	24	879	5151	0	0		5151	24	879	Different
290	gb|JX121123|+|0-861|ARO:3001195|SHV-156	(24) 5151- (884)	24	884	5151	0	0		5151	24	884	Different
291	gb|JX121124|+|0-861|ARO:3001196|SHV-157	(24) 5151- (884)	24	884	5151	0	0		5151	24	884	Different
292	gb|JX121125|+|0-858|ARO:3001197|SHV-158	(24) 5151- (881)	24	881	5151	0	0		5151	24	881	Different
293	gb|JX121126|+|0-858|ARO:3001198|SHV-159	(24) 5151- (881)	24	881	5151	23	881	5151	5151	24	881	SinglePathMatch
294	gb|JX121127|+|0-861|ARO:3001199|SHV-160	(24) 5151- (884)	24	884	5151	23	884	5151	5151	24	884	SinglePathMatch
295	gb|JX121128|+|0-861|ARO:3001200|SHV-161	(24) 5151- (884)	24	884	5151	23	884	5151	5151	24	884	SinglePathMatch
296	gb|JX121129|+|0-858|ARO:3001201|SHV-162	(24) 5151- (881)	24	881	5151	23	881	5151	5151	24	881	SinglePathMatch
297	gb|JX121130|+|0-858|ARO:3001202|SHV-163	(24) 5151- (879)	24	879	5151	23	879	5151	5151	24	879	SinglePathMatch
298	gb|JX121131|+|0-858|ARO:3001203|SHV-165	(24) 5151- (881)	24	881	5151	23	881	5151	5151	24	881	SinglePathMatch
299	gb|JX268631|+|0-861|ARO:3001091|SHV-33	(24) 5151- (884)	24	884	5151	0	0		5151	24	884	Different
300	gb|JX310327|+|0-861|ARO:3001378|TEM-201	(37) 5967+ (897)	37	897	5967	36	897	5967	5967	37	897	SinglePathMatch
301	gb|JX870080|+|0-861|ARO:3001352|SHV-168	(24) 5151- (884)	24	884	5151	23	884	5151	5151	24	884	SinglePathMatch
302	gb|KC149518|+|0-861|ARO:3001369|TEM-153	(37) 5967+ (897)	37	897	5967	36	897	5967	5967	37	897	SinglePathMatch
303	gb|KC243783|+|0-2007|ARO:3000617|mecA	(7594) 32799+ (9600)	7594	9600	32799	0	0		32799	7594	9600	Different
304	gb|KC292503|+|4334-5195|ARO:3000904|TEM-34	(37) 5967+ (897)	37	897	5967	36	897	5967	5967	37	897	SinglePathMatch
305	gb|KC783461|+|0-861|ARO:3001383|TEM-206	(37) 5967+ (897)	37	897	5967	36	897	5967	5967	37	897	SinglePathMatch
306	gb|KC818234|+|0-861|ARO:3001384|TEM-207	(37) 5967+ (897)	37	897	5967	36	897	5967	5967	37	897	SinglePathMatch
307	gb|KC865667|+|183-1044|ARO:3001385|TEM-208	(37) 5967+ (897)	37	897	5967	36	897	5967	5967	37	897	SinglePathMatch
308	gb|KC900516|+|0-858|ARO:3001382|TEM-205	(37) 5967+ (894)	37	894	5967	36	894	5967	5967	37	894	SinglePathMatch
309	gb|KF240808|+|0-861|ARO:3001386|TEM-209	(37) 5967+ (897)	37	897	5967	36	897	5967	5967	37	897	SinglePathMatch
310	gb|KF513177|+|0-861|ARO:3001356|SHV-172	(24) 5151- (884)	24	884	5151	23	884	5151	5151	24	884	SinglePathMatch
311	gb|KF513178|+|0-861|ARO:3001357|SHV-173	(24) 5151- (884)	24	884	5151	23	884	5151	5151	24	884	SinglePathMatch
312	gb|KF513179|+|0-861|ARO:3001388|TEM-211	(37) 5967+ (897)	37	897	5967	36	897	5967	5967	37	897	SinglePathMatch
313	gb|KF663615|+|0-858|ARO:3001390|TEM-213	(37) 5967+ (894)	37	894	5967	36	894	5967	5967	37	894	SinglePathMatch
314	gb|KF705208|+|0-861|ARO:3001362|SHV-179	(24) 5151- (884)	24	884	5151	23	884	5151	5151	24	884	SinglePathMatch
315	gb|KF705209|+|0-861|ARO:3001361|SHV-178	(24) 5151- (884)	24	884	5151	23	884	5151	5151	24	884	SinglePathMatch
316	gb|KF921535.1|+|617-1091|ARO:3002859|dfrA14	(73) 27465+ (546)	73	546	27465	0	0		27465	73	546	Different
317	gb|KF944358|+|0-861|ARO:3001393|TEM-216	(37) 5967+ (897)	37	897	5967	36	897	5967	5967	37	897	SinglePathMatch
318	gb|KJ776406|+|16-877|ARO:3001340|SHV-119	(24) 5151- (884)	24	884	5151	23	884	5151	5151	24	884	SinglePathMatch
319	gb|KM114268|+|0-861|ARO:3003157|TEM-219	(37) 5967+ (897)	37	897	5967	36	897	5967	5967	37	897	SinglePathMatch
320	gb|KM233164|+|0-861|ARO:3003152|SHV-185	(24) 5151- (884)	24	884	5151	23	884	5151	5151	24	884	SinglePathMatch
321	gb|KM233165|+|0-861|ARO:3003153|SHV-186	(24) 5151- (884)	24	884	5151	23	884	5151	5151	24	884	SinglePathMatch
322	gb|KM998962.1|+|0-861|ARO:3003158|TEM-220	(37) 5967+ (897)	37	897	5967	36	897	5967	5967	37	897	SinglePathMatch
323	gb|KP050487.1|+|0-861|ARO:3001350|SHV-180	(24) 5151- (884)	24	884	5151	23	884	5151	5151	24	884	SinglePathMatch
324	gb|KP050489|+|0-861|ARO:3001364|SHV-182	(24) 5151- (884)	24	884	5151	23	884	5151	5151	24	884	SinglePathMatch
325	gb|KP050491|+|0-861|ARO:3001391|TEM-214	(37) 5967+ (897)	37	897	5967	36	897	5967	5967	37	897	SinglePathMatch
326	gb|KP050492|+|0-861|ARO:3001392|TEM-215	(37) 5967+ (897)	37	897	5967	36	897	5967	5967	37	897	SinglePathMatch
327	gb|KP050494|+|0-861|ARO:3003156|SHV-189	(24) 5151- (884)	24	884	5151	23	884	5151	5151	24	884	SinglePathMatch
328	gb|KP143090.1|-|1199-1619|ARO:3003209|FosA5	(13889) 1851- (14308)	13889	14308	1851	0	0		1851	13889	14308	Different
329	gb|KU254579.1|+|59421-59841|ARO:3004111|FosA6	(13889) 1851- (14308)	13889	14308	1851	0	0		1851	13889	14308	Different
330	gb|KX092356.1|+|192-1053|ARO:3001062|SHV-3	(24) 5151- (884)	24	884	5151	0	0		5151	24	884	Different
331	gb|KY432484.1|+|0-861|ARO:3001051|TEM-191	(37) 5967+ (897)	37	897	5967	0	0		5967	37	897	Different
332	gb|LK391770.1|+|19707-20568|ARO:3000876|TEM-4	(37) 5967+ (897)	37	897	5967	0	0		5967	37	897	Different
333	gb|LN515533|+|0-867|ARO:3003154|SHV-187	(18) 5151- (884)	18	884	5151	17	884	5151	5151	18	884	SinglePathMatch
334	gb|LN515534|+|0-873|ARO:3003155|SHV-188	(18) 5151- (884)	18	884	5151	17	884	5151	5151	18	884	SinglePathMatch
335	gb|LT985229.1|+|36107-36968|ARO:3001063|SHV-4	(24) 5151- (884)	24	884	5151	23	884	5151	5151	24	884	SinglePathMatch
336	gb|M55547|+|0-825|ARO:3001404|OXA-9	(1560) 7593+ (2384)	1560	2384	7593	0	0		7593	1560	2384	Different
337	gb|M88143|+|367-1228|ARO:3000884|TEM-12	(37) 5967+ (897)	37	897	5967	36	897	5967	5967	37	897	SinglePathMatch
338	gb|NG_050218.1|+|0-1061|ARO:3001044|TEM-181	(367) 5965+, 5967+ (997)	367	997	5965, 5967	0	0		0	0	0	Different
339	gb|NG_050256.1|+|100-961|ARO:3000896|TEM-26	(37) 5967+ (897)	37	897	5967	36	897	5967	5967	37	897	SinglePathMatch
340	gb|S82452|+|120-978|ARO:3001068|SHV-9	(24) 5151- (884)	24	884	5151	23	884	5151	5151	24	884	SinglePathMatch
341	gb|U00096.3|-|3203309-3204131|ARO:3002986|bacA	(6668) 7845+ (7487)	6668	7487	7845	0	0		7845	6668	7487	Different
342	gb|U00096.3|-|4377810-4378944|ARO:3004290|Escherichia_coli_ampC	(13481) 4579+ (14614)	13481	14614	4579	0	0		4579	13481	14614	Different
343	gb|U00096.3|-|721055-721733|ARO:3003841|kdpE	(19427) 7827+ (20104)	19427	20104	7827	0	0		7827	19427	20104	Different
344	gb|U00096|+|2367070-2368039|ARO:3003578|pmrF	(23377) 3167- (24345)	23377	24345	3167	23376	24345	3167	3167	23377	24345	SinglePathMatch
345	gb|U00096|-|2098446-2099613|ARO:3003577|ugd	(1620) 3493- (2786)	1620	2786	3493	0	0		3493	1620	2786	Different
346	gb|U20270|+|124-985|ARO:3001066|SHV-7	(24) 5151- (884)	24	884	5151	0	0		5151	24	884	Different
347	gb|U36911.1|+|1429-2290|ARO:3000979|TEM-116	(37) 5967+ (897)	37	897	5967	36	897	5967	5967	37	897	SinglePathMatch
348	gb|U37195|+|75-936|ARO:3000898|TEM-28	(37) 5967+ (897)	37	897	5967	36	897	5967	5967	37	897	SinglePathMatch
349	gb|U59183|+|247-859|ARO:3002581|AAC(6')-Ib10	(56) 7593+ (642)	56	642	7593	39	642	7593	7593	56	642	SinglePathMatch
350	gb|U92041|+|0-861|ARO:3001067|SHV-8	(24) 5151- (884)	24	884	5151	0	0		5151	24	884	Different
351	gb|U95363|+|0-861|ARO:3000912|TEM-43	(37) 5967+ (897)	37	897	5967	0	0		5967	37	897	Different
352	gb|V00622|+|243-903|ARO:3002683|catI	(209) 77- (868)	209	868	77	0	0		77	209	868	Different
353	gb|X02588.1|+|330-1113|ARO:3002630|ANT(9)-Ia	(3649) 499+ (4431)	3649	4431	499	3648	4431	499	499	3649	4431	SinglePathMatch
354	gb|X03216.1|-|4550-5282|ARO:3000347|ErmA	(1427) 499- (2158)	1427	2158	499	0	0		499	1427	2158	Different
355	gb|X53796.1|+|186-828|ARO:3004656|catII_from_Escherichia_coli_K-12	(720) 173+ (1361)	720	1361	173	0	0		173	720	1361	Different
356	gb|X54606|+|214-1075|ARO:3000874|TEM-2	(37) 5967+ (897)	37	897	5967	36	897	5967	5967	37	897	SinglePathMatch
357	gb|X55640|+|111-972|ARO:3001064|SHV-5	(24) 5151- (884)	24	884	5151	23	884	5151	5151	24	884	SinglePathMatch
358	gb|X57972|+|339-1200|ARO:3000878|TEM-6	(37) 5967+ (897)	37	897	5967	0	0		5967	37	897	Different
359	gb|X64523.1|-|476-1337|ARO:3000875|TEM-3	(37) 5967+ (897)	37	897	5967	36	897	5967	5967	37	897	SinglePathMatch
360	gb|X65252|+|175-1036|ARO:3000880|TEM-8	(37) 5967+ (897)	37	897	5967	36	897	5967	5967	37	897	SinglePathMatch
361	gb|X65253|+|175-1036|ARO:3000894|TEM-24	(37) 5967+ (897)	37	897	5967	36	897	5967	5967	37	897	SinglePathMatch
362	gb|X65254|+|175-1036|ARO:3000887|TEM-16	(37) 5967+ (897)	37	897	5967	36	897	5967	5967	37	897	SinglePathMatch
363	gb|X95401|+|208-1069|ARO:3000914|TEM-45	(37) 5967+ (897)	37	897	5967	0	0		5967	37	897	Different
364	gb|X97254|+|153-1011|ARO:3001043|TEM-178	(37) 5967+ (897)	37	897	5967	36	897	5967	5967	37	897	SinglePathMatch
365	gb|X98047|+|0-844|ARO:3000911|TEM-42	(46) 5967+ (888)	46	888	5967	0	0		5967	46	888	Different
366	gb|X98101|+|73-934|ARO:3001070|SHV-11	(24) 5151- (884)	24	884	5151	23	884	5151	5151	24	884	SinglePathMatch
367	gb|X98102|+|73-934|ARO:3001061|SHV-2A	(24) 5151- (884)	24	884	5151	0	0		5151	24	884	Different
368	gb|Y10279|+|0-861|ARO:3000916|TEM-47	(37) 5967+ (897)	37	897	5967	0	0		5967	37	897	Different
369	gb|Y10280|+|0-861|ARO:3000917|TEM-48	(37) 5967+ (897)	37	897	5967	0	0		5967	37	897	Different
370	gb|Y10281|+|0-861|ARO:3000918|TEM-49	(37) 5967+ (897)	37	897	5967	0	0		5967	37	897	Different
371	gb|Y11069|+|0-780|ARO:3001065|SHV-6	(54) 5151- (833)	54	833	5151	0	0		5151	54	833	Different
372	gb|Y13612|+|0-861|ARO:3000921|TEM-52	(37) 5967+ (897)	37	897	5967	0	0		5967	37	897	Different
373	gb|Y14574|+|0-861|ARO:3000888|TEM-17	(37) 5967+ (897)	37	897	5967	36	897	5967	5967	37	897	SinglePathMatch
374	gb|Y17581|+|78-936|ARO:3000891|TEM-20	(37) 5967+ (894)	37	894	5967	36	894	5967	5967	37	894	SinglePathMatch
375	gb|Y17582|+|0-858|ARO:3000892|TEM-21	(37) 5967+ (894)	37	894	5967	36	894	5967	5967	37	894	SinglePathMatch
376	gb|Y17583|+|213-1071|ARO:3000893|TEM-22	(37) 5967+ (894)	37	894	5967	36	894	5967	5967	37	894	SinglePathMatch
377	gb|Y17584|+|0-858|ARO:3000899|TEM-29	(37) 5967+ (894)	37	894	5967	36	894	5967	5967	37	894	SinglePathMatch
378	gb|JX050178|+|0-853|ARO:3001058|TEM-199  Partial	0	0	0	0	44	897	5967	0	0	0	Different
379	gb|AY130284|+|0-785|ARO:3000941|TEM-75  Partial	0	0	0	0	72	857	5967	0	0	0	Different
380	gb|AF527798.1|+|0-785|ARO:3000879|TEM-7  Partial	0	0	0	0	72	857	5967	0	0	0	Different
381	gb|AY590467|+|0-729|ARO:3001110|SHV-53  Partial	0	0	0	0	43	772	5151	0	0	0	Different
382	gb|AY130282|+|0-764|ARO:3000980|TEM-117  Partial	0	0	0	0	72	836	5967	0	0	0	Different
383	gb|AY130285|+|0-785|ARO:3000981|TEM-118  Partial	0	0	0	0	72	857	5967	0	0	0	Different
384	gb|NG_050218.1|+|0-1061|ARO:3001044|TEM-181  Partial	0	0	0	0	0	997	5967	0	0	0	Different
