	Query	Path_Bandage	Start_Bandage	End_Bandage	Extracted_Path	Start_SPAligner	End_SPAligner	Path_SPAligner	BandageVSSPAligner	ResultsBandageVSSPAligner	FinalResultBandageVSSPAligner
0	gb|AB023477|+|0-861|ARO:3001082|SHV-24	(17) 1612535+ (877)	17	877	1612535	16	822	861	Different	Different	Different
1	gb|AB049569|+|0-861|ARO:3000958|TEM-91	(47) 3478183-, 50639855- (37) , (47) 3478183-, 36393793+ (37)	47, 47	37, 37	3478183, 50639855,3478183, 36393793	46	852	861	Different	Different	Different
2	gb|AB200915.1|-|1831-2305|ARO:3005084|dfrA31	(8) 54829473- (481)	8	481	54829473	7	426	474	Different	Different	Different
3	gb|AB302939|+|8-869|ARO:3001115|SHV-60	(17) 1612535+ (877)	17	877	1612535	16	822	861	Different	Different	Different
4	gb|AB372881|+|8-869|ARO:3001160|SHV-111	(17) 1612535+ (877)	17	877	1612535	16	822	861	Different	Different	Different
5	gb|AB462903|+|1199-1751|ARO:3002574|AAC(6')-Iaf	(103) 53314296+ (654)	103	654	53314296	106	599	552	Different	Different	Different
6	gb|AB551737|+|14-875|ARO:3001177|SHV-133	(17) 1612535+ (877)	17	877	1612535	16	822	861	Different	Different	Different
7	gb|AB634250|+|0-825|ARO:3001484|OXA-206	(54150) 246080- (54974)	54150	54974	246080	54149	54919	825	Different	Different	Different
8	gb|AB700703|+|161-1022|ARO:3001057|TEM-198	(47) 3478183-, 50639855- (37) , (47) 3478183-, 36393793+ (37)	47, 47	37, 37	3478183, 50639855,3478183, 36393793	46	852	861	Different	Different	Different
9	gb|AB733453|+|3-849|ARO:3001204|SHV-167	(17) 1612535+ (862)	17	862	1612535	16	807	846	Different	Different	Different
10	gb|AB781687|+|0-825|ARO:3001682|OXA-254	(54150) 246080- (54974)	54150	54974	246080	54149	54919	825	Different	Different	Different
11	gb|AB871653|+|11870-12695|ARO:3001557|OXA-371	(54150) 246080- (54974)	54150	54974	246080	54149	54919	825	Different	Different	Different
12	gb|AE003852.1|+|1674272-1675445|ARO:3004289|Vibrio_cholerae_varG	(677) 51789923- (1849)	677	1849	51789923	676	1794	1173	Different	Different	Different
13	gb|AE004091.2|+|1221690-1222098|ARO:3000149|fosA	(25070) 234408+ (25477)	25070	25477	234408	25069	25422	408	Different	Different	Different
14	gb|AE004091.2|+|3450837-3451509|ARO:3005063|cprR	(3) 226213+ (674)	3	674	226213	2	619	672	Different	Different	Different
15	gb|AE004091.2|+|3451505-3452801|ARO:3005064|cprS	(671) 226213+ (1966)	671	1966	226213	670	1911	1296	Different	Different	Different
16	gb|AE004091.2|+|3982020-3984009|ARO:3002985|arnA	(296) 245411+ (2284)	296	2284	245411	295	2229	1989	Different	Different	Different
17	gb|AE006468.2|+|1707351-1707789|ARO:3002571|AAC(6')-Iaa	0	0	0	0	0	254	438	Different	Different	Different
18	gb|AE014292|+|568280-570923|ARO:3003772|Brucella_suis_mprF	(29697) 3128843- (32339)	29697	32339	3128843	29696	32284	2643	Different	Different	Different
19	gb|AE016877.1|+|1972251-1972668|ARO:3000172|FosB	(70) 2163774+ (486) , (69) 51215479- (482)	70, 69	486, 482	2163774,51215479	69	431	417	Different	Different	Different
20	gb|AE016879.1|+|2933334-2933889|ARO:3005045|SatA	(51) 55223072-, 247433- (521)	51	521	55223072, 247433	0	466	555	Different	Different	Different
21	gb|AF024602|+|3155-3992|ARO:3002660|APH(6)-Id	(814) 114596+ (1650)	814	1650	114596	813	1595	837	Different	Different	Different
22	gb|AF043381|+|251-863|ARO:3002580|AAC(6')-Ib9	(19) 104606+ (632)	19	632	104606	18	577	612	Different	Different	Different
23	gb|AF043381|+|943-1744|ARO:3001414|OXA-19	(660) 104604+ (1460)	660	1460	104604	659	1405	801	Different	Different	Different
24	gb|AF047171|+|135-996|ARO:3000929|TEM-60	(47) 3478183-, 50639855- (37) , (47) 3478183-, 36393793+ (37)	47, 47	37, 37	3478183, 50639855,3478183, 36393793	46	852	861	Different	Different	Different
25	gb|AF047479|+|1295-2087|ARO:3002603|aadA3	(11) 104600- (802)	11	802	104600	0	267	792	Different	Different	Different
26	gb|AF062386|+|30-862|ARO:3000928|TEM-59	(47) 3478183- (877)	47	877	3478183	46	822	831	Different	Different	Different
27	gb|AF072684|+|117-993|ARO:3001075|SHV-16	(17) 1612535+ (877)	17	877	1612535	16	822	876	Different	Different	Different
28	gb|AF078527|+|3769-4303|ARO:3000230|ANT(2'')-Ia	(58) 104604+ (591)	58	591	104604	57	536	534	Different	Different	Different
29	gb|AF091113|+|450-1311|ARO:3000934|TEM-67	(47) 3478183-, 50639855- (37) , (47) 3478183-, 36393793+ (37)	47, 47	37, 37	3478183, 50639855,3478183, 36393793	46	852	861	Different	Different	Different
30	gb|AF093512|+|197-1058|ARO:3000882|TEM-10	(47) 3478183-, 50639855- (37) , (47) 3478183-, 36393793+ (37)	47, 47	37, 37	3478183, 50639855,3478183, 36393793	46	852	861	Different	Different	Different
31	gb|AF104441|+|193-1054|ARO:3000922|TEM-53	(47) 3478183-, 50639855- (37) , (47) 3478183-, 36393793+ (37)	47, 47	37, 37	3478183, 50639855,3478183, 36393793	46	852	861	Different	Different	Different
32	gb|AF104442|+|193-1054|ARO:3000923|TEM-54	(47) 3478183-, 50639855- (37) , (47) 3478183-, 36393793+ (37)	47, 47	37, 37	3478183, 50639855,3478183, 36393793	46	852	861	Different	Different	Different
33	gb|AF117743|+|0-780|ARO:3001077|SHV-19	(47) 1612535+ (826)	47	826	1612535	51	771	780	Different	Different	Different
34	gb|AF117744|+|0-780|ARO:3001078|SHV-20	(47) 1612535+ (826)	47	826	1612535	51	771	780	Different	Different	Different
35	gb|AF117745|+|0-780|ARO:3001079|SHV-21	(47) 1612535+ (826)	47	826	1612535	51	771	780	Different	Different	Different
36	gb|AF117746|+|0-780|ARO:3001080|SHV-22	(47) 1612535+ (826)	47	826	1612535	51	771	780	Different	Different	Different
37	gb|AF117747|+|0-780|ARO:3001081|SHV-23	(47) 1612535+ (826)	47	826	1612535	51	771	780	Different	Different	Different
38	gb|AF132290|+|87-948|ARO:3001076|SHV-18	(17) 1612535+ (877)	17	877	1612535	16	822	861	Different	Different	Different
39	gb|AF143804|+|0-861|ARO:3000959|TEM-92	(47) 3478183-, 50639855- (37) , (47) 3478183-, 36393793+ (37)	47, 47	37, 37	3478183, 50639855,3478183, 36393793	46	852	861	Different	Different	Different
40	gb|AF144880|+|3541-3979|ARO:3002569|AAC(6')-Iy	0	0	0	0	0	254	438	Different	Different	Different
41	gb|AF148851|+|5-866|ARO:3001060|SHV-2	(17) 1612535+ (877)	17	877	1612535	16	822	861	Different	Different	Different
42	gb|AF156486|+|5012-5792|ARO:3002602|aadA2	(31) 104600- (800)	31	800	104600	0	267	780	Different	Different	Different
43	gb|AF157553|+|147-1008|ARO:3000938|TEM-72	(47) 3478183-, 50639855- (37) , (47) 3478183-, 36393793+ (37)	47, 47	37, 37	3478183, 50639855,3478183, 36393793	46	852	861	Different	Different	Different
44	gb|AF164577|+|0-861|ARO:3001072|SHV-13	(17) 1612535+ (877)	17	877	1612535	16	822	861	Different	Different	Different
45	gb|AF188199|+|214-1075|ARO:3000936|TEM-70	(47) 3478183-, 50639855- (37) , (47) 3478183-, 36393793+ (37)	47, 47	37, 37	3478183, 50639855,3478183, 36393793	46	852	861	Different	Different	Different
46	gb|AF190692|+|208-1069|ARO:3000946|TEM-79	(47) 3478183-, 50639855- (37) , (47) 3478183-, 36393793+ (37)	47, 47	37, 37	3478183, 50639855,3478183, 36393793	46	852	861	Different	Different	Different
47	gb|AF190693|+|208-1069|ARO:3000944|TEM-78	(47) 3478183-, 50639855- (37) , (47) 3478183-, 36393793+ (37)	47, 47	37, 37	3478183, 50639855,3478183, 36393793	46	852	861	Different	Different	Different
48	gb|AF190694|+|208-1069|ARO:3000942|TEM-76	(47) 3478183-, 50639855- (37) , (47) 3478183-, 36393793+ (37)	47, 47	37, 37	3478183, 50639855,3478183, 36393793	46	852	861	Different	Different	Different
49	gb|AF201828.2|+|115-937|ARO:3001422|OXA-27	(81) 254088- (902)	81	902	254088	80	847	822	Different	Different	Different
50	gb|AF203816|+|210-1071|ARO:3000937|TEM-71	(47) 3478183-, 50639855- (37) , (47) 3478183-, 36393793+ (37)	47, 47	37, 37	3478183, 50639855,3478183, 36393793	46	852	861	Different	Different	Different
51	gb|AF205943|+|7511-8312|ARO:3001405|OXA-10	(660) 104604+ (1460)	660	1460	104604	659	1405	801	Different	Different	Different
52	gb|AF208796|+|0-861|ARO:3001083|SHV-25	(17) 1612535+ (877)	17	877	1612535	16	822	861	Different	Different	Different
53	gb|AF226622|+|54-915|ARO:3001073|SHV-14	(17) 1612535+ (877)	17	877	1612535	16	822	861	Different	Different	Different
54	gb|AF227204|+|73-934|ARO:3001084|SHV-26	(17) 1612535+ (877)	17	877	1612535	16	822	861	Different	Different	Different
55	gb|AF231133|+|1345-2146|ARO:3001423|OXA-28	(660) 104604+ (1460)	660	1460	104604	659	1405	801	Different	Different	Different
56	gb|AF250872|+|0-861|ARO:3000954|TEM-87	(47) 3478183-, 50639855- (37) , (47) 3478183-, 36393793+ (37)	47, 47	37, 37	3478183, 50639855,3478183, 36393793	46	852	861	Different	Different	Different
57	gb|AF293345|+|0-861|ARO:3001085|SHV-27	(17) 1612535+ (877)	17	877	1612535	16	822	861	Different	Different	Different
58	gb|AF299299|+|0-861|ARO:3001086|SHV-28	(17) 1612535+ (877)	17	877	1612535	16	822	861	Different	Different	Different
59	gb|AF301532|+|7-868|ARO:3001087|SHV-29	(17) 1612535+ (877)	17	877	1612535	16	822	861	Different	Different	Different
60	gb|AF313472|+|15593-16397|ARO:3002639|APH(3'')-Ib	(11) 114596+ (814)	11	814	114596	10	759	804	Different	Different	Different
61	gb|AF315786|+|1313-2114|ARO:3001429|OXA-35	(660) 104604+ (1460)	660	1460	104604	659	1405	801	Different	Different	Different
62	gb|AF332513|+|103-964|ARO:3000931|TEM-63	(47) 3478183-, 50639855- (37) , (47) 3478183-, 36393793+ (37)	47, 47	37, 37	3478183, 50639855,3478183, 36393793	46	852	861	Different	Different	Different
63	gb|AF347054|+|208-1069|ARO:3000947|TEM-80	(47) 3478183-, 50639855- (37) , (47) 3478183-, 36393793+ (37)	47, 47	37, 37	3478183, 50639855,3478183, 36393793	46	852	861	Different	Different	Different
64	gb|AF351241|+|89-950|ARO:3000957|TEM-90	(47) 3478183-, 50639855- (37) , (47) 3478183-, 36393793+ (37)	47, 47	37, 37	3478183, 50639855,3478183, 36393793	46	852	861	Different	Different	Different
65	gb|AF427127|+|208-1069|ARO:3000948|TEM-81	(47) 3478183-, 50639855- (37) , (47) 3478183-, 36393793+ (37)	47, 47	37, 37	3478183, 50639855,3478183, 36393793	46	852	861	Different	Different	Different
66	gb|AF427128|+|208-1069|ARO:3000949|TEM-82	(47) 3478183-, 50639855- (37) , (47) 3478183-, 36393793+ (37)	47, 47	37, 37	3478183, 50639855,3478183, 36393793	46	852	861	Different	Different	Different
67	gb|AF427129|+|208-1069|ARO:3000950|TEM-83	(47) 3478183-, 50639855- (37) , (47) 3478183-, 36393793+ (37)	47, 47	37, 37	3478183, 50639855,3478183, 36393793	46	852	861	Different	Different	Different
68	gb|AF427130|+|208-1069|ARO:3000951|TEM-84	(47) 3478183-, 50639855- (37) , (47) 3478183-, 36393793+ (37)	47, 47	37, 37	3478183, 50639855,3478183, 36393793	46	852	861	Different	Different	Different
69	gb|AF441287|+|260-1007|ARO:3000844|TUS-1_beta-lactamase	(12190) 1531004- (12936)	12190	12936	1531004	12189	12881	747	Different	Different	Different
70	gb|AF445082|+|2788-3343|ARO:3002577|AAC(6')-Ib4	(78) 104606+ (632)	78	632	104606	77	577	555	Different	Different	Different
71	gb|AF462019|+|26-656|ARO:3002681|catB9	(657) 3840299- (1286)	657	1286	3840299	656	1231	630	Different	Different	Different
72	gb|AF467947|+|0-861|ARO:3001094|SHV-36	(17) 1612535+ (877)	17	877	1612535	16	822	861	Different	Different	Different
73	gb|AF467948|+|0-861|ARO:3001095|SHV-37	(17) 1612535+ (877)	17	877	1612535	16	822	861	Different	Different	Different
74	gb|AF468003|+|0-861|ARO:3000974|TEM-111	(47) 3478183-, 50639855- (37) , (47) 3478183-, 36393793+ (37)	47, 47	37, 37	3478183, 50639855,3478183, 36393793	46	852	861	Different	Different	Different
75	gb|AF495873|+|0-861|ARO:3000964|TEM-101	(47) 3478183-, 50639855- (37) , (47) 3478183-, 36393793+ (37)	47, 47	37, 37	3478183, 50639855,3478183, 36393793	46	852	861	Different	Different	Different
76	gb|AF506748|+|38-899|ARO:3000971|TEM-108	(55) 3478183-, 50639855- (37) , (55) 3478183-, 36393793+ (37)	55, 55	37, 37	3478183, 50639855,3478183, 36393793	54	852	861	Different	Different	Different
77	gb|AF516719|+|214-1075|ARO:3000967|TEM-104	(47) 3478183-, 50639855- (37) , (47) 3478183-, 36393793+ (37)	47, 47	37, 37	3478183, 50639855,3478183, 36393793	46	852	861	Different	Different	Different
78	gb|AF516720|+|214-1075|ARO:3000968|TEM-105	(47) 3478183-, 50639855- (37) , (47) 3478183-, 36393793+ (37)	47, 47	37, 37	3478183, 50639855,3478183, 36393793	46	852	861	Different	Different	Different
79	gb|AF535127|+|208-1069|ARO:3000978|TEM-115	(47) 3478183-, 50639855- (37) , (47) 3478183-, 36393793+ (37)	47, 47	37, 37	3478183, 50639855,3478183, 36393793	46	852	861	Different	Different	Different
80	gb|AF535128|+|0-861|ARO:3001098|SHV-40	(17) 1612535+ (877)	17	877	1612535	16	822	861	Different	Different	Different
81	gb|AF535129|+|0-861|ARO:3001099|SHV-41	(17) 1612535+ (877)	17	877	1612535	16	822	861	Different	Different	Different
82	gb|AF535130|+|0-861|ARO:3001100|SHV-42	(17) 1612535+ (877)	17	877	1612535	16	822	861	Different	Different	Different
83	gb|AF547625|+|0-861|ARO:3001103|SHV-45	(17) 1612535+ (877)	17	877	1612535	16	822	861	Different	Different	Different
84	gb|AF550679.1|-|80976-81768|ARO:3002601|aadA	(11) 104600- (802)	11	802	104600	10	747	792	Different	Different	Different
85	gb|AJ009979.1|+|0-1152|ARO:3003847|ADC-1	(64) 126080+ (1215)	64	1215	126080	63	1160	1152	Different	Different	Different
86	gb|AJ011428|+|0-861|ARO:3001074|SHV-15	(17) 1612535+ (877)	17	877	1612535	16	822	861	Different	Different	Different
87	gb|AJ011502.1|+|300-1425|ARO:3004122|Klebsiella_pneumoniae_OmpK37	(554) 2114837- (1699)	554	1699	2114837	219,1	1113,228	1125	Different	Different	Different
88	gb|AJ012256|+|208-1069|ARO:3000939|TEM-73	(47) 3478183-, 50639855- (37) , (47) 3478183-, 36393793+ (37)	47, 47	37, 37	3478183, 50639855,3478183, 36393793	46	852	861	Different	Different	Different
89	gb|AJ222769.3|+|3686-5606|ARO:3000194|tetW	(746) 211793- (2665)	746	2665	211793	745	2610	1920	Different	Different	Different
90	gb|AJ239002|+|0-861|ARO:3000935|TEM-68	(47) 3478183-, 50639855- (37) , (47) 3478183-, 36393793+ (37)	47, 47	37, 37	3478183, 50639855,3478183, 36393793	46	852	861	Different	Different	Different
91	gb|AJ277414|+|0-861|ARO:3000952|TEM-85	(47) 3478183-, 50639855- (37) , (47) 3478183-, 36393793+ (37)	47, 47	37, 37	3478183, 50639855,3478183, 36393793	46	852	861	Different	Different	Different
92	gb|AJ277415|+|0-861|ARO:3000953|TEM-86	(47) 3478183-, 50639855- (37) , (47) 3478183-, 36393793+ (37)	47, 47	37, 37	3478183, 50639855,3478183, 36393793	46	852	861	Different	Different	Different
93	gb|AJ308558|+|181-1042|ARO:3000962|TEM-95	(47) 3478183-, 50639855- (37) , (47) 3478183-, 36393793+ (37)	47, 47	37, 37	3478183, 50639855,3478183, 36393793	46	852	861	Different	Different	Different
94	gb|AJ309734|+|0-825|ARO:3001612|OXA-51	(54150) 246080- (54974)	54150	54974	246080	54149	54919	825	Different	Different	Different
95	gb|AJ318093|+|0-861|ARO:3000960|TEM-93	(47) 3478183-, 50639855- (37) , (47) 3478183-, 36393793+ (37)	47, 47	37, 37	3478183, 50639855,3478183, 36393793	46	852	861	Different	Different	Different
96	gb|AJ318094|+|0-861|ARO:3000961|TEM-94	(47) 3478183-, 50639855- (37) , (47) 3478183-, 36393793+ (37)	47, 47	37, 37	3478183, 50639855,3478183, 36393793	46	852	861	Different	Different	Different
97	gb|AJ437107|+|208-1069|ARO:3000900|TEM-30	(47) 3478183-, 50639855- (37) , (47) 3478183-, 36393793+ (37)	47, 47	37, 37	3478183, 50639855,3478183, 36393793	46	852	861	Different	Different	Different
98	gb|AJ575184.1|+|0-1152|ARO:3003851|ADC-5	(64) 126080+ (1215)	64	1215	126080	63	1160	1152	Different	Different	Different
99	gb|AJ579365.1|+|4149-5628|ARO:3003111|lsaB	(1201) 3833997- (2679)	1201	2679	3833997	1200	2620	1479	Different	Different	Different
100	gb|AJ634602.1|-|7839-8700|ARO:3000999|TEM-135	(47) 3478183-, 50639855- (37) , (47) 3478183-, 36393793+ (37)	47, 47	37, 37	3478183, 50639855,3478183, 36393793	46	852	861	Different	Different	Different
101	gb|AJ746225|+|0-861|ARO:3000993|TEM-129	(47) 3478183-, 50639855- (37) , (47) 3478183-, 36393793+ (37)	47, 47	37, 37	3478183, 50639855,3478183, 36393793	46	852	861	Different	Different	Different
102	gb|AJ809407|+|118-898|ARO:3002620|aadA23	(31) 104600- (802)	31	802	104600	37	747	780	Different	Different	Different
103	gb|AJ854182|+|0-801|ARO:3001798|OXA-74	(660) 104604+ (1460)	660	1460	104604	659	1405	801	Different	Different	Different
104	gb|AJ863560|+|0-861|ARO:3001111|SHV-55	(17) 1612535+ (877)	17	877	1612535	16	822	861	Different	Different	Different
105	gb|AJ866284|+|0-861|ARO:3001116|SHV-61	(17) 1612535+ (877)	17	877	1612535	16	822	861	Different	Different	Different
106	gb|AJ866285|+|0-861|ARO:3001117|SHV-62	(17) 1612535+ (877)	17	877	1612535	16	822	861	Different	Different	Different
107	gb|AJ866988|+|0-861|ARO:3000994|TEM-130	(47) 3478183-, 50639855- (37) , (47) 3478183-, 36393793+ (37)	47, 47	37, 37	3478183, 50639855,3478183, 36393793	46	852	861	Different	Different	Different
108	gb|AJ920369|+|23-860|ARO:3001071|SHV-12	(17) 1612535+ (853)	17	853	1612535	16	798	837	Different	Different	Different
109	gb|AL009126.3|-|339155-339749|ARO:3003059|tmrB	(34) 3056893- (626) , (537) 2170980- (1130)	34, 537	626, 1130	3056893,2170980	33	571	594	Different	Different	Different
110	gb|AL009126|+|916777-919348|ARO:3003324|Bacillus_subtilis_mprF	0	0	0	0	0,0,0,0	213,221,446,656	2571	Different	Different	Different
111	gb|AL009126|-|2735681-2736536|ARO:3002627|aadK	(2992) 3873945+ (3844)	2992	3844	3873945	2991	3789	855	Different	Different	Different
112	gb|AL513383|+|161910-162771|ARO:3000873|TEM-1	(47) 3478183-, 50639855- (37) , (47) 3478183-, 36393793+ (37)	47, 47	37, 37	3478183, 50639855,3478183, 36393793	46	852	861	Different	Different	Different
113	gb|AM040708.1|+|1173-1965|ARO:3004704|aadA8b	(11) 104600- (802)	11	802	104600	0,10	267,747	792	Different	Different	Different
114	gb|AM049399|+|0-861|ARO:3001007|TEM-144	(47) 3478183-, 50639855- (37) , (47) 3478183-, 36393793+ (37)	47, 47	37, 37	3478183, 50639855,3478183, 36393793	46	852	861	Different	Different	Different
115	gb|AM087453|+|25-856|ARO:3001138|SHV-84	(17) 1612535+ (847)	17	847	1612535	16	792	831	Different	Different	Different
116	gb|AM087454|+|208-1069|ARO:3001015|TEM-148	(47) 3478183-, 50639855- (37) , (47) 3478183-, 36393793+ (37)	47, 47	37, 37	3478183, 50639855,3478183, 36393793	46	852	861	Different	Different	Different
117	gb|AM176546|+|0-861|ARO:3001125|SHV-71	(17) 1612535+ (877)	17	877	1612535	16	822	861	Different	Different	Different
118	gb|AM176547|+|30-891|ARO:3001126|SHV-72	(17) 1612535+ (877)	17	877	1612535	16	822	861	Different	Different	Different
119	gb|AM176548|+|16-874|ARO:3001127|SHV-73	(25) 1612535+ (877)	25	877	1612535	16	822	858	Different	Different	Different
120	gb|AM176549|+|30-891|ARO:3001128|SHV-74	(17) 1612535+ (877)	17	877	1612535	16	822	861	Different	Different	Different
121	gb|AM176550|+|30-891|ARO:3001129|SHV-75	(17) 1612535+ (877)	17	877	1612535	16	822	861	Different	Different	Different
122	gb|AM176551|+|30-891|ARO:3001130|SHV-76	(17) 1612535+ (877)	17	877	1612535	16	822	861	Different	Different	Different
123	gb|AM176552|+|30-891|ARO:3001131|SHV-77	(17) 1612535+ (877)	17	877	1612535	16	822	861	Different	Different	Different
124	gb|AM176553|+|30-891|ARO:3001132|SHV-78	(17) 1612535+ (877)	17	877	1612535	16	822	861	Different	Different	Different
125	gb|AM176554|+|30-891|ARO:3001133|SHV-79	(17) 1612535+ (877)	17	877	1612535	16	822	861	Different	Different	Different
126	gb|AM176555|+|0-861|ARO:3001134|SHV-80	(17) 1612535+ (877)	17	877	1612535	16	822	861	Different	Different	Different
127	gb|AM176556|+|25-886|ARO:3001135|SHV-81	(17) 1612535+ (877)	17	877	1612535	16	822	861	Different	Different	Different
128	gb|AM176557|+|0-861|ARO:3001136|SHV-82	(17) 1612535+ (877)	17	877	1612535	16	822	861	Different	Different	Different
129	gb|AM176558|+|0-861|ARO:3001137|SHV-83	(19) 1612535+ (877)	19	877	1612535	18	822	861	Different	Different	Different
130	gb|AM183304|+|208-1069|ARO:3001017|TEM-150	(47) 3478183-, 50639855- (37) , (47) 3478183-, 36393793+ (37)	47, 47	37, 37	3478183, 50639855,3478183, 36393793	46	852	861	Different	Different	Different
131	gb|AM231719|+|0-825|ARO:3001650|OXA-90	(54150) 246080- (54974)	54150	54974	246080	54149	54919	825	Different	Different	Different
132	gb|AM231720|+|0-825|ARO:3001438|OXA-100	(54150) 246080- (54974)	54150	54974	246080	54149	54919	825	Different	Different	Different
133	gb|AM261837|+|73-865|ARO:3002619|aadA22	(11) 104600- (802)	11	802	104600	10	747	792	Different	Different	Different
134	gb|AM279652|+|0-825|ARO:3001646|OXA-98	(54150) 246080- (54974)	54150	54974	246080	54149	54919	825	Different	Different	Different
135	gb|AM286274|+|0-861|ARO:3001001|TEM-137	(47) 3478183-, 50639855- (37) , (47) 3478183-, 36393793+ (37)	47, 47	37, 37	3478183, 50639855,3478183, 36393793	46	852	861	Different	Different	Different
136	gb|AM412777|+|117-918|ARO:3001439|OXA-101	(660) 104604+ (1460)	660	1460	104604	659	1405	801	Different	Different	Different
137	gb|AM849805|+|262-1123|ARO:3000886|TEM-15	(47) 3478183-, 50639855- (37) , (47) 3478183-, 36393793+ (37)	47, 47	37, 37	3478183, 50639855,3478183, 36393793	46	852	861	Different	Different	Different
138	gb|AM941159|+|208-1069|ARO:3001022|TEM-156	(47) 3478183-, 50639855- (37) , (47) 3478183-, 36393793+ (37)	47, 47	37, 37	3478183, 50639855,3478183, 36393793	46	852	861	Different	Different	Different
139	gb|AM941844|+|0-861|ARO:3001336|SHV-98	(17) 1612535+ (877)	17	877	1612535	16	822	861	Different	Different	Different
140	gb|AM941845|+|0-861|ARO:3001337|SHV-99	(17) 1612535+ (877)	17	877	1612535	16	822	861	Different	Different	Different
141	gb|AM941847|+|0-861|ARO:3001155|SHV-106	(17) 1612535+ (877)	17	877	1612535	16	822	861	Different	Different	Different
142	gb|AM941848|+|0-861|ARO:3001156|SHV-107	(17) 1612535+ (877)	17	877	1612535	16	822	861	Different	Different	Different
143	gb|AP009048|-|4338624-4340268|ARO:3003576|eptA	(7279) 268608- (8922)	7279	8922	268608	7278	8867	1644	Different	Different	Different
144	gb|AP012030.1|-|395553-396711|ARO:3004612|Escherichia_coli_ampH	(3881) 243533- (5038)	3881	5038	243533	3880	4973	1158	Different	Different	Different
145	gb|APON01000041.1|+|10443-11268|ARO:3001736|OXA-281	(157) 5350482- (984)	157	984	5350482	156	929	825	Different	Different	Different
146	gb|APOR01000009.1|+|341736-342561|ARO:3001716|OXA-260	(54150) 246080- (54974)	54150	54974	246080	54149	54919	825	Different	Different	Different
147	gb|APPZ01000001.1|+|7525-8353|ARO:3001735|OXA-280	(157) 5350482- (984)	157	984	5350482	156	929	828	Different	Different	Different
148	gb|APQF01000011.1|+|291557-292379|ARO:3001707|OXA-103	(81) 254088- (902)	81	902	254088	80	847	822	Different	Different	Different
149	gb|APQV01000009.1|+|266252-267077|ARO:3001717|OXA-261	(54150) 246080- (54974)	54150	54974	246080	54149	54919	825	Different	Different	Different
150	gb|APQY01000006.1|+|416598-417423|ARO:3001719|OXA-263	(54150) 246080- (54974)	54150	54974	246080	54149	54919	825	Different	Different	Different
151	gb|APRA01000005.1|+|465153-465978|ARO:3001718|OXA-262	(54150) 246080- (54974)	54150	54974	246080	54149	54919	825	Different	Different	Different
152	gb|AY027590|+|112-973|ARO:3000955|TEM-88	(47) 3478183-, 50639855- (37) , (47) 3478183-, 36393793+ (37)	47, 47	37, 37	3478183, 50639855,3478183, 36393793	46	852	861	Different	Different	Different
153	gb|AY036620|+|88-949|ARO:3001092|SHV-34	(17) 1612535+ (877)	17	877	1612535	16	822	861	Different	Different	Different
154	gb|AY037778|+|91-952|ARO:3001090|SHV-32	(17) 1612535+ (877)	17	877	1612535	16	822	861	Different	Different	Different
155	gb|AY039040|+|188-1022|ARO:3000956|TEM-89	(47) 3478183- (880)	47	880	3478183	46	825	834	Different	Different	Different
156	gb|AY040093|+|68-929|ARO:3000965|TEM-102	(47) 3478183-, 50639855- (37) , (47) 3478183-, 36393793+ (37)	47, 47	37, 37	3478183, 50639855,3478183, 36393793	46	852	861	Different	Different	Different
157	gb|AY055428.1|-|20268-21084|ARO:3000412|sul2	(22) 51050683+ (837)	22	837	51050683	21	782	816	Different	Different	Different
158	gb|AY065991|+|6-867|ARO:3001101|SHV-43	(17) 1612535+ (877)	17	877	1612535	16	822	861	Different	Different	Different
159	gb|AY070258|+|0-861|ARO:3001093|SHV-35	(17) 1612535+ (877)	17	877	1612535	16	822	861	Different	Different	Different
160	gb|AY072920|+|0-861|ARO:3000973|TEM-110	(47) 3478183-, 50639855- (37) , (47) 3478183-, 36393793+ (37)	47, 47	37, 37	3478183, 50639855,3478183, 36393793	46	852	861	Different	Different	Different
161	gb|AY079099|+|148-1009|ARO:3001096|SHV-38	(17) 1612535+ (877)	17	877	1612535	16	822	861	Different	Different	Different
162	gb|AY092401|+|0-861|ARO:3000963|TEM-96	(47) 3478183- (907)	47	907	3478183	46	852	861	Different	Different	Different
163	gb|AY101578|+|214-1075|ARO:3000969|TEM-106	(47) 3478183-, 50639855- (37) , (47) 3478183-, 36393793+ (37)	47, 47	37, 37	3478183, 50639855,3478183, 36393793	46	852	861	Different	Different	Different
164	gb|AY101764|+|206-1067|ARO:3000970|TEM-107	(47) 3478183-, 50639855- (37) , (47) 3478183-, 36393793+ (37)	47, 47	37, 37	3478183, 50639855,3478183, 36393793	46	852	861	Different	Different	Different
165	gb|AY123251.1|+|811-1444|ARO:3002680|catB8	(725) 104606+ (1357)	725	1357	104606	724	1302	633	Different	Different	Different
166	gb|AY136758|+|377-947|ARO:3002582|AAC(6')-Ib11	(83) 104606+ (632)	83	632	104606	82	577	570	Different	Different	Different
167	gb|AY139603|+|106-898|ARO:3002608|aadA8	(11) 104600- (802)	11	802	104600	0,10	267,747	792	Different	Different	Different
168	gb|AY152390|+|0-1335|ARO:3003785|Chlamydia_trachomatis_intrinsic_murA_conferring_resistance_to_fosfomycin	(723) 223703+ (2057)	723	2057	223703	722	2002	1335	Different	Different	Different
169	gb|AY171244|+|46-838|ARO:3002618|aadA21	(11) 104600- (802)	11	802	104600	10	747	792	Different	Different	Different
170	gb|AY177427.1|+|1141-2293|ARO:3003848|ADC-2	(64) 126080+ (1215)	64	1215	126080	63	1160	1152	Different	Different	Different
171	gb|AY178995.1|+|0-1152|ARO:3003849|ADC-3	(64) 126080+ (1215)	64	1215	126080	63	1160	1152	Different	Different	Different
172	gb|AY178996.1|+|0-1152|ARO:3003850|ADC-4	(64) 126080+ (1215)	64	1215	126080	63	1160	1152	Different	Different	Different
173	gb|AY210887|+|111-972|ARO:3001104|SHV-46	(17) 1612535+ (877)	17	877	1612535	16	822	861	Different	Different	Different
174	gb|AY223863|+|170-1031|ARO:3001113|SHV-57	(17) 1612535+ (877)	17	877	1612535	16	822	861	Different	Different	Different
175	gb|AY243512|+|208-1069|ARO:3000982|TEM-120	(47) 3478183-, 50639855- (37) , (47) 3478183-, 36393793+ (37)	47, 47	37, 37	3478183, 50639855,3478183, 36393793	46	852	861	Different	Different	Different
176	gb|AY259119|+|116-977|ARO:3001102|SHV-44	(17) 1612535+ (877)	17	877	1612535	16	822	861	Different	Different	Different
177	gb|AY263404|+|0-861|ARO:3001105|SHV-48	(17) 1612535+ (877)	17	877	1612535	16	822	861	Different	Different	Different
178	gb|AY271267|+|0-861|ARO:3000983|TEM-121	(47) 3478183-, 50639855- (37) , (47) 3478183-, 36393793+ (37)	47, 47	37, 37	3478183, 50639855,3478183, 36393793	46	852	861	Different	Different	Different
179	gb|AY277255|+|66-927|ARO:3001089|SHV-31	(17) 1612535+ (877)	17	877	1612535	16	822	861	Different	Different	Different
180	gb|AY288523|+|0-825|ARO:3001671|OXA-49	(81) 254088- (902)	81	902	254088	80	847	825	Different	Different	Different
181	gb|AY288915|+|0-861|ARO:3001107|SHV-50	(17) 1612535+ (877)	17	877	1612535	16	822	861	Different	Different	Different
182	gb|AY289548|+|0-861|ARO:3001108|SHV-51	(17) 1612535+ (877)	17	877	1612535	16	822	861	Different	Different	Different
183	gb|AY306130|+|0-789|ARO:3001796|OXA-50	(19144) 237664- (19932)	19144	19932	237664	19143	19877	789	Different	Different	Different
184	gb|AY307100|+|0-861|ARO:3000984|TEM-122	(47) 3478183-, 50639855- (37) , (47) 3478183-, 36393793+ (37)	47, 47	37, 37	3478183, 50639855,3478183, 36393793	46	852	861	Different	Different	Different
185	gb|AY327539|+|0-858|ARO:3000985|TEM-123	(47) 3478183-, 50639855- (37) , (47) 3478183-, 36393793+ (37)	47, 47	37, 37	3478183, 50639855,3478183, 36393793	46	852	858	Different	Different	Different
186	gb|AY327540|+|0-858|ARO:3000986|TEM-124	(47) 3478183-, 50639855- (37) , (47) 3478183-, 36393793+ (37)	47, 47	37, 37	3478183, 50639855,3478183, 36393793	46	852	858	Different	Different	Different
187	gb|AY368236|+|0-861|ARO:3000989|TEM-127	(47) 3478183-, 50639855- (37) , (47) 3478183-, 36393793+ (37)	47, 47	37, 37	3478183, 50639855,3478183, 36393793	46	852	861	Different	Different	Different
188	gb|AY368237|+|0-861|ARO:3000990|TEM-128	(47) 3478183-, 50639855- (37) , (47) 3478183-, 36393793+ (37)	47, 47	37, 37	3478183, 50639855,3478183, 36393793	46	852	861	Different	Different	Different
189	gb|AY436361|+|131-992|ARO:3000995|TEM-131	(47) 3478183-, 50639855- (37) , (47) 3478183-, 36393793+ (37)	47, 47	37, 37	3478183, 50639855,3478183, 36393793	46	852	861	Different	Different	Different
190	gb|AY445080|+|0-801|ARO:3001795|OXA-56	(660) 104604+ (1460)	660	1460	104604	659	1405	801	Different	Different	Different
191	gb|AY453161|+|500-1430|ARO:3000090|BLA1	0	0	0	0	455,0	951,287	930	Different	Different	Different
192	gb|AY453162|+|500-1271|ARO:3004189|Bla2	(1447) 226465- (2217)	1447	2217	226465	1446	2162	771	Different	Different	Different
193	gb|AY491682|+|0-861|ARO:3000996|TEM-132	(47) 3478183-, 50639855- (37) , (47) 3478183-, 36393793+ (37)	47, 47	37, 37	3478183, 50639855,3478183, 36393793	46	852	861	Different	Different	Different
194	gb|AY528425|+|0-861|ARO:3000997|TEM-133	(47) 3478183-, 50639855- (37) , (47) 3478183-, 36393793+ (37)	47, 47	37, 37	3478183, 50639855,3478183, 36393793	46	852	861	Different	Different	Different
195	gb|AY528718|+|413-1274|ARO:3001106|SHV-49	(17) 1612535+ (877)	17	877	1612535	16	822	861	Different	Different	Different
196	gb|AY574271|+|0-861|ARO:3000998|TEM-134	(47) 3478183-, 50639855- (37) , (47) 3478183-, 36393793+ (37)	47, 47	37, 37	3478183, 50639855,3478183, 36393793	46	852	861	Different	Different	Different
197	gb|AY589493|+|166-1027|ARO:3000975|TEM-112	(47) 3478183-, 50639855- (37) , (47) 3478183-, 36393793+ (37)	47, 47	37, 37	3478183, 50639855,3478183, 36393793	46	852	861	Different	Different	Different
198	gb|AY589494|+|193-1054|ARO:3000976|TEM-113	(47) 3478183-, 50639855- (37) , (47) 3478183-, 36393793+ (37)	47, 47	37, 37	3478183, 50639855,3478183, 36393793	46	852	861	Different	Different	Different
199	gb|AY589495|+|181-1042|ARO:3000977|TEM-114	(47) 3478183-, 50639855- (37) , (47) 3478183-, 36393793+ (37)	47, 47	37, 37	3478183, 50639855,3478183, 36393793	46	852	861	Different	Different	Different
200	gb|AY628175|+|210-1071|ARO:3000972|TEM-109	(47) 3478183-, 50639855- (37) , (47) 3478183-, 36393793+ (37)	47, 47	37, 37	3478183, 50639855,3478183, 36393793	46	852	861	Different	Different	Different
201	gb|AY628176|+|75-936|ARO:3000987|TEM-125	(47) 3478183-, 50639855- (37) , (47) 3478183-, 36393793+ (37)	47, 47	37, 37	3478183, 50639855,3478183, 36393793	46	852	861	Different	Different	Different
202	gb|AY628199|+|203-1064|ARO:3000988|TEM-126	(47) 3478183-, 50639855- (37) , (47) 3478183-, 36393793+ (37)	47, 47	37, 37	3478183, 50639855,3478183, 36393793	46	852	861	Different	Different	Different
203	gb|AY648950.1|+|0-1152|ARO:3003853|ADC-7	(64) 126080+ (1215)	64	1215	126080	63	1160	1152	Different	Different	Different
204	gb|AY660529.1|+|121-676|ARO:3003676|AAC(6')-Ib'	(78) 104606+ (632)	78	632	104606	77	577	555	Different	Different	Different
205	gb|AY661885|+|48-909|ARO:3001088|SHV-30	(17) 1612535+ (877)	17	877	1612535	16	822	861	Different	Different	Different
206	gb|AY750907|+|0-825|ARO:3001613|OXA-64	(54150) 246080- (54974)	54150	54974	246080	54149	54919	825	Different	Different	Different
207	gb|AY750908|+|0-825|ARO:3001614|OXA-65	(54150) 246080- (54974)	54150	54974	246080	54149	54919	825	Different	Different	Different
208	gb|AY750910|+|0-825|ARO:3001616|OXA-68	(54150) 246080- (54974)	54150	54974	246080	54149	54919	825	Different	Different	Different
209	gb|AY750912|+|0-825|ARO:3001618|OXA-70	(54150) 246080- (54974)	54150	54974	246080	54149	54919	825	Different	Different	Different
210	gb|AY750913|+|0-825|ARO:3001619|OXA-71	(54150) 246080- (54974)	54150	54974	246080	54149	54919	825	Different	Different	Different
211	gb|AY762325|+|115-937|ARO:3001785|OXA-73	(81) 254088- (902)	81	902	254088	80	847	822	Different	Different	Different
212	gb|AY790341|+|0-861|ARO:3001114|SHV-59	(17) 1612535+ (877)	17	877	1612535	16	822	861	Different	Different	Different
213	gb|AY795964|+|0-822|ARO:3001418|OXA-23	(81) 254088- (902)	81	902	254088	80	847	822	Different	Different	Different
214	gb|AY826417|+|0-861|ARO:3001000|TEM-136	(47) 3478183-, 50639855- (37) , (47) 3478183-, 36393793+ (37)	47, 47	37, 37	3478183, 50639855,3478183, 36393793	46	852	861	Different	Different	Different
215	gb|AY853593|+|214-1075|ARO:3001002|TEM-138	(47) 3478183-, 50639855- (37) , (47) 3478183-, 36393793+ (37)	47, 47	37, 37	3478183, 50639855,3478183, 36393793	46	852	861	Different	Different	Different
216	gb|AY862132|+|0-825|ARO:3001645|OXA-78	(54150) 246080- (54974)	54150	54974	246080	54149	54919	825	Different	Different	Different
217	gb|AY874537|+|177-1038|ARO:3000883|TEM-11	(47) 3478183-, 50639855- (37) , (47) 3478183-, 36393793+ (37)	47, 47	37, 37	3478183, 50639855,3478183, 36393793	46	852	861	Different	Different	Different
218	gb|AY949202|+|0-825|ARO:3001622|OXA-77	(54150) 246080- (54974)	54150	54974	246080	54149	54919	825	Different	Different	Different
219	gb|AY949203|+|0-825|ARO:3001621|OXA-76	(54150) 246080- (54974)	54150	54974	246080	54149	54919	825	Different	Different	Different
220	gb|AY956335|+|38-899|ARO:3001004|TEM-141	(47) 3478183-, 50639855- (37) , (47) 3478183-, 36393793+ (37)	47, 47	37, 37	3478183, 50639855,3478183, 36393793	46	852	861	Different	Different	Different
221	gb|BX664015.1|-|103017-103833|ARO:3002641|APH(3')-Ia	(121) 211757+, 43358576+ (57) , (121) 211757+, 47312014+ (55)	121, 121	57, 55	211757, 43358576,211757, 47312014	120	879	816	Different	Different	Different
222	gb|CP000813.4|-|2349398-2350187|ARO:3004759|BPU-1	(15236) 1848066- (16024)	15236	16024	1848066	15235	15969	789	Different	Different	Different
223	gb|CP001182.1|+|2873299-2874451|ARO:3003796|Acinetobacter_baumannii_AmpC_beta-lactamase	(64) 126080+ (1215)	64	1215	126080	63	1160	1152	Different	Different	Different
224	gb|CP001633.1|-|630303-631167|ARO:3004801|FTU-1	0	0	0	0	3008,0	3596,274	864	Different	Different	Different
225	gb|CP001921.1|+|2803996-2805148|ARO:3003870|ADC-31	(64) 126080+ (1215)	64	1215	126080	63	1160	1152	Different	Different	Different
226	gb|CP003022|+|336788-337580|ARO:3003197|aadA25	(11) 104600- (802)	11	802	104600	10	747	792	Different	Different	Different
227	gb|CP006845.1|+|539695-540745|ARO:3002814|clbA	0	0	0	0	1,0	304,426	1050	Different	Different	Different
228	gb|CP010314.1|+|275837-276758|ARO:3004541|mphK	(281) 1173637+ (1201)	281	1201	1173637	920,0,0	1224,321,224	921	Different	Different	Different
229	gb|CP038661.1|+|6223618-6224407|ARO:3003643|OXA-486	(19144) 237664- (19932)	19144	19932	237664	19143	19877	789	Different	Different	Different
230	gb|CP045110.1|-|521271-522372|ARO:3005051|LpsB	(116381) 249398+ (117481)	116381	117481	249398	116380	117426	1101	Different	Different	Different
231	gb|CU459141.1|+|2175316-2176141|ARO:3001617|OXA-69	(54150) 246080- (54974)	54150	54974	246080	54149	54919	825	Different	Different	Different
232	gb|CU468230.2|+|1959577-1960402|ARO:3001620|OXA-75	(54150) 246080- (54974)	54150	54974	246080	54149	54919	825	Different	Different	Different
233	gb|D16251.1|-|1625-2531|ARO:3000316|mphA	0	0	0	0	68,0	448,247	906	Different	Different	Different
234	gb|DQ013287|+|0-861|ARO:3001124|SHV-70	(17) 1612535+ (877)	17	877	1612535	16	822	861	Different	Different	Different
235	gb|DQ072853|+|0-861|ARO:3001003|TEM-139	(47) 3478183-, 50639855- (37) , (47) 3478183-, 36393793+ (37)	47, 47	37, 37	3478183, 50639855,3478183, 36393793	46	852	861	Different	Different	Different
236	gb|DQ075245|+|217-1078|ARO:3001006|TEM-143	(47) 3478183-, 50639855- (37) , (47) 3478183-, 36393793+ (37)	47, 47	37, 37	3478183, 50639855,3478183, 36393793	46	852	861	Different	Different	Different
237	gb|DQ105528|+|0-861|ARO:3001012|TEM-145	(47) 3478183-, 50639855- (37) , (47) 3478183-, 36393793+ (37)	47, 47	37, 37	3478183, 50639855,3478183, 36393793	46	852	861	Different	Different	Different
238	gb|DQ105529|+|0-861|ARO:3001013|TEM-146	(47) 3478183-, 50639855- (37) , (47) 3478183-, 36393793+ (37)	47, 47	37, 37	3478183, 50639855,3478183, 36393793	46	852	861	Different	Different	Different
239	gb|DQ149247|+|0-825|ARO:3001703|OXA-86	(54150) 246080- (54974)	54150	54974	246080	54149	54919	825	Different	Different	Different
240	gb|DQ174304|+|4-865|ARO:3001119|SHV-64	(17) 1612535+ (877)	17	877	1612535	16	822	861	Different	Different	Different
241	gb|DQ174305|+|4-865|ARO:3001120|SHV-65	(17) 1612535+ (877)	17	877	1612535	16	822	861	Different	Different	Different
242	gb|DQ174306|+|4-865|ARO:3001121|SHV-66	(17) 1612535+ (877)	17	877	1612535	16	822	861	Different	Different	Different
243	gb|DQ174307|+|4-865|ARO:3001122|SHV-67	(17) 1612535+ (877)	17	877	1612535	16	822	861	Different	Different	Different
244	gb|DQ174308|+|4-865|ARO:3001123|SHV-69	(17) 1612535+ (877)	17	877	1612535	16	822	861	Different	Different	Different
245	gb|DQ193536|+|0-861|ARO:3001141|SHV-89	(17) 1612535+ (877)	17	877	1612535	16	822	861	Different	Different	Different
246	gb|DQ241380.1|+|0-777|ARO:3002539|AAC(3)-IV	(42) 53827366- (818)	42	818	53827366	41	763	777	Different	Different	Different
247	gb|DQ279850|+|0-861|ARO:3001014|TEM-147	(47) 3478183-, 50639855- (37) , (47) 3478183-, 36393793+ (37)	47, 47	37, 37	3478183, 50639855,3478183, 36393793	46	852	861	Different	Different	Different
248	gb|DQ286729|+|0-861|ARO:3000924|TEM-55	(47) 3478183-, 50639855- (37) , (47) 3478183-, 36393793+ (37)	47, 47	37, 37	3478183, 50639855,3478183, 36393793	46	852	861	Different	Different	Different
249	gb|DQ303918|+|0-600|ARO:3002547|AAC(6')-Ib-cr	(45) 104606+ (632)	45	632	104606	44	577	600	Different	Different	Different
250	gb|DQ309276|+|0-825|ARO:3001624|OXA-84	(54150) 246080- (54974)	54150	54974	246080	54149	54919	825	Different	Different	Different
251	gb|DQ309277|+|0-825|ARO:3001623|OXA-83	(54150) 246080- (54974)	54150	54974	246080	54149	54919	825	Different	Different	Different
252	gb|DQ322460|+|15-876|ARO:3001139|SHV-85	(17) 1612535+ (877)	17	877	1612535	16	822	861	Different	Different	Different
253	gb|DQ328802|+|0-861|ARO:3001140|SHV-86	(17) 1612535+ (877)	17	877	1612535	16	822	861	Different	Different	Different
254	gb|DQ335566|+|0-825|ARO:3001632|OXA-92	(54150) 246080- (54974)	54150	54974	246080	54149	54919	825	Different	Different	Different
255	gb|DQ348075|+|0-825|ARO:3001704|OXA-87	(54150) 246080- (54974)	54150	54974	246080	54149	54919	825	Different	Different	Different
256	gb|DQ369751|+|0-861|ARO:3001016|TEM-149	(47) 3478183-, 50639855- (37) , (47) 3478183-, 36393793+ (37)	47, 47	37, 37	3478183, 50639855,3478183, 36393793	46	852	861	Different	Different	Different
257	gb|DQ388882|+|0-861|ARO:3001005|TEM-142	(47) 3478183-, 50639855- (37) , (47) 3478183-, 36393793+ (37)	47, 47	37, 37	3478183, 50639855,3478183, 36393793	46	852	861	Different	Different	Different
258	gb|DQ392963|+|8-833|ARO:3001626|OXA-88	(54150) 246080- (54974)	54150	54974	246080	54149	54919	825	Different	Different	Different
259	gb|DQ393783|+|1799-2591|ARO:3002615|aadA15	(11) 104600- (800)	11	800	104600	10	727	792	Different	Different	Different
260	gb|DQ445683|+|0-825|ARO:3001625|OXA-89	(54150) 246080- (54974)	54150	54974	246080	54149	54919	825	Different	Different	Different
261	gb|DQ491200|+|0-825|ARO:3001437|OXA-67	(54150) 246080- (54974)	54150	54974	246080	54149	54919	825	Different	Different	Different
262	gb|DQ519086|+|1198-2023|ARO:3001627|OXA-91	(54150) 246080- (54974)	54150	54974	246080	54149	54919	825	Different	Different	Different
263	gb|DQ519087|+|38-863|ARO:3001628|OXA-93	(54150) 246080- (54974)	54150	54974	246080	54149	54919	825	Different	Different	Different
264	gb|DQ519088|+|8-833|ARO:3001629|OXA-94	(54150) 246080- (54974)	54150	54974	246080	54149	54919	825	Different	Different	Different
265	gb|DQ519089|+|8-833|ARO:3001630|OXA-95	(54150) 246080- (54974)	54150	54974	246080	54149	54919	825	Different	Different	Different
266	gb|DQ677333|+|0-780|ARO:3002621|aadA24	(31) 104600- (802)	31	802	104600	37	747	780	Different	Different	Different
267	gb|DQ679961|+|114-975|ARO:3001021|TEM-155	(47) 3478183-, 50639855- (37) , (47) 3478183-, 36393793+ (37)	47, 47	37, 37	3478183, 50639855,3478183, 36393793	46	852	861	Different	Different	Different
268	gb|DQ823382|+|0-1569|ARO:3002830|vgaALC	0	0	0	0	0	1045	1569	Different	Different	Different
269	gb|DQ834728|+|205-1066|ARO:3001019|TEM-152	(47) 3478183-, 50639855- (37) , (47) 3478183-, 36393793+ (37)	47, 47	37, 37	3478183, 50639855,3478183, 36393793	46	852	861	Different	Different	Different
270	gb|DQ834729|+|205-1066|ARO:3001018|TEM-151	(47) 3478183- (907)	47	907	3478183	46	852	861	Different	Different	Different
271	gb|DQ836922|+|0-861|ARO:3001144|SHV-92	(17) 1612535+ (877)	17	877	1612535	16	822	861	Different	Different	Different
272	gb|DQ839391.1|-|12872-13757|ARO:3003741|mphE	(4741) 638787+ (5625)	4741	5625	638787	4740	5570	885	Different	Different	Different
273	gb|DQ883640.1|+|0-1167|ARO:3003855|ADC-10	(64) 126080+ (1215)	64	1215	126080	63	1160	1167	Different	Different	Different
274	gb|DQ888718|+|0-825|ARO:3001649|OXA-99	(54150) 246080- (54974)	54150	54974	246080	54149	54919	825	Different	Different	Different
275	gb|DQ909059|+|0-861|ARO:3001023|TEM-157	(47) 3478183-, 50639855- (37) , (47) 3478183-, 36393793+ (37)	47, 47	37, 37	3478183, 50639855,3478183, 36393793	46	852	861	Different	Different	Different
276	gb|EF016355.1|+|0-1152|ARO:3003868|ADC-25	(64) 126080+ (1215)	64	1215	126080	63	1160	1152	Different	Different	Different
277	gb|EF016356.1|+|0-825|ARO:3001615|OXA-66	(54150) 246080- (54974)	54150	54974	246080	54149	54919	825	Different	Different	Different
278	gb|EF136376|+|0-861|ARO:3001025|TEM-159	(47) 3478183-, 50639855- (37) , (47) 3478183-, 36393793+ (37)	47, 47	37, 37	3478183, 50639855,3478183, 36393793	46	852	861	Different	Different	Different
279	gb|EF136377|+|0-861|ARO:3001026|TEM-160	(47) 3478183-, 50639855- (37) , (47) 3478183-, 36393793+ (37)	47, 47	37, 37	3478183, 50639855,3478183, 36393793	46	852	861	Different	Different	Different
280	gb|EF373969|+|0-861|ARO:3001145|SHV-93	(17) 1612535+ (877)	17	877	1612535	16	822	861	Different	Different	Different
281	gb|EF373970|+|0-861|ARO:3001146|SHV-94	(17) 1612535+ (877)	17	877	1612535	16	822	861	Different	Different	Different
282	gb|EF373971|+|0-861|ARO:3001148|SHV-96	(17) 1612535+ (877)	17	877	1612535	16	822	861	Different	Different	Different
283	gb|EF373972|+|0-861|ARO:3001147|SHV-95	(17) 1612535+ (877)	17	877	1612535	16	822	861	Different	Different	Different
284	gb|EF373973|+|0-861|ARO:3001149|SHV-97	(17) 1612535+ (877)	17	877	1612535	16	822	861	Different	Different	Different
285	gb|EF468463|+|66-927|ARO:3001028|TEM-162	(47) 3478183-, 50639855- (37) , (47) 3478183-, 36393793+ (37)	47, 47	37, 37	3478183, 50639855,3478183, 36393793	46	852	861	Different	Different	Different
286	gb|EF534736|+|213-1074|ARO:3001024|TEM-158	(47) 3478183-, 50639855- (37) , (47) 3478183-, 36393793+ (37)	47, 47	37, 37	3478183, 50639855,3478183, 36393793	46	852	861	Different	Different	Different
287	gb|EF650032|+|0-825|ARO:3001637|OXA-106	(54150) 246080- (54974)	54150	54974	246080	54149	54919	825	Different	Different	Different
288	gb|EF650033|+|0-825|ARO:3001638|OXA-107	(54150) 246080- (54974)	54150	54974	246080	54149	54919	825	Different	Different	Different
289	gb|EF650034|+|0-825|ARO:3001639|OXA-108	(54150) 246080- (54974)	54150	54974	246080	54149	54919	825	Different	Different	Different
290	gb|EF650035|+|0-825|ARO:3001640|OXA-109	(54150) 246080- (54974)	54150	54974	246080	54149	54919	825	Different	Different	Different
291	gb|EF650036|+|0-825|ARO:3001641|OXA-110	(54150) 246080- (54974)	54150	54974	246080	54149	54919	825	Different	Different	Different
292	gb|EF650037|+|0-825|ARO:3001642|OXA-111	(54150) 246080- (54974)	54150	54974	246080	54149	54919	825	Different	Different	Different
293	gb|EF650038|+|0-825|ARO:3001643|OXA-112	(54150) 246080- (54974)	54150	54974	246080	54149	54919	825	Different	Different	Different
294	gb|EF653400|+|434-1259|ARO:3001644|OXA-113	(54150) 246080- (54974)	54150	54974	246080	54149	54919	825	Different	Different	Different
295	gb|EU019534|+|0-825|ARO:3001633|OXA-79	(54150) 246080- (54974)	54150	54974	246080	54149	54919	825	Different	Different	Different
296	gb|EU019535|+|0-825|ARO:3001634|OXA-80	(54150) 246080- (54974)	54150	54974	246080	54149	54919	825	Different	Different	Different
297	gb|EU019536|+|0-825|ARO:3001635|OXA-82	(54150) 246080- (54974)	54150	54974	246080	54149	54919	825	Different	Different	Different
298	gb|EU024485|+|0-861|ARO:3001151|SHV-102	(17) 1612535+ (877)	17	877	1612535	16	822	861	Different	Different	Different
299	gb|EU029998|+|575-1400|ARO:3001440|OXA-115	(54150) 246080- (54974)	54150	54974	246080	54149	54919	825	Different	Different	Different
300	gb|EU032604|+|0-861|ARO:3001152|SHV-103	(17) 1612535+ (877)	17	877	1612535	16	822	861	Different	Different	Different
301	gb|EU085533|+|0-519|ARO:3002591|AAC(6')-Ib-Suzhou	(114) 104606+ (632)	114	632	104606	113	577	519	Different	Different	Different
302	gb|EU155018|+|0-861|ARO:3001150|SHV-101	(17) 1612535+ (877)	17	877	1612535	16	822	861	Different	Different	Different
303	gb|EU220744|+|0-786|ARO:3001441|OXA-116	(54168) 246080- (54953)	54168	54953	246080	54167	54894	786	Different	Different	Different
304	gb|EU255291.1|+|0-825|ARO:3001444|OXA-122	(54150) 246080- (54974)	54150	54974	246080	54149	54919	825	Different	Different	Different
305	gb|EU255292.1|+|0-825|ARO:3001445|OXA-123	(54150) 246080- (54974)	54150	54974	246080	54149	54919	825	Different	Different	Different
306	gb|EU255293.1|+|0-825|ARO:3001446|OXA-124	(54150) 246080- (54974)	54150	54974	246080	54149	54919	825	Different	Different	Different
307	gb|EU255294.1|+|0-825|ARO:3001447|OXA-125	(54150) 246080- (54974)	54150	54974	246080	54149	54919	825	Different	Different	Different
308	gb|EU255295.1|+|0-825|ARO:3001448|OXA-126	(54150) 246080- (54974)	54150	54974	246080	54149	54919	825	Different	Different	Different
309	gb|EU255296.1|+|0-825|ARO:3001449|OXA-127	(54150) 246080- (54974)	54150	54974	246080	54149	54919	825	Different	Different	Different
310	gb|EU274580|+|214-1075|ARO:3001030|TEM-164	(47) 3478183-, 50639855- (37) , (47) 3478183-, 36393793+ (37)	47, 47	37, 37	3478183, 50639855,3478183, 36393793	46	852	861	Different	Different	Different
311	gb|EU274581|+|0-861|ARO:3001153|SHV-104	(18) 1612535+ (877)	18	877	1612535	17	822	861	Different	Different	Different
312	gb|EU294228.1|+|21241-22717|ARO:3003109|msrE	(3210) 638787+ (4685)	3210	4685	638787	3209	4630	1476	Different	Different	Different
313	gb|EU342351|+|172-1033|ARO:3001118|SHV-63	(17) 1612535+ (877)	17	877	1612535	16	822	861	Different	Different	Different
314	gb|EU358785|+|720-1521|ARO:3001803|OXA-142	(660) 104604+ (1460)	660	1460	104604	659	1405	801	Different	Different	Different
315	gb|EU375515|+|0-825|ARO:3001648|OXA-128	(54150) 246080- (54974)	54150	54974	246080	54149	54919	825	Different	Different	Different
316	gb|EU418913|+|16-877|ARO:3001158|SHV-109	(17) 1612535+ (877)	17	877	1612535	16	822	861	Different	Different	Different
317	gb|EU547445|+|0-825|ARO:3001651|OXA-130	(54150) 246080- (54974)	54150	54974	246080	54149	54919	825	Different	Different	Different
318	gb|EU547446|+|0-825|ARO:3001652|OXA-131	(54150) 246080- (54974)	54150	54974	246080	54149	54919	825	Different	Different	Different
319	gb|EU547447|+|0-825|ARO:3001653|OXA-132	(54150) 246080- (54974)	54150	54974	246080	54149	54919	825	Different	Different	Different
320	gb|EU571228|+|822-1644|ARO:3001702|OXA-133	(81) 254088- (902)	81	902	254088	80	847	822	Different	Different	Different
321	gb|EU586041|+|0-861|ARO:3001112|SHV-56	(17) 1612535+ (877)	17	877	1612535	16	822	861	Different	Different	Different
322	gb|EU652244.1|+|0-1152|ARO:3003871|ADC-39	(64) 126080+ (1215)	64	1215	126080	63	1160	1152	Different	Different	Different
323	gb|EU670845|+|1594-2419|ARO:3001655|OXA-138	(54150) 246080- (54974)	54150	54974	246080	54149	54919	825	Different	Different	Different
324	gb|EU815939|+|0-861|ARO:3001029|TEM-163	(47) 3478183-, 50639855- (37) , (47) 3478183-, 36393793+ (37)	47, 47	37, 37	3478183, 50639855,3478183, 36393793	46	852	861	Different	Different	Different
325	gb|FJ194494|+|171-996|ARO:3001779|OXA-146	(81) 254088- (902)	81	902	254088	80	847	825	Different	Different	Different
326	gb|FJ194944|+|46-907|ARO:3001154|SHV-105	(17) 1612535+ (877)	17	877	1612535	16	822	861	Different	Different	Different
327	gb|FJ196385|-|8531-9323|ARO:3000413|sul3	(234) 206563+ (1025)	234	1025	206563	233	970	792	Different	Different	Different
328	gb|FJ197316|+|0-861|ARO:3001032|TEM-166	(47) 3478183-, 50639855- (37) , (47) 3478183-, 36393793+ (37)	47, 47	37, 37	3478183, 50639855,3478183, 36393793	46	852	861	Different	Different	Different
329	gb|FJ360884|+|213-1074|ARO:3001033|TEM-167	(47) 3478183-, 50639855- (37) , (47) 3478183-, 36393793+ (37)	47, 47	37, 37	3478183, 50639855,3478183, 36393793	46	852	861	Different	Different	Different
330	gb|FJ405211|+|0-861|ARO:3000926|TEM-57	(47) 3478183-, 50639855- (37) , (47) 3478183-, 36393793+ (37)	47, 47	37, 37	3478183, 50639855,3478183, 36393793	46	852	861	Different	Different	Different
331	gb|FJ460181|+|1790-2582|ARO:3002617|aadA17	(11) 104600- (800)	11	800	104600	10	727	792	Different	Different	Different
332	gb|FJ503047|+|0-519|ARO:3002592|AAC(6')-Ib-Hangzhou	(114) 104606+ (632)	114	632	104606	113	577	519	Different	Different	Different
333	gb|FJ666064|+|0-1194|ARO:3002498|PDC-2	(35514) 232416+ (36707)	35514	36707	232416	35513	36652	1194	Different	Different	Different
334	gb|FJ666065|+|0-1194|ARO:3002497|PDC-1	(35514) 232416+ (36707)	35514	36707	232416	35513	36652	1194	Different	Different	Different
335	gb|FJ666066|+|0-1194|ARO:3002500|PDC-3	(35514) 232416+ (36707)	35514	36707	232416	35513	36652	1194	Different	Different	Different
336	gb|FJ666067|+|0-1194|ARO:3002501|PDC-4	(35514) 232416+ (36707)	35514	36707	232416	35513	36652	1194	Different	Different	Different
337	gb|FJ666068|+|0-1194|ARO:3002502|PDC-5	(35514) 232416+ (36707)	35514	36707	232416	35513	36652	1194	Different	Different	Different
338	gb|FJ666069|+|0-1194|ARO:3002505|PDC-6	(35514) 232416+ (36707)	35514	36707	232416	35513	36652	1194	Different	Different	Different
339	gb|FJ666070|+|0-1194|ARO:3002506|PDC-7	(35514) 232416+ (36707)	35514	36707	232416	35513	36652	1194	Different	Different	Different
340	gb|FJ666071|+|0-1194|ARO:3002507|PDC-8	(35514) 232416+ (36707)	35514	36707	232416	35513	36652	1194	Different	Different	Different
341	gb|FJ666072|+|0-1194|ARO:3002508|PDC-9	(35514) 232416+ (36707)	35514	36707	232416	35513	36652	1194	Different	Different	Different
342	gb|FJ666073|+|0-1194|ARO:3002509|PDC-10	(35514) 232416+ (36707)	35514	36707	232416	35513	36652	1194	Different	Different	Different
343	gb|FJ668814|+|76-937|ARO:3001059|SHV-1	(17) 1612535+ (877)	17	877	1612535	16	822	861	Different	Different	Different
344	gb|FJ790516|+|1287-2085|ARO:3001804|OXA-145	(660) 104604+ (1460)	660	1460	104604	659	1405	798	Different	Different	Different
345	gb|FJ807656|+|0-861|ARO:3001020|TEM-154	(47) 3478183-, 50639855- (37) , (47) 3478183-, 36393793+ (37)	47, 47	37, 37	3478183, 50639855,3478183, 36393793	46	852	861	Different	Different	Different
346	gb|FJ848783|+|1270-2071|ARO:3001801|OXA-147	(660) 104604+ (1460)	660	1460	104604	659	1405	801	Different	Different	Different
347	gb|FJ854362|+|1702-2257|ARO:3002576|AAC(6')-Ib3	(78) 104606+ (632)	78	632	104606	77	577	555	Different	Different	Different
348	gb|FJ872530|+|0-825|ARO:3002480|OXA-144	(54150) 246080- (54974)	54150	54974	246080	54149	54919	825	Different	Different	Different
349	gb|FJ873740|+|0-858|ARO:3001035|TEM-169	(47) 3478183-, 50639855- (34) , (47) 3478183-, 36393793+ (34)	47, 47	34, 34	3478183, 50639855,3478183, 36393793	46	849	858	Different	Different	Different
350	gb|FJ905898.1|+|328-802|ARO:3004547|dfrA6	(8) 54829473- (481)	8	481	54829473	7	426	474	Different	Different	Different
351	gb|FJ919776|+|208-1069|ARO:3001034|TEM-168	(47) 3478183-, 50639855- (37) , (47) 3478183-, 36393793+ (37)	47, 47	37, 37	3478183, 50639855,3478183, 36393793	46	852	861	Different	Different	Different
352	gb|FN594949|+|25244-27167|ARO:3000556|tet44	(1264) 1758066+ (3186)	1264	3186	1758066	1263	3131	1923	Different	Different	Different
353	gb|FN649414.1|+|2765050-2766355|ARO:3004611|Escherichia_coli_ampC1_beta-lactamase	(414) 2924723- (1718)	414	1718	2924723	413	1663	1305	Different	Different	Different
354	gb|FN652295|+|0-861|ARO:3001042|TEM-177	(47) 3478183-, 50639855- (37) , (47) 3478183-, 36393793+ (37)	47, 47	37, 37	3478183, 50639855,3478183, 36393793	46	852	861	Different	Different	Different
355	gb|FO203501.1|+|5123640-5125365|ARO:3005047|eptB	0	0	0	0	7394,0	8579,537	1725	Different	Different	Different
356	gb|FO834906.1|+|304977-306633|ARO:3005053|ArnT	(685) 1839648+ (2340)	685	2340	1839648	684	2285	1656	Different	Different	Different
357	gb|FR717535|+|0-861|ARO:3000910|TEM-40	(47) 3478183-, 50639855- (37) , (47) 3478183-, 36393793+ (37)	47, 47	37, 37	3478183, 50639855,3478183, 36393793	46	852	861	Different	Different	Different
358	gb|FR848831|+|0-861|ARO:3001375|TEM-184	(47) 3478183-, 50639855- (37) , (47) 3478183-, 36393793+ (37)	47, 47	37, 37	3478183, 50639855,3478183, 36393793	46	852	861	Different	Different	Different
359	gb|FR853176|+|0-825|ARO:3001486|OXA-208	(54150) 246080- (54974)	54150	54974	246080	54149	54919	825	Different	Different	Different
360	gb|FR865168|+|0-825|ARO:3001488|OXA-216	(54150) 246080- (54974)	54150	54974	246080	54149	54919	825	Different	Different	Different
361	gb|GQ149347|+|5269-6130|ARO:3001037|TEM-171	(47) 3478183-, 50639855- (37) , (47) 3478183-, 36393793+ (37)	47, 47	37, 37	3478183, 50639855,3478183, 36393793	46	852	861	Different	Different	Different
362	gb|GQ390805|+|0-813|ARO:3001170|SHV-123	(17) 1612535+ (829)	17	829	1612535	16	774	813	Different	Different	Different
363	gb|GQ390806|+|0-813|ARO:3001171|SHV-124	(17) 1612535+ (829)	17	829	1612535	16	774	813	Different	Different	Different
364	gb|GQ390807|+|0-813|ARO:3001172|SHV-125	(17) 1612535+ (829)	17	829	1612535	16	774	813	Different	Different	Different
365	gb|GQ390808|+|0-813|ARO:3001173|SHV-126	(17) 1612535+ (829)	17	829	1612535	16	774	813	Different	Different	Different
366	gb|GQ390809|+|0-813|ARO:3001174|SHV-127	(17) 1612535+ (829)	17	829	1612535	16	774	813	Different	Different	Different
367	gb|GQ423625.1|+|0-825|ARO:3001442|OXA-117	(54150) 246080- (54974)	54150	54974	246080	54149	54919	825	Different	Different	Different
368	gb|GQ853679|+|0-825|ARO:3001453|OXA-148	(54150) 246080- (54974)	54150	54974	246080	54149	54919	825	Different	Different	Different
369	gb|GQ853680|+|0-825|ARO:3001454|OXA-149	(54150) 246080- (54974)	54150	54974	246080	54149	54919	825	Different	Different	Different
370	gb|GQ853681|+|0-825|ARO:3001455|OXA-150	(54150) 246080- (54974)	54150	54974	246080	54149	54919	825	Different	Different	Different
371	gb|GQ891757|+|2004-2661|ARO:3002801|QnrVC4	(293) 53070132+ (949)	293	949	53070132	292	894	657	Different	Different	Different
372	gb|GU371926|-|50304-51165|ARO:3000903|TEM-33	(47) 3478183-, 50639855- (37) , (47) 3478183-, 36393793+ (37)	47, 47	37, 37	3478183, 50639855,3478183, 36393793	46	852	861	Different	Different	Different
373	gb|GU437214.1|+|0-774|ARO:3000858|armA	(138) 638787+ (911)	138	911	638787	137	856	774	Different	Different	Different
374	gb|GU550123|+|144-1005|ARO:3001041|TEM-176	(47) 3478183-, 50639855- (37) , (47) 3478183-, 36393793+ (37)	47, 47	37, 37	3478183, 50639855,3478183, 36393793	46	852	861	Different	Different	Different
375	gb|GU591983.1|+|0-1152|ARO:3004615|ADC-11	(64) 126080+ (1215)	64	1215	126080	63	1160	1152	Different	Different	Different
376	gb|GU827715|+|0-861|ARO:3001176|SHV-129	(17) 1612535+ (877)	17	877	1612535	16	822	861	Different	Different	Different
377	gb|GU932590|+|0-861|ARO:3001175|SHV-128	(17) 1612535+ (877)	17	877	1612535	16	822	861	Different	Different	Different
378	gb|HE616889|+|1826-2627|ARO:3001502|OXA-256	(660) 104604+ (1460)	660	1460	104604	659	1405	801	Different	Different	Different
379	gb|HE963768|+|0-825|ARO:3001672|OXA-120	(54150) 246080- (54974)	54150	54974	246080	54149	54919	825	Different	Different	Different
380	gb|HE963769|+|0-825|ARO:3001673|OXA-248	(54150) 246080- (54974)	54150	54974	246080	54149	54919	825	Different	Different	Different
381	gb|HE963770|+|0-825|ARO:3001674|OXA-249	(54150) 246080- (54974)	54150	54974	246080	54149	54919	825	Different	Different	Different
382	gb|HE963771|+|0-825|ARO:3001675|OXA-250	(54150) 246080- (54974)	54150	54974	246080	54149	54919	825	Different	Different	Different
383	gb|HE981194|+|0-861|ARO:3001347|SHV-164	(17) 1612535+ (877)	17	877	1612535	16	822	861	Different	Different	Different
384	gb|HF947514|+|0-825|ARO:3001504|OXA-309	(157) 5350482- (984)	157	984	5350482	156	929	825	Different	Different	Different
385	gb|HG931732.1|+|0-825|ARO:3001559|OXA-373	(157) 5350482- (984)	157	984	5350482	156	929	825	Different	Different	Different
386	gb|HG934763|+|0-861|ARO:3001394|TEM-217	(47) 3478183-, 50639855- (37) , (47) 3478183-, 36393793+ (37)	47, 47	37, 37	3478183, 50639855,3478183, 36393793	46	852	861	Different	Different	Different
387	gb|HG934764|+|0-864|ARO:3001351|SHV-183	(17) 1612535+ (877)	17	877	1612535	16	822	864	Different	Different	Different
388	gb|HM113558|+|0-825|ARO:3001656|OXA-172	(54150) 246080- (54974)	54150	54974	246080	54149	54919	825	Different	Different	Different
389	gb|HM113559|+|0-825|ARO:3001657|OXA-173	(54150) 246080- (54974)	54150	54974	246080	54149	54919	825	Different	Different	Different
390	gb|HM113560|+|0-825|ARO:3001658|OXA-174	(54150) 246080- (54974)	54150	54974	246080	54149	54919	825	Different	Different	Different
391	gb|HM113561|+|0-825|ARO:3001659|OXA-175	(54150) 246080- (54974)	54150	54974	246080	54149	54919	825	Different	Different	Different
392	gb|HM113562|+|0-825|ARO:3001660|OXA-176	(54150) 246080- (54974)	54150	54974	246080	54149	54919	825	Different	Different	Different
393	gb|HM113563|+|0-825|ARO:3001661|OXA-177	(54150) 246080- (54974)	54150	54974	246080	54149	54919	825	Different	Different	Different
394	gb|HM113564|+|0-825|ARO:3001472|OXA-178	(54150) 246080- (54974)	54150	54974	246080	54149	54919	825	Different	Different	Different
395	gb|HM246246|+|211-1069|ARO:3001047|TEM-187	(47) 3478183-, 50639855- (33) , (47) 3478183-, 36393793+ (33)	47, 47	33, 33	3478183, 50639855,3478183, 36393793	46	848	858	Different	Different	Different
396	gb|HM488986|+|0-822|ARO:3001465|OXA-165	(81) 254088- (902)	81	902	254088	80	847	822	Different	Different	Different
397	gb|HM488987|+|0-822|ARO:3001466|OXA-166	(81) 254088- (902)	81	902	254088	80	847	822	Different	Different	Different
398	gb|HM488988|+|0-822|ARO:3001467|OXA-167	(81) 254088- (902)	81	902	254088	80	847	822	Different	Different	Different
399	gb|HM488989|+|0-822|ARO:3001468|OXA-168	(81) 254088- (902)	81	902	254088	80	847	822	Different	Different	Different
400	gb|HM488990|+|0-822|ARO:3001469|OXA-169	(81) 254088- (902)	81	902	254088	80	847	822	Different	Different	Different
401	gb|HM488991|+|0-822|ARO:3001470|OXA-170	(81) 254088- (902)	81	902	254088	80	847	822	Different	Different	Different
402	gb|HM488992|+|0-822|ARO:3001471|OXA-171	(81) 254088- (902)	81	902	254088	80	847	822	Different	Different	Different
403	gb|HM559945|+|0-861|ARO:3001178|SHV-134	(17) 1612535+ (877)	17	877	1612535	16	822	861	Different	Different	Different
404	gb|HM570035|+|0-825|ARO:3001473|OXA-179	(54150) 246080- (54974)	54150	54974	246080	54149	54919	825	Different	Different	Different
405	gb|HM570036|+|0-825|ARO:3001474|OXA-180	(54150) 246080- (54974)	54150	54974	246080	54149	54919	825	Different	Different	Different
406	gb|HM751100|+|0-861|ARO:3001157|SHV-108	(17) 1612535+ (877)	17	877	1612535	16	822	861	Different	Different	Different
407	gb|HM751103.1|+|0-864|ARO:3001169|SHV-122	(17) 1612535+ (877)	17	877	1612535	16	822	864	Different	Different	Different
408	gb|HQ111474|+|1056-1857|ARO:3001475|OXA-183	(660) 104604+ (1460)	660	1460	104604	659	1405	801	Different	Different	Different
409	gb|HQ317449|+|0-861|ARO:3001373|TEM-182	(47) 3478183-, 50639855- (37) , (47) 3478183-, 36393793+ (37)	47, 47	37, 37	3478183, 50639855,3478183, 36393793	46	852	861	Different	Different	Different
410	gb|HQ425492|+|0-822|ARO:3001479|OXA-194	(54150) 246080- (54971)	54150	54971	246080	54149	54916	822	Different	Different	Different
411	gb|HQ425493|+|0-822|ARO:3001480|OXA-195	(54150) 246080- (54971)	54150	54971	246080	54149	54916	822	Different	Different	Different
412	gb|HQ425494|+|0-822|ARO:3001481|OXA-196	(54150) 246080- (54971)	54150	54971	246080	54149	54916	822	Different	Different	Different
413	gb|HQ425495|+|0-822|ARO:3001482|OXA-197	(54150) 246080- (54971)	54150	54971	246080	54149	54916	822	Different	Different	Different
414	gb|HQ529916|+|110-971|ARO:3001045|TEM-183	(47) 3478183-, 50639855- (37) , (47) 3478183-, 36393793+ (37)	47, 47	37, 37	3478183, 50639855,3478183, 36393793	46	852	861	Different	Different	Different
415	gb|HQ637576|+|0-861|ARO:3001179|SHV-135	(17) 1612535+ (877)	17	877	1612535	16	822	861	Different	Different	Different
416	gb|HQ661362|+|71-932|ARO:3001168|SHV-121	(17) 1612535+ (877)	17	877	1612535	16	822	861	Different	Different	Different
417	gb|HQ661363|+|71-932|ARO:3001181|SHV-137	(17) 1612535+ (877)	17	877	1612535	16	822	861	Different	Different	Different
418	gb|HQ662682.1|+|0-1152|ARO:3003878|ADC-56	(64) 126080+ (1215)	64	1215	126080	63	1160	1152	Different	Different	Different
419	gb|HQ734811|+|0-825|ARO:3001665|OXA-200	(54150) 246080- (54974)	54150	54974	246080	54149	54919	825	Different	Different	Different
420	gb|HQ734812|+|0-825|ARO:3001666|OXA-201	(54150) 246080- (54974)	54150	54974	246080	54149	54919	825	Different	Different	Different
421	gb|HQ734813|+|0-825|ARO:3001667|OXA-202	(54150) 246080- (54974)	54150	54974	246080	54149	54919	825	Different	Different	Different
422	gb|HQ845196|+|0-861|ARO:3001109|SHV-52	(17) 1612535+ (877)	17	877	1612535	16	822	861	Different	Different	Different
423	gb|HQ877606|+|0-861|ARO:3001056|TEM-197	(47) 3478183-, 50639855- (37) , (47) 3478183-, 36393793+ (37)	47, 47	37, 37	3478183, 50639855,3478183, 36393793	46	852	861	Different	Different	Different
424	gb|HQ877615|+|0-861|ARO:3001159|SHV-110	(17) 1612535+ (877)	17	877	1612535	16	822	861	Different	Different	Different
425	gb|HQ998857|+|0-825|ARO:3001664|OXA-203	(54150) 246080- (54974)	54150	54974	246080	54149	54919	825	Different	Different	Different
426	gb|JCMW02000002.1|-|55721-56522|ARO:3004489|OXA-663	(660) 104604+ (1460)	660	1460	104604	659	1405	801	Different	Different	Different
427	gb|JEXY01000001.1|+|379-1531|ARO:3003888|ADC-82	(64) 126080+ (1215)	64	1215	126080	63	1160	1152	Different	Different	Different
428	gb|JF265068.1|+|954-2106|ARO:3004617|ADC-30	(64) 126080+ (1215)	64	1215	126080	63	1160	1152	Different	Different	Different
429	gb|JF795538|+|0-861|ARO:3001374|TEM-185	(47) 3478183-, 50639855- (37) , (47) 3478183-, 36393793+ (37)	47, 47	37, 37	3478183, 50639855,3478183, 36393793	46	852	861	Different	Different	Different
430	gb|JF812965|+|0-861|ARO:3001167|SHV-120	(17) 1612535+ (877)	17	877	1612535	16	822	861	Different	Different	Different
431	gb|JF949915|+|0-754|ARO:3001052|TEM-192	(77) 3478183- (829)	77	829	3478183	76	774	753	Different	Different	Different
432	gb|JF969163|+|1053-1893|ARO:3000410|sul1	(1307) 104600-, 81638+ (31) , (1307) 104600-, 126366- (31)	1307, 1307	31, 31	104600, 81638,104600, 126366	1306	2091	840	Different	Different	Different
433	gb|JN051143|+|0-861|ARO:3001182|SHV-140	(19) 1612535+ (877)	19	877	1612535	18	822	861	Different	Different	Different
434	gb|JN118546|+|1761-2562|ARO:3001500|OXA-251	(660) 104604+ (1460)	660	1460	104604	659	1405	801	Different	Different	Different
435	gb|JN211012|+|213-1074|ARO:3001048|TEM-188	(47) 3478183-, 50639855- (37) , (47) 3478183-, 36393793+ (37)	47, 47	37, 37	3478183, 50639855,3478183, 36393793	46	852	861	Different	Different	Different
436	gb|JN215211|+|0-825|ARO:3001668|OXA-219	(54150) 246080- (54974)	54150	54974	246080	54149	54919	825	Different	Different	Different
437	gb|JN227084|+|308-1169|ARO:3001046|TEM-186	(47) 3478183-, 50639855- (37) , (47) 3478183-, 36393793+ (37)	47, 47	37, 37	3478183, 50639855,3478183, 36393793	46	852	861	Different	Different	Different
438	gb|JN248564|+|0-825|ARO:3001669|OXA-223	(54150) 246080- (54974)	54150	54974	246080	54149	54919	825	Different	Different	Different
439	gb|JN254627|+|0-861|ARO:3001049|TEM-189	(47) 3478183-, 50639855- (37) , (47) 3478183-, 36393793+ (37)	47, 47	37, 37	3478183, 50639855,3478183, 36393793	46	852	861	Different	Different	Different
440	gb|JN408080|+|0-657|ARO:3002802|QnrVC5	(293) 53070132+ (949)	293	949	53070132	292	894	657	Different	Different	Different
441	gb|JN416112|+|0-861|ARO:3001050|TEM-190	(47) 3478183-, 50639855- (37) , (47) 3478183-, 36393793+ (37)	47, 47	37, 37	3478183, 50639855,3478183, 36393793	46	852	861	Different	Different	Different
442	gb|JN603240|+|0-825|ARO:3001489|OXA-217	(54150) 246080- (54974)	54150	54974	246080	54149	54919	825	Different	Different	Different
443	gb|JN638887|+|0-822|ARO:3001493|OXA-225	(81) 254088- (902)	81	902	254088	80	847	822	Different	Different	Different
444	gb|JN861779|+|0-825|ARO:3001710|OXA-211	(157) 5350482- (984)	157	984	5350482	156	929	825	Different	Different	Different
445	gb|JN861780|+|0-825|ARO:3001711|OXA-212	(157) 5350482- (984)	157	984	5350482	156	929	825	Different	Different	Different
446	gb|JN935135|+|0-861|ARO:3001053|TEM-193	(47) 3478183-, 50639855- (37) , (47) 3478183-, 36393793+ (37)	47, 47	37, 37	3478183, 50639855,3478183, 36393793	46	852	861	Different	Different	Different
447	gb|JN935136|+|0-861|ARO:3001054|TEM-194	(47) 3478183-, 50639855- (37) , (47) 3478183-, 36393793+ (37)	47, 47	37, 37	3478183, 50639855,3478183, 36393793	46	852	861	Different	Different	Different
448	gb|JN935137|+|0-861|ARO:3001055|TEM-195	(47) 3478183-, 50639855- (37) , (47) 3478183-, 36393793+ (37)	47, 47	37, 37	3478183, 50639855,3478183, 36393793	46	852	861	Different	Different	Different
449	gb|JQ029959|+|28-889|ARO:3001184|SHV-142	(17) 1612535+ (877)	17	877	1612535	16	822	861	Different	Different	Different
450	gb|JQ034306|+|0-861|ARO:3001376|TEM-196	(47) 3478183-, 50639855- (37) , (47) 3478183-, 36393793+ (37)	47, 47	37, 37	3478183, 50639855,3478183, 36393793	46	852	861	Different	Different	Different
451	gb|JQ319653.1|+|0-1152|ARO:3004618|ADC-58	(64) 126080+ (1215)	64	1215	126080	63	1160	1152	Different	Different	Different
452	gb|JQ319654.1|+|0-1152|ARO:3004619|ADC-59	(64) 126080+ (1215)	64	1215	126080	63	1160	1152	Different	Different	Different
453	gb|JQ340365|+|0-1434|ARO:3003583|basS	(8465) 239113+ (9892)	8465	9892	239113	8468	9837	1434	Different	Different	Different
454	gb|JQ341060.1|-|881-1742|ARO:3001344|SHV-143	(17) 1612535+ (877)	17	877	1612535	16	822	861	Different	Different	Different
455	gb|JQ388884|+|0-861|ARO:3001183|SHV-141	(17) 1612535+ (877)	17	877	1612535	16	822	861	Different	Different	Different
456	gb|JQ692087.1|+|0-1152|ARO:3004620|ADC-60	(64) 126080+ (1215)	64	1215	126080	63	1160	1152	Different	Different	Different
457	gb|JQ753702.1|+|0-1152|ARO:3003879|ADC-61	(64) 126080+ (1215)	64	1215	126080	63	1160	1152	Different	Different	Different
458	gb|JQ808129|+|633-1188|ARO:3002546|AAC(6')-Ib	(78) 104606+ (632)	78	632	104606	77	577	555	Different	Different	Different
459	gb|JQ837239|+|0-822|ARO:3001498|OXA-239	(81) 254088- (902)	81	902	254088	80	847	822	Different	Different	Different
460	gb|JQ867374.1|+|0-1152|ARO:3004632|ADC-62	(64) 126080+ (1215)	64	1215	126080	63	1160	1152	Different	Different	Different
461	gb|JQ926986|+|0-861|ARO:3001345|SHV-144	(17) 1612535+ (877)	17	877	1612535	16	822	861	Different	Different	Different
462	gb|JX013655|+|0-861|ARO:3001185|SHV-145	(17) 1612535+ (877)	17	877	1612535	16	822	861	Different	Different	Different
463	gb|JX025021|+|0-825|ARO:3001679|OXA-241	(54150) 246080- (54974)	54150	54974	246080	54149	54919	825	Different	Different	Different
464	gb|JX025022|+|0-825|ARO:3001680|OXA-242	(54150) 246080- (54974)	54150	54974	246080	54149	54919	825	Different	Different	Different
465	gb|JX042489|+|141-1002|ARO:3000890|TEM-19	(47) 3478183-, 50639855- (37) , (47) 3478183-, 36393793+ (37)	47, 47	37, 37	3478183, 50639855,3478183, 36393793	46	852	861	Different	Different	Different
466	gb|JX089628|+|0-801|ARO:3001499|OXA-240	(660) 104604+ (1460)	660	1460	104604	659	1405	801	Different	Different	Different
467	gb|JX121114|+|0-858|ARO:3001186|SHV-147	(17) 1612535+ (874)	17	874	1612535	16	819	858	Different	Different	Different
468	gb|JX121115|+|0-858|ARO:3001187|SHV-148	(17) 1612535+ (872)	17	872	1612535	16	817	858	Different	Different	Different
469	gb|JX121116|+|0-858|ARO:3001188|SHV-149	(17) 1612535+ (874)	17	874	1612535	16	819	858	Different	Different	Different
470	gb|JX121117|+|0-858|ARO:3001189|SHV-150	(17) 1612535+ (874)	17	874	1612535	16	819	858	Different	Different	Different
471	gb|JX121118|+|0-858|ARO:3001190|SHV-151	(17) 1612535+ (874)	17	874	1612535	16	819	858	Different	Different	Different
472	gb|JX121119|+|0-858|ARO:3001191|SHV-152	(17) 1612535+ (874)	17	874	1612535	16	819	858	Different	Different	Different
473	gb|JX121120|+|0-858|ARO:3001192|SHV-153	(17) 1612535+ (874)	17	874	1612535	16	819	858	Different	Different	Different
474	gb|JX121121|+|0-858|ARO:3001193|SHV-154	(17) 1612535+ (874)	17	874	1612535	16	819	858	Different	Different	Different
475	gb|JX121122|+|0-858|ARO:3001194|SHV-155	(17) 1612535+ (872)	17	872	1612535	16	817	858	Different	Different	Different
476	gb|JX121123|+|0-861|ARO:3001195|SHV-156	(17) 1612535+ (877)	17	877	1612535	16	822	861	Different	Different	Different
477	gb|JX121124|+|0-861|ARO:3001196|SHV-157	(17) 1612535+ (877)	17	877	1612535	16	822	861	Different	Different	Different
478	gb|JX121125|+|0-858|ARO:3001197|SHV-158	(17) 1612535+ (874)	17	874	1612535	16	819	858	Different	Different	Different
479	gb|JX121126|+|0-858|ARO:3001198|SHV-159	(17) 1612535+ (874)	17	874	1612535	16	819	858	Different	Different	Different
480	gb|JX121127|+|0-861|ARO:3001199|SHV-160	(17) 1612535+ (877)	17	877	1612535	16	822	861	Different	Different	Different
481	gb|JX121128|+|0-861|ARO:3001200|SHV-161	(17) 1612535+ (877)	17	877	1612535	16	822	861	Different	Different	Different
482	gb|JX121129|+|0-858|ARO:3001201|SHV-162	(17) 1612535+ (874)	17	874	1612535	16	819	858	Different	Different	Different
483	gb|JX121130|+|0-858|ARO:3001202|SHV-163	(17) 1612535+ (872)	17	872	1612535	16	817	858	Different	Different	Different
484	gb|JX121131|+|0-858|ARO:3001203|SHV-165	(17) 1612535+ (874)	17	874	1612535	16	819	858	Different	Different	Different
485	gb|JX169789.1|+|0-1152|ARO:3004633|ADC-67	(64) 126080+ (1215)	64	1215	126080	63	1160	1152	Different	Different	Different
486	gb|JX268631|+|0-861|ARO:3001091|SHV-33	(17) 1612535+ (877)	17	877	1612535	16	822	861	Different	Different	Different
487	gb|JX310327|+|0-861|ARO:3001378|TEM-201	(47) 3478183-, 50639855- (37) , (47) 3478183-, 36393793+ (37)	47, 47	37, 37	3478183, 50639855,3478183, 36393793	46	852	861	Different	Different	Different
488	gb|JX865394.1|+|0-825|ARO:3003597|OXA-441	(54150) 246080- (54974)	54150	54974	246080	54149	54919	825	Different	Different	Different
489	gb|JX870080|+|0-861|ARO:3001352|SHV-168	(17) 1612535+ (877)	17	877	1612535	16	822	861	Different	Different	Different
490	gb|K00544|+|0-663|ARO:3002672|Bacillus_pumilus_cat86	(2120) 1262438- (2781)	2120	2781	1262438	2119	2726	663	Different	Different	Different
491	gb|KC149518|+|0-861|ARO:3001369|TEM-153	(47) 3478183-, 50639855- (37) , (47) 3478183-, 36393793+ (37)	47, 47	37, 37	3478183, 50639855,3478183, 36393793	46	852	861	Different	Different	Different
492	gb|KC292503|+|4334-5195|ARO:3000904|TEM-34	(47) 3478183-, 50639855- (37) , (47) 3478183-, 36393793+ (37)	47, 47	37, 37	3478183, 50639855,3478183, 36393793	46	852	861	Different	Different	Different
493	gb|KC783461|+|0-861|ARO:3001383|TEM-206	(47) 3478183-, 50639855- (37) , (47) 3478183-, 36393793+ (37)	47, 47	37, 37	3478183, 50639855,3478183, 36393793	46	852	861	Different	Different	Different
494	gb|KC818234|+|0-861|ARO:3001384|TEM-207	(47) 3478183-, 50639855- (37) , (47) 3478183-, 36393793+ (37)	47, 47	37, 37	3478183, 50639855,3478183, 36393793	46	852	861	Different	Different	Different
495	gb|KC865667|+|183-1044|ARO:3001385|TEM-208	(47) 3478183-, 50639855- (37) , (47) 3478183-, 36393793+ (37)	47, 47	37, 37	3478183, 50639855,3478183, 36393793	46	852	861	Different	Different	Different
496	gb|KC866352.1|+|0-1152|ARO:3004493|ADC-68	(64) 126080+ (1215)	64	1215	126080	63	1160	1152	Different	Different	Different
497	gb|KC900516|+|0-858|ARO:3001382|TEM-205	(47) 3478183-, 50639855- (34) , (47) 3478183-, 36393793+ (34)	47, 47	34, 34	3478183, 50639855,3478183, 36393793	46	849	858	Different	Different	Different
498	gb|KF048907.1|+|0-825|ARO:3001524|OXA-336	(54150) 246080- (54974)	54150	54974	246080	54149	54919	825	Different	Different	Different
499	gb|KF048909|+|0-825|ARO:3001526|OXA-338	(54150) 246080- (54974)	54150	54974	246080	54149	54919	825	Different	Different	Different
500	gb|KF048911.1|+|0-825|ARO:3001527|OXA-339	(54150) 246080- (54974)	54150	54974	246080	54149	54919	825	Different	Different	Different
501	gb|KF048913.1|+|0-825|ARO:3001529|OXA-341	(54150) 246080- (54974)	54150	54974	246080	54149	54919	825	Different	Different	Different
502	gb|KF048915.1|+|0-825|ARO:3001530|OXA-342	(54150) 246080- (54974)	54150	54974	246080	54149	54919	825	Different	Different	Different
503	gb|KF048917.1|+|0-825|ARO:3001532|OXA-344	(54150) 246080- (54974)	54150	54974	246080	54149	54919	825	Different	Different	Different
504	gb|KF048918.1|+|0-825|ARO:3001533|OXA-345	(54150) 246080- (54974)	54150	54974	246080	54149	54919	825	Different	Different	Different
505	gb|KF048919.1|+|0-825|ARO:3001534|OXA-346	(54150) 246080- (54974)	54150	54974	246080	54149	54919	825	Different	Different	Different
506	gb|KF057027|+|0-825|ARO:3001443|OXA-121	(54150) 246080- (54974)	54150	54974	246080	54149	54919	825	Different	Different	Different
507	gb|KF057029|+|0-825|ARO:3001683|OXA-312	(54150) 246080- (54974)	54150	54974	246080	54149	54919	825	Different	Different	Different
508	gb|KF057030|+|0-825|ARO:3001684|OXA-313	(54150) 246080- (54974)	54150	54974	246080	54149	54919	825	Different	Different	Different
509	gb|KF057031|+|0-825|ARO:3001685|OXA-314	(54150) 246080- (54974)	54150	54974	246080	54149	54919	825	Different	Different	Different
510	gb|KF057032|+|0-825|ARO:3001686|OXA-315	(54150) 246080- (54974)	54150	54974	246080	54149	54919	825	Different	Different	Different
511	gb|KF057033|+|0-825|ARO:3001687|OXA-316	(54150) 246080- (54974)	54150	54974	246080	54149	54919	825	Different	Different	Different
512	gb|KF057034|+|0-825|ARO:3001688|OXA-317	(54150) 246080- (54974)	54150	54974	246080	54149	54919	825	Different	Different	Different
513	gb|KF203108|+|0-825|ARO:3001522|OXA-334	(157) 5350482- (984)	157	984	5350482	156	929	825	Different	Different	Different
514	gb|KF240808|+|0-861|ARO:3001386|TEM-209	(47) 3478183-, 50639855- (37) , (47) 3478183-, 36393793+ (37)	47, 47	37, 37	3478183, 50639855,3478183, 36393793	46	852	861	Different	Different	Different
515	gb|KF305666.1|+|0-825|ARO:3001715|OXA-259	(54150) 246080- (54974)	54150	54974	246080	54149	54919	825	Different	Different	Different
516	gb|KF513177|+|0-861|ARO:3001356|SHV-172	(17) 1612535+ (877)	17	877	1612535	16	822	861	Different	Different	Different
517	gb|KF513178|+|0-861|ARO:3001357|SHV-173	(17) 1612535+ (877)	17	877	1612535	16	822	861	Different	Different	Different
518	gb|KF513179|+|0-861|ARO:3001388|TEM-211	(47) 3478183-, 50639855- (37) , (47) 3478183-, 36393793+ (37)	47, 47	37, 37	3478183, 50639855,3478183, 36393793	46	852	861	Different	Different	Different
519	gb|KF663615|+|0-858|ARO:3001390|TEM-213	(47) 3478183-, 50639855- (34) , (47) 3478183-, 36393793+ (34)	47, 47	34, 34	3478183, 50639855,3478183, 36393793	46	849	858	Different	Different	Different
520	gb|KF705208|+|0-861|ARO:3001362|SHV-179	(17) 1612535+ (877)	17	877	1612535	16	822	861	Different	Different	Different
521	gb|KF705209|+|0-861|ARO:3001361|SHV-178	(17) 1612535+ (877)	17	877	1612535	16	822	861	Different	Different	Different
522	gb|KF711993|+|0-801|ARO:3001807|OXA-246	(660) 104604+ (1460)	660	1460	104604	659	1405	801	Different	Different	Different
523	gb|KF885217|+|0-825|ARO:3001552|OXA-365	(54150) 246080- (54974)	54150	54974	246080	54149	54919	825	Different	Different	Different
524	gb|KF944358|+|0-861|ARO:3001393|TEM-216	(47) 3478183-, 50639855- (37) , (47) 3478183-, 36393793+ (37)	47, 47	37, 37	3478183, 50639855,3478183, 36393793	46	852	861	Different	Different	Different
525	gb|KF986253|-|15-840|ARO:3001571|OXA-385	(54150) 246080- (54974)	54150	54974	246080	54149	54919	825	Different	Different	Different
526	gb|KF986254|-|34-859|ARO:3001572|OXA-386	(54150) 246080- (54974)	54150	54974	246080	54149	54919	825	Different	Different	Different
527	gb|KF986255|+|16-841|ARO:3001560|OXA-374	(54150) 246080- (54974)	54150	54974	246080	54149	54919	825	Different	Different	Different
528	gb|KF986256.1|-|40-865|ARO:3001561|OXA-375	(54150) 246080- (54974)	54150	54974	246080	54149	54919	825	Different	Different	Different
529	gb|KF986257|+|20-845|ARO:3001562|OXA-376	(54150) 246080- (54974)	54150	54974	246080	54149	54919	825	Different	Different	Different
530	gb|KF986258|+|14-839|ARO:3001563|OXA-377	(54150) 246080- (54974)	54150	54974	246080	54149	54919	825	Different	Different	Different
531	gb|KF986259.1|-|16-841|ARO:3001564|OXA-378	(54150) 246080- (54974)	54150	54974	246080	54149	54919	825	Different	Different	Different
532	gb|KF986260|+|20-845|ARO:3001565|OXA-379	(54150) 246080- (54974)	54150	54974	246080	54149	54919	825	Different	Different	Different
533	gb|KF986261|-|44-869|ARO:3001566|OXA-380	(54150) 246080- (54974)	54150	54974	246080	54149	54919	825	Different	Different	Different
534	gb|KF986262.1|-|27-852|ARO:3001569|OXA-383	(54150) 246080- (54974)	54150	54974	246080	54149	54919	825	Different	Different	Different
535	gb|KF986263.1|-|90-915|ARO:3001570|OXA-384	(54150) 246080- (54974)	54150	54974	246080	54149	54919	825	Different	Different	Different
536	gb|KJ135342.1|-|48-873|ARO:3001576|OXA-390	(54150) 246080- (54974)	54150	54974	246080	54149	54919	825	Different	Different	Different
537	gb|KJ135343|+|14-839|ARO:3001574|OXA-388	(54150) 246080- (54974)	54150	54974	246080	54149	54919	825	Different	Different	Different
538	gb|KJ135344|+|14-839|ARO:3001567|OXA-381	(54150) 246080- (54974)	54150	54974	246080	54149	54919	825	Different	Different	Different
539	gb|KJ135345|+|14-839|ARO:3001568|OXA-382	(54150) 246080- (54974)	54150	54974	246080	54149	54919	825	Different	Different	Different
540	gb|KJ135346|+|14-839|ARO:3001575|OXA-389	(54150) 246080- (54974)	54150	54974	246080	54149	54919	825	Different	Different	Different
541	gb|KJ173478|+|0-825|ARO:3001573|OXA-387	(54150) 246080- (54974)	54150	54974	246080	54149	54919	825	Different	Different	Different
542	gb|KJ420612.1|+|1821-2622|ARO:3001409|OXA-14	(660) 104604+ (1460)	660	1460	104604	659	1405	801	Different	Different	Different
543	gb|KJ427797|+|0-825|ARO:3001577|OXA-391	(54150) 246080- (54974)	54150	54974	246080	54149	54919	825	Different	Different	Different
544	gb|KJ584914.1|+|0-825|ARO:3001605|OXA-414	(54150) 246080- (54974)	54150	54974	246080	54149	54919	825	Different	Different	Different
545	gb|KJ584915.1|+|0-825|ARO:3001597|OXA-406	(54150) 246080- (54974)	54150	54974	246080	54149	54919	825	Different	Different	Different
546	gb|KJ584916.1|+|0-825|ARO:3001598|OXA-407	(54150) 246080- (54974)	54150	54974	246080	54149	54919	825	Different	Different	Different
547	gb|KJ584917.1|+|0-825|ARO:3001599|OXA-408	(54150) 246080- (54974)	54150	54974	246080	54149	54919	825	Different	Different	Different
548	gb|KJ584918.1|+|0-828|ARO:3001600|OXA-409	(54150) 246080- (54974)	54150	54974	246080	54149	54919	828	Different	Different	Different
549	gb|KJ584920.1|+|0-825|ARO:3001602|OXA-411	(54150) 246080- (54974)	54150	54974	246080	54149	54919	825	Different	Different	Different
550	gb|KJ584921.1|+|0-825|ARO:3001603|OXA-412	(54150) 246080- (54974)	54150	54974	246080	54149	54919	825	Different	Different	Different
551	gb|KJ584922.1|+|0-825|ARO:3001604|OXA-413	(54150) 246080- (54974)	54150	54974	246080	54149	54919	825	Different	Different	Different
552	gb|KJ657570|+|0-801|ARO:3001495|OXA-233	(660) 104604+ (1460)	660	1460	104604	659	1405	801	Different	Different	Different
553	gb|KJ776406|+|16-877|ARO:3001340|SHV-119	(17) 1612535+ (877)	17	877	1612535	16	822	861	Different	Different	Different
554	gb|KJ780076.1|+|0-825|ARO:3001587|OXA-401	(54150) 246080- (54974)	54150	54974	246080	54149	54919	825	Different	Different	Different
555	gb|KJ780077.1|+|0-825|ARO:3001588|OXA-402	(54150) 246080- (54974)	54150	54974	246080	54149	54919	825	Different	Different	Different
556	gb|KJ780078.1|+|0-825|ARO:3001586|OXA-400	(54150) 246080- (54974)	54150	54974	246080	54149	54919	825	Different	Different	Different
557	gb|KJ920337.1|+|0-825|ARO:3001589|OXA-403	(54150) 246080- (54974)	54150	54974	246080	54149	54919	825	Different	Different	Different
558	gb|KJ920338.1|+|0-825|ARO:3001595|OXA-404	(54150) 246080- (54974)	54150	54974	246080	54149	54919	825	Different	Different	Different
559	gb|KJ949070.1|+|0-1215|ARO:3005039|PDC-55	(35514) 232416+ (36736)	35514	36736	232416	35513	36681	1215	Different	Different	Different
560	gb|KJ949080.1|+|0-1194|ARO:3005038|PDC-65	(35514) 232416+ (36707)	35514	36707	232416	35513	36652	1194	Different	Different	Different
561	gb|KM087842|+|0-822|ARO:3001584|OXA-398	(81) 254088- (902)	81	902	254088	80	847	822	Different	Different	Different
562	gb|KM114268|+|0-861|ARO:3003157|TEM-219	(47) 3478183-, 50639855- (37) , (47) 3478183-, 36393793+ (37)	47, 47	37, 37	3478183, 50639855,3478183, 36393793	46	852	861	Different	Different	Different
563	gb|KM233164|+|0-861|ARO:3003152|SHV-185	(17) 1612535+ (877)	17	877	1612535	16	822	861	Different	Different	Different
564	gb|KM233165|+|0-861|ARO:3003153|SHV-186	(17) 1612535+ (877)	17	877	1612535	16	822	861	Different	Different	Different
565	gb|KM433671|+|0-822|ARO:3003160|OXA-422	(81) 254088- (902)	81	902	254088	80	847	822	Different	Different	Different
566	gb|KM433672|+|0-822|ARO:3003161|OXA-423	(81) 254088- (902)	81	902	254088	80	847	822	Different	Different	Different
567	gb|KM555152|+|0-657|ARO:3003193|QnrVC7	(293) 53070132+ (949)	293	949	53070132	292	894	657	Different	Different	Different
568	gb|KM588352|+|0-825|ARO:3003147|OXA-424	(54150) 246080- (54974)	54150	54974	246080	54149	54919	825	Different	Different	Different
569	gb|KM588353|+|0-825|ARO:3003148|OXA-425	(54150) 246080- (54974)	54150	54974	246080	54149	54919	825	Different	Different	Different
570	gb|KM588354|+|0-825|ARO:3003149|OXA-426	(54150) 246080- (54974)	54150	54974	246080	54149	54919	825	Different	Different	Different
571	gb|KM979376.1|+|20-845|ARO:3003120|OXA-429	(54150) 246080- (54974)	54150	54974	246080	54149	54919	825	Different	Different	Different
572	gb|KM979378.1|+|14-839|ARO:3003124|OXA-431	(54150) 246080- (54974)	54150	54974	246080	54149	54919	825	Different	Different	Different
573	gb|KM979379.1|+|14-839|ARO:3003125|OXA-432	(54150) 246080- (54974)	54150	54974	246080	54149	54919	825	Different	Different	Different
574	gb|KM979380.1|+|25-850|ARO:3003126|OXA-433	(54150) 246080- (54974)	54150	54974	246080	54149	54919	825	Different	Different	Different
575	gb|KM998962.1|+|0-861|ARO:3003158|TEM-220	(47) 3478183-, 50639855- (37) , (47) 3478183-, 36393793+ (37)	47, 47	37, 37	3478183, 50639855,3478183, 36393793	46	852	861	Different	Different	Different
576	gb|KP050485|+|0-822|ARO:3001553|OXA-366	(81) 254088- (902)	81	902	254088	80	847	822	Different	Different	Different
577	gb|KP050487.1|+|0-861|ARO:3001350|SHV-180	(17) 1612535+ (877)	17	877	1612535	16	822	861	Different	Different	Different
578	gb|KP050489|+|0-861|ARO:3001364|SHV-182	(17) 1612535+ (877)	17	877	1612535	16	822	861	Different	Different	Different
579	gb|KP050491|+|0-861|ARO:3001391|TEM-214	(47) 3478183-, 50639855- (37) , (47) 3478183-, 36393793+ (37)	47, 47	37, 37	3478183, 50639855,3478183, 36393793	46	852	861	Different	Different	Different
580	gb|KP050492|+|0-861|ARO:3001392|TEM-215	(47) 3478183-, 50639855- (37) , (47) 3478183-, 36393793+ (37)	47, 47	37, 37	3478183, 50639855,3478183, 36393793	46	852	861	Different	Different	Different
581	gb|KP050494|+|0-861|ARO:3003156|SHV-189	(17) 1612535+ (877)	17	877	1612535	16	822	861	Different	Different	Different
582	gb|KP143090.1|-|1199-1619|ARO:3003209|FosA5	(930) 29844- (1341)	930	1341	29844	929	1286	420	Different	Different	Different
583	gb|KP144324|+|0-822|ARO:3003162|OXA-435	(81) 254088- (902)	81	902	254088	80	847	822	Different	Different	Different
584	gb|KP264124.1|+|76-898|ARO:3003639|OXA-482	(81) 254088- (902)	81	902	254088	80	847	822	Different	Different	Different
585	gb|KP264125.1|+|83-905|ARO:3003640|OXA-483	(81) 254088- (902)	81	902	254088	80	847	822	Different	Different	Different
586	gb|KP727574.1|+|0-822|ARO:3003596|OXA-440	(81) 254088- (902)	81	902	254088	80	847	822	Different	Different	Different
587	gb|KP844571.1|+|0-825|ARO:3003598|OXA-442	(54150) 246080- (54974)	54150	54974	246080	54149	54919	825	Different	Different	Different
588	gb|KP881233.1|+|0-1152|ARO:3004634|ADC-73	(64) 126080+ (1215)	64	1215	126080	63	1160	1152	Different	Different	Different
589	gb|KP881234.1|+|0-1152|ARO:3003880|ADC-74	(64) 126080+ (1215)	64	1215	126080	63	1160	1152	Different	Different	Different
590	gb|KP881235.1|+|0-1152|ARO:3003881|ADC-75	(64) 126080+ (1215)	64	1215	126080	63	1160	1152	Different	Different	Different
591	gb|KP881236.1|+|0-1152|ARO:3003882|ADC-76	(64) 126080+ (1215)	64	1215	126080	63	1160	1152	Different	Different	Different
592	gb|KP881237.1|+|53-1205|ARO:3003883|ADC-77	(64) 126080+ (1215)	64	1215	126080	63	1160	1152	Different	Different	Different
593	gb|KP881238.1|+|0-1152|ARO:3003884|ADC-78	(64) 126080+ (1215)	64	1215	126080	63	1160	1152	Different	Different	Different
594	gb|KP881239.1|+|0-1152|ARO:3003885|ADC-79	(64) 126080+ (1215)	64	1215	126080	68	1160	1152	Different	Different	Different
595	gb|KP881241.1|+|0-1167|ARO:3003887|ADC-81	(64) 126080+ (1215)	64	1215	126080	63	1160	1167	Different	Different	Different
596	gb|KR057742.1|+|0-1116|ARO:3004336|PDC-73	(35595) 232416+ (36707)	35595	36707	232416	35594	36652	1116	Different	Different	Different
597	gb|KR057744.1|+|0-1116|ARO:3004338|PDC-75	(35595) 232416+ (36707)	35595	36707	232416	35594	36652	1116	Different	Different	Different
598	gb|KR057745.1|+|0-1116|ARO:3004339|PDC-76	(35595) 232416+ (36707)	35595	36707	232416	35594	36652	1116	Different	Different	Different
599	gb|KR057746.1|+|0-1116|ARO:3004340|PDC-77	(35595) 232416+ (36707)	35595	36707	232416	35594	36652	1116	Different	Different	Different
600	gb|KR057747.1|+|0-1116|ARO:3004341|PDC-78	(35595) 232416+ (36707)	35595	36707	232416	35594	36652	1116	Different	Different	Different
601	gb|KR057748.1|+|0-1116|ARO:3004342|PDC-79	(35595) 232416+ (36707)	35595	36707	232416	35594	36652	1116	Different	Different	Different
602	gb|KR057750.1|+|0-1116|ARO:3004344|PDC-81	(35595) 232416+ (36707)	35595	36707	232416	35594	36652	1116	Different	Different	Different
603	gb|KR057751.1|+|0-1116|ARO:3004345|PDC-82	(35595) 232416+ (36707)	35595	36707	232416	35594	36652	1116	Different	Different	Different
604	gb|KR057752.1|+|0-1116|ARO:3004346|PDC-83	(35595) 232416+ (36707)	35595	36707	232416	35594	36652	1116	Different	Different	Different
605	gb|KR057753.1|+|0-1116|ARO:3004347|PDC-84	(35595) 232416+ (36707)	35595	36707	232416	35594	36652	1116	Different	Different	Different
606	gb|KR057754.1|+|0-1116|ARO:3004348|PDC-85	(35595) 232416+ (36707)	35595	36707	232416	35594	36652	1116	Different	Different	Different
607	gb|KR057756.1|+|0-1116|ARO:3004350|PDC-87	(35592) 232416+ (36707)	35592	36707	232416	35591	36652	1116	Different	Different	Different
608	gb|KR057757.1|+|0-1110|ARO:3004351|PDC-88	(35592) 232416+ (36707)	35592	36707	232416	35591	36652	1110	Different	Different	Different
609	gb|KR057758.1|+|0-1107|ARO:3004352|PDC-89	(35592) 232416+ (36707)	35592	36707	232416	35591	36652	1107	Different	Different	Different
610	gb|KR057759.1|+|0-1107|ARO:3004353|PDC-90	(35592) 232416+ (36707)	35592	36707	232416	35591	36652	1107	Different	Different	Different
611	gb|KR057760.1|+|0-1104|ARO:3004354|PDC-91	(35592) 232416+ (36707)	35592	36707	232416	35591	36652	1104	Different	Different	Different
612	gb|KR057761.1|+|0-1110|ARO:3004355|PDC-92	(35592) 232416+ (36707)	35592	36707	232416	35591	36652	1110	Different	Different	Different
613	gb|KR057762.1|+|0-1116|ARO:3004356|PDC-93	(35592) 232416+ (36707)	35592	36707	232416	35591	36652	1116	Different	Different	Different
614	gb|KR091911.1|-|74564-75350|ARO:3002578|AAC(6')-Ib7	(1383) 95508-, 26514331+, 104606+ (632)	1383	632	95508, 26514331, 104606	8	577	786	Different	Different	Different
615	gb|KR872296.1|+|0-825|ARO:3003637|OXA-480	(54150) 246080- (54974)	54150	54974	246080	54149	54919	825	Different	Different	Different
616	gb|KT736121.1|+|1176-1977|ARO:3001555|OXA-368	(660) 104604+ (1460)	660	1460	104604	659	1405	801	Different	Different	Different
617	gb|KU254579.1|+|59421-59841|ARO:3004111|FosA6	(930) 29844- (1349)	930	1349	29844	929	1294	420	Different	Different	Different
618	gb|KU736867.1|+|19653-21573|ARO:3004442|tet(W/N/W)	(746) 211793- (2658)	746	2658	211793	745	2603	1920	Different	Different	Different
619	gb|KX092356.1|+|192-1053|ARO:3001062|SHV-3	(17) 1612535+ (877)	17	877	1612535	16	822	861	Different	Different	Different
620	gb|KX354370.1|+|0-1194|ARO:3004343|PDC-80	(35514) 232416+ (36707)	35514	36707	232416	35513	36652	1194	Different	Different	Different
621	gb|KY432484.1|+|0-861|ARO:3001051|TEM-191	(47) 3478183-, 50639855- (37) , (47) 3478183-, 36393793+ (37)	47, 47	37, 37	3478183, 50639855,3478183, 36393793	46	852	861	Different	Different	Different
622	gb|LC037981|+|0-801|ARO:3003610|OXA-454	(660) 104604+ (1460)	660	1460	104604	659	1405	801	Different	Different	Different
623	gb|LK391770.1|+|19707-20568|ARO:3000876|TEM-4	(47) 3478183-, 50639855- (37) , (47) 3478183-, 36393793+ (37)	47, 47	37, 37	3478183, 50639855,3478183, 36393793	46	852	861	Different	Different	Different
624	gb|LLNM01000004.1|-|97677-98466|ARO:3003642|OXA-485	(19144) 237664- (19932)	19144	19932	237664	19143	19877	789	Different	Different	Different
625	gb|LLSH01000109.1|+|88827-90021|ARO:3004349|PDC-86	(35514) 232416+ (36707)	35514	36707	232416	35513	36652	1194	Different	Different	Different
626	gb|LN515533|+|0-867|ARO:3003154|SHV-187	(11) 1612535+ (877)	11	877	1612535	10	822	867	Different	Different	Different
627	gb|LN515534|+|0-873|ARO:3003155|SHV-188	(11) 1612535+ (877)	11	877	1612535	10	822	873	Different	Different	Different
628	gb|LT985229.1|+|36107-36968|ARO:3001063|SHV-4	(17) 1612535+ (877)	17	877	1612535	16	822	861	Different	Different	Different
629	gb|M18896.2|+|206-2126|ARO:3000190|tetO	(254) 248320- (2173)	254	2173	248320	253	2118	1920	Different	Different	Different
630	gb|M36726.1|+|295-1150|ARO:3000596|ErmX	(236) 3789486- (1090)	236	1090	3789486	235	1035	855	Different	Different	Different
631	gb|M55547|+|0-825|ARO:3001404|OXA-9	(40) 48423030- (864)	40	864	48423030	39	809	825	Different	Different	Different
632	gb|M88143|+|367-1228|ARO:3000884|TEM-12	(47) 3478183-, 50639855- (37) , (47) 3478183-, 36393793+ (37)	47, 47	37, 37	3478183, 50639855,3478183, 36393793	46	852	861	Different	Different	Different
633	gb|M90056.1|+|908-2477|ARO:3002829|vgaA	0	0	0	0	0	1045	1569	Different	Different	Different
634	gb|MG229642.1|+|0-1152|ARO:3005037|ADC-159	(64) 126080+ (1215)	64	1215	126080	63	1160	1152	Different	Different	Different
635	gb|MG601730.1|+|0-1152|ARO:3003852|ADC-6	(64) 126080+ (1215)	64	1215	126080	63	1160	1152	Different	Different	Different
636	gb|NC_002516.2|-|779462-780101|ARO:3002679|Pseudomonas_aeruginosa_catB7	(78567) 309838+ (79205)	78567	79205	309838	78566	79150	639	Different	Different	Different
637	gb|NGCN01000023.1|-|65770-66595|ARO:3001528|OXA-340	(54150) 246080- (54974)	54150	54974	246080	54149	54919	825	Different	Different	Different
638	gb|NG_049717.1|+|13-838|ARO:3003121|OXA-430	(54150) 246080- (54974)	54150	54974	246080	54149	54919	825	Different	Different	Different
639	gb|NG_050256.1|+|100-961|ARO:3000896|TEM-26	(47) 3478183-, 50639855- (37) , (47) 3478183-, 36393793+ (37)	47, 47	37, 37	3478183, 50639855,3478183, 36393793	46	852	861	Different	Different	Different
640	gb|NG_050607.1|+|100-925|ARO:3001496|OXA-234	(54150) 246080- (54974)	54150	54974	246080	54149	54919	825	Different	Different	Different
641	gb|NG_051744.1|+|100-1294|ARO:3004337|PDC-74	(35514) 232416+ (36707)	35514	36707	232416	35513	36652	1194	Different	Different	Different
642	gb|NWUK01000007.1|-|12139-12964|ARO:3001531|OXA-343	(54150) 246080- (54974)	54150	54974	246080	54149	54919	825	Different	Different	Different
643	gb|PYSX01000023.1|+|160178-161003|ARO:3001525|OXA-337	(54150) 246080- (54974)	54150	54974	246080	54149	54919	825	Different	Different	Different
644	gb|S82452|+|120-978|ARO:3001068|SHV-9	(17) 1612535+ (877)	17	877	1612535	16	822	858	Different	Different	Different
645	gb|SMRY02000082.1|-|17219-18008|ARO:3003645|OXA-488	(19144) 237664- (19932)	19144	19932	237664	19143	19877	789	Different	Different	Different
646	gb|U00096.3|-|3203309-3204131|ARO:3002986|bacA	(2133) 248330- (2952)	2133	2952	248330	2132	2897	822	Different	Different	Different
647	gb|U00096.3|-|4377810-4378944|ARO:3004290|Escherichia_coli_ampC	(5463) 246331+ (6596)	5463	6596	246331	5462	6541	1134	Different	Different	Different
648	gb|U00096.3|-|721055-721733|ARO:3003841|kdpE	(6264) 239041- (6941)	6264	6941	239041	6263	6886	678	Different	Different	Different
649	gb|U00096|+|2367070-2368039|ARO:3003578|pmrF	(3047) 251478+ (4015)	3047	4015	251478	3046	3960	969	Different	Different	Different
650	gb|U00096|-|2098446-2099613|ARO:3003577|ugd	0	0	0	0	71,0	584,364	1167	Different	Different	Different
651	gb|U15027|+|0-624|ARO:3002686|catP	(372) 5332739+ (995)	372	995	5332739	371	940	624	Different	Different	Different
652	gb|U20270|+|124-985|ARO:3001066|SHV-7	(17) 1612535+ (877)	17	877	1612535	16	822	861	Different	Different	Different
653	gb|U36911.1|+|1429-2290|ARO:3000979|TEM-116	(47) 3478183-, 50639855- (37) , (47) 3478183-, 36393793+ (37)	47, 47	37, 37	3478183, 50639855,3478183, 36393793	46	852	861	Different	Different	Different
654	gb|U37105.2|+|2806-3640|ARO:3004692|aadA10	(1477) 104604+ (2310)	1477	2310	104604	1476	2255	834	Different	Different	Different
655	gb|U37195|+|75-936|ARO:3000898|TEM-28	(47) 3478183-, 50639855- (37) , (47) 3478183-, 36393793+ (37)	47, 47	37, 37	3478183, 50639855,3478183, 36393793	46	852	861	Different	Different	Different
656	gb|U59183|+|247-859|ARO:3002581|AAC(6')-Ib10	(19) 104606+ (632)	19	632	104606	18	577	612	Different	Different	Different
657	gb|U59183|+|939-1740|ARO:3001408|OXA-13	(660) 104604+ (1460)	660	1460	104604	659	1405	801	Different	Different	Different
658	gb|U92041|+|0-861|ARO:3001067|SHV-8	(17) 1612535+ (877)	17	877	1612535	16	822	861	Different	Different	Different
659	gb|U95363|+|0-861|ARO:3000912|TEM-43	(47) 3478183-, 50639855- (37) , (47) 3478183-, 36393793+ (37)	47, 47	37, 37	3478183, 50639855,3478183, 36393793	46	852	861	Different	Different	Different
660	gb|V00618.1|+|150-945|ARO:3002644|APH(3')-IIa	0	0	0	0	15	536	795	Different	Different	Different
661	gb|V01499|+|230-1256|ARO:3002655|APH(4)-Ia	(1047) 53827366- (2072)	1047	2072	53827366	1046	2017	1026	Different	Different	Different
662	gb|X02340.1|+|222-1194|ARO:3004089|ANT(3'')-IIa	0	0	0	0	0	747	972	Different	Different	Different
663	gb|X54606|+|214-1075|ARO:3000874|TEM-2	(47) 3478183-, 50639855- (37) , (47) 3478183-, 36393793+ (37)	47, 47	37, 37	3478183, 50639855,3478183, 36393793	46	852	861	Different	Different	Different
664	gb|X55640|+|111-972|ARO:3001064|SHV-5	(17) 1612535+ (877)	17	877	1612535	16	822	861	Different	Different	Different
665	gb|X57972|+|339-1200|ARO:3000878|TEM-6	(47) 3478183-, 50639855- (37) , (47) 3478183-, 36393793+ (37)	47, 47	37, 37	3478183, 50639855,3478183, 36393793	46	852	861	Different	Different	Different
666	gb|X64523.1|-|476-1337|ARO:3000875|TEM-3	(47) 3478183-, 50639855- (37) , (47) 3478183-, 36393793+ (37)	47, 47	37, 37	3478183, 50639855,3478183, 36393793	46	852	861	Different	Different	Different
667	gb|X65252|+|175-1036|ARO:3000880|TEM-8	(47) 3478183-, 50639855- (37) , (47) 3478183-, 36393793+ (37)	47, 47	37, 37	3478183, 50639855,3478183, 36393793	46	852	861	Different	Different	Different
668	gb|X65253|+|175-1036|ARO:3000894|TEM-24	(47) 3478183-, 50639855- (37) , (47) 3478183-, 36393793+ (37)	47, 47	37, 37	3478183, 50639855,3478183, 36393793	46	852	861	Different	Different	Different
669	gb|X65254|+|175-1036|ARO:3000887|TEM-16	(47) 3478183-, 50639855- (37) , (47) 3478183-, 36393793+ (37)	47, 47	37, 37	3478183, 50639855,3478183, 36393793	46	852	861	Different	Different	Different
670	gb|X75562|+|134-935|ARO:3001402|OXA-7	(660) 104604+ (1460)	660	1460	104604	659	1405	801	Different	Different	Different
671	gb|X90856|+|387-1194|ARO:3002645|APH(3')-IIb	(6926) 232416- (7732)	6926	7732	232416	6925	7677	807	Different	Different	Different
672	gb|X95401|+|208-1069|ARO:3000914|TEM-45	(47) 3478183-, 50639855- (37) , (47) 3478183-, 36393793+ (37)	47, 47	37, 37	3478183, 50639855,3478183, 36393793	46	852	861	Different	Different	Different
673	gb|X97254|+|153-1011|ARO:3001043|TEM-178	(47) 3478183- (907)	47	907	3478183	46	830	858	Different	Different	Different
674	gb|X98047|+|0-844|ARO:3000911|TEM-42	(56) 3478183-, 50639855- (28) , (56) 3478183-, 36393793+ (28)	56, 56	28, 28	3478183, 50639855,3478183, 36393793	55	843	843	Different	Different	Different
675	gb|X98101|+|73-934|ARO:3001070|SHV-11	(17) 1612535+ (877)	17	877	1612535	16	822	861	Different	Different	Different
676	gb|X98102|+|73-934|ARO:3001061|SHV-2A	(17) 1612535+ (877)	17	877	1612535	16	822	861	Different	Different	Different
677	gb|Y10279|+|0-861|ARO:3000916|TEM-47	(47) 3478183-, 50639855- (37) , (47) 3478183-, 36393793+ (37)	47, 47	37, 37	3478183, 50639855,3478183, 36393793	46	852	861	Different	Different	Different
678	gb|Y10280|+|0-861|ARO:3000917|TEM-48	(47) 3478183-, 50639855- (37) , (47) 3478183-, 36393793+ (37)	47, 47	37, 37	3478183, 50639855,3478183, 36393793	46	852	861	Different	Different	Different
679	gb|Y10281|+|0-861|ARO:3000918|TEM-49	(47) 3478183-, 50639855- (37) , (47) 3478183-, 36393793+ (37)	47, 47	37, 37	3478183, 50639855,3478183, 36393793	46	852	861	Different	Different	Different
680	gb|Y11069|+|0-780|ARO:3001065|SHV-6	(47) 1612535+ (826)	47	826	1612535	51	771	780	Different	Different	Different
681	gb|Y13612|+|0-861|ARO:3000921|TEM-52	(47) 3478183-, 50639855- (37) , (47) 3478183-, 36393793+ (37)	47, 47	37, 37	3478183, 50639855,3478183, 36393793	46	852	861	Different	Different	Different
682	gb|Y14574|+|0-861|ARO:3000888|TEM-17	(47) 3478183-, 50639855- (37) , (47) 3478183-, 36393793+ (37)	47, 47	37, 37	3478183, 50639855,3478183, 36393793	46	852	861	Different	Different	Different
683	gb|Y17581|+|78-936|ARO:3000891|TEM-20	(47) 3478183-, 50639855- (34) , (47) 3478183-, 36393793+ (34)	47, 47	34, 34	3478183, 50639855,3478183, 36393793	46	849	858	Different	Different	Different
684	gb|Y17582|+|0-858|ARO:3000892|TEM-21	(47) 3478183-, 50639855- (34) , (47) 3478183-, 36393793+ (34)	47, 47	34, 34	3478183, 50639855,3478183, 36393793	46	849	858	Different	Different	Different
685	gb|Y17583|+|213-1071|ARO:3000893|TEM-22	(47) 3478183-, 50639855- (34) , (47) 3478183-, 36393793+ (34)	47, 47	34, 34	3478183, 50639855,3478183, 36393793	46	849	858	Different	Different	Different
686	gb|Y17584|+|0-858|ARO:3000899|TEM-29	(47) 3478183-, 50639855- (34) , (47) 3478183-, 36393793+ (34)	47, 47	34, 34	3478183, 50639855,3478183, 36393793	46	849	858	Different	Different	Different
687	gb|Z22590|+|154-955|ARO:3001406|OXA-11	(660) 104604+ (1460)	660	1460	104604	659	1405	801	Different	Different	Different
688	gb|Z54241.1|+|529-1051|ARO:3002559|AAC(6')-Ip	(163) 53314296+ (685)	163	685	53314296	162	630	522	Different	Different	Different
