	Query	Start_SPAligner	End_SPAligner	Path_SPAligner	Start_GraphAligner	End_GraphAligner	Path_GraphAligner	Start_SPAligner_GraphAligner	SPAlignerVSGraphAligner
0	gb|AB023477|+|0-861|ARO:3001082|SHV-24	16	822	861	17	877	1612535	18	Different
1	gb|AB049569|+|0-861|ARO:3000958|TEM-91	46	852	861	47	907	3478183	48	Different
2	gb|AB200915.1|-|1831-2305|ARO:3005084|dfrA31	7	426	474	8	481	54829473	9	Different
3	gb|AB302939|+|8-869|ARO:3001115|SHV-60	16	822	861	17	877	1612535	18	Different
4	gb|AB372881|+|8-869|ARO:3001160|SHV-111	16	822	861	17	877	1612535	18	Different
5	gb|AB462903|+|1199-1751|ARO:3002574|AAC(6')-Iaf	106	599	552	103	654	53314296	108	Different
6	gb|AB551737|+|14-875|ARO:3001177|SHV-133	16	822	861	17	877	1612535	18	Different
7	gb|AB634250|+|0-825|ARO:3001484|OXA-206	54149	54919	825	54150	54974	246080	54151	Different
8	gb|AB700703|+|161-1022|ARO:3001057|TEM-198	46	852	861	47	907	3478183	48	Different
9	gb|AB733453|+|3-849|ARO:3001204|SHV-167	16	807	846	17	862	1612535	18	Different
10	gb|AB781687|+|0-825|ARO:3001682|OXA-254	54149	54919	825	54150	54974	246080	54151	Different
11	gb|AB871653|+|11870-12695|ARO:3001557|OXA-371	54149	54919	825	54150	54974	246080	54151	Different
12	gb|AE003852.1|+|1674272-1675445|ARO:3004289|Vibrio_cholerae_varG	676	1794	1173	677	1849	51789923	678	Different
13	gb|AE004091.2|+|1221690-1222098|ARO:3000149|fosA	25069	25422	408	25070	25477	234408	25071	Different
14	gb|AE004091.2|+|3450837-3451509|ARO:3005063|cprR	2	619	672	3	674	226213	4	Different
15	gb|AE004091.2|+|3451505-3452801|ARO:3005064|cprS	670	1911	1296	671	2029	226213	672	Different
16	gb|AE004091.2|+|3982020-3984009|ARO:3002985|arnA	295	2229	1989	296	2284	245411	297	Different
17	gb|AE006468.2|+|1707351-1707789|ARO:3002571|AAC(6')-Iaa	0	254	438	1	309	55192214	2	Different
18	gb|AE014292|+|568280-570923|ARO:3003772|Brucella_suis_mprF	29696	32284	2643	29697	32339	3128843	29698	Different
19	gb|AE016877.1|+|1972251-1972668|ARO:3000172|FosB	69	431	417	70	486	2163774	71	Different
20	gb|AE016879.1|+|2933334-2933889|ARO:3005045|SatA	0	466	555	51	605	55223072, 247433	2	Different
21	gb|AF024602|+|3155-3992|ARO:3002660|APH(6)-Id	813	1595	837	814	1650	114596	815	Different
22	gb|AF043381|+|251-863|ARO:3002580|AAC(6')-Ib9	18	577	612	19	632	104606	20	Different
23	gb|AF043381|+|943-1744|ARO:3001414|OXA-19	659	1405	801	660	1460	104604	661	Different
24	gb|AF047171|+|135-996|ARO:3000929|TEM-60	46	852	861	47	907	3478183	48	Different
25	gb|AF047479|+|1295-2087|ARO:3002603|aadA3	0	267	792	11	802	104600	2	Different
26	gb|AF062386|+|30-862|ARO:3000928|TEM-59	46	822	831	47	877	3478183	48	Different
27	gb|AF072684|+|117-993|ARO:3001075|SHV-16	16	822	876	17	877	1612535	18	Different
28	gb|AF078527|+|3769-4303|ARO:3000230|ANT(2'')-Ia	57	536	534	58	591	104604	59	Different
29	gb|AF091113|+|450-1311|ARO:3000934|TEM-67	46	852	861	47	907	3478183	48	Different
30	gb|AF093512|+|197-1058|ARO:3000882|TEM-10	46	852	861	47	907	3478183	48	Different
31	gb|AF104441|+|193-1054|ARO:3000922|TEM-53	46	852	861	47	907	3478183	48	Different
32	gb|AF104442|+|193-1054|ARO:3000923|TEM-54	46	852	861	47	907	3478183	48	Different
33	gb|AF117743|+|0-780|ARO:3001077|SHV-19	51	771	780	47	826	1612535	53	Different
34	gb|AF117744|+|0-780|ARO:3001078|SHV-20	51	771	780	47	826	1612535	53	Different
35	gb|AF117745|+|0-780|ARO:3001079|SHV-21	51	771	780	47	826	1612535	53	Different
36	gb|AF117746|+|0-780|ARO:3001080|SHV-22	51	771	780	47	826	1612535	53	Different
37	gb|AF117747|+|0-780|ARO:3001081|SHV-23	51	771	780	47	826	1612535	53	Different
38	gb|AF132290|+|87-948|ARO:3001076|SHV-18	16	822	861	17	877	1612535	18	Different
39	gb|AF143804|+|0-861|ARO:3000959|TEM-92	46	852	861	47	907	3478183	48	Different
40	gb|AF144880|+|3541-3979|ARO:3002569|AAC(6')-Iy	0	254	438	1	309	55192214	2	Different
41	gb|AF148851|+|5-866|ARO:3001060|SHV-2	16	822	861	17	877	1612535	18	Different
42	gb|AF156486|+|5012-5792|ARO:3002602|aadA2	0	267	780	31	802	104600	2	Different
43	gb|AF157553|+|147-1008|ARO:3000938|TEM-72	46	852	861	47	907	3478183	48	Different
44	gb|AF164577|+|0-861|ARO:3001072|SHV-13	16	822	861	17	877	1612535	18	Different
45	gb|AF188199|+|214-1075|ARO:3000936|TEM-70	46	852	861	47	907	3478183	48	Different
46	gb|AF190692|+|208-1069|ARO:3000946|TEM-79	46	852	861	47	907	3478183	48	Different
47	gb|AF190693|+|208-1069|ARO:3000944|TEM-78	46	852	861	47	907	3478183	48	Different
48	gb|AF190694|+|208-1069|ARO:3000942|TEM-76	46	852	861	47	907	3478183	48	Different
49	gb|AF201828.2|+|115-937|ARO:3001422|OXA-27	80	847	822	81	902	254088	82	Different
50	gb|AF203816|+|210-1071|ARO:3000937|TEM-71	46	852	861	47	907	3478183	48	Different
51	gb|AF205943|+|7511-8312|ARO:3001405|OXA-10	659	1405	801	660	1460	104604	661	Different
52	gb|AF208796|+|0-861|ARO:3001083|SHV-25	16	822	861	17	877	1612535	18	Different
53	gb|AF226622|+|54-915|ARO:3001073|SHV-14	16	822	861	17	877	1612535	18	Different
54	gb|AF227204|+|73-934|ARO:3001084|SHV-26	16	822	861	17	877	1612535	18	Different
55	gb|AF231133|+|1345-2146|ARO:3001423|OXA-28	659	1405	801	660	1460	104604	661	Different
56	gb|AF250872|+|0-861|ARO:3000954|TEM-87	46	852	861	47	907	3478183	48	Different
57	gb|AF293345|+|0-861|ARO:3001085|SHV-27	16	822	861	17	877	1612535	18	Different
58	gb|AF299299|+|0-861|ARO:3001086|SHV-28	16	822	861	17	877	1612535	18	Different
59	gb|AF301532|+|7-868|ARO:3001087|SHV-29	16	822	861	17	877	1612535	18	Different
60	gb|AF313472|+|15593-16397|ARO:3002639|APH(3'')-Ib	10	759	804	11	814	114596	12	Different
61	gb|AF315786|+|1313-2114|ARO:3001429|OXA-35	659	1405	801	660	1460	104604	661	Different
62	gb|AF332513|+|103-964|ARO:3000931|TEM-63	46	852	861	47	907	3478183	48	Different
63	gb|AF347054|+|208-1069|ARO:3000947|TEM-80	46	852	861	47	907	3478183	48	Different
64	gb|AF351241|+|89-950|ARO:3000957|TEM-90	46	852	861	47	907	3478183	48	Different
65	gb|AF427127|+|208-1069|ARO:3000948|TEM-81	46	852	861	47	907	3478183	48	Different
66	gb|AF427128|+|208-1069|ARO:3000949|TEM-82	46	852	861	47	907	3478183	48	Different
67	gb|AF427129|+|208-1069|ARO:3000950|TEM-83	46	852	861	47	907	3478183	48	Different
68	gb|AF427130|+|208-1069|ARO:3000951|TEM-84	46	852	861	47	907	3478183	48	Different
69	gb|AF441287|+|260-1007|ARO:3000844|TUS-1_beta-lactamase	12189	12881	747	12190	12936	1531004	12191	Different
70	gb|AF445082|+|2788-3343|ARO:3002577|AAC(6')-Ib4	77	577	555	78	632	104606	79	Different
71	gb|AF462019|+|26-656|ARO:3002681|catB9	656	1231	630	657	1286	3840299	658	Different
72	gb|AF467947|+|0-861|ARO:3001094|SHV-36	16	822	861	17	877	1612535	18	Different
73	gb|AF467948|+|0-861|ARO:3001095|SHV-37	16	822	861	17	877	1612535	18	Different
74	gb|AF468003|+|0-861|ARO:3000974|TEM-111	46	852	861	47	907	3478183	48	Different
75	gb|AF495873|+|0-861|ARO:3000964|TEM-101	46	852	861	47	907	3478183	48	Different
76	gb|AF506748|+|38-899|ARO:3000971|TEM-108	54	852	861	55	907	3478183	56	Different
77	gb|AF516719|+|214-1075|ARO:3000967|TEM-104	46	852	861	47	907	3478183	48	Different
78	gb|AF516720|+|214-1075|ARO:3000968|TEM-105	46	852	861	47	907	3478183	48	Different
79	gb|AF535127|+|208-1069|ARO:3000978|TEM-115	46	852	861	47	907	3478183	48	Different
80	gb|AF535128|+|0-861|ARO:3001098|SHV-40	16	822	861	17	877	1612535	18	Different
81	gb|AF535129|+|0-861|ARO:3001099|SHV-41	16	822	861	17	877	1612535	18	Different
82	gb|AF535130|+|0-861|ARO:3001100|SHV-42	16	822	861	17	877	1612535	18	Different
83	gb|AF547625|+|0-861|ARO:3001103|SHV-45	16	822	861	17	877	1612535	18	Different
84	gb|AF550679.1|-|80976-81768|ARO:3002601|aadA	10	747	792	11	802	104600	12	Different
85	gb|AJ009979.1|+|0-1152|ARO:3003847|ADC-1	63	1160	1152	64	1215	126080	65	Different
86	gb|AJ011428|+|0-861|ARO:3001074|SHV-15	16	822	861	17	877	1612535	18	Different
87	gb|AJ011502.1|+|300-1425|ARO:3004122|Klebsiella_pneumoniae_OmpK37	219,1	1113,228	1125	220	1168	55313077	221, 3	Different
88	gb|AJ012256|+|208-1069|ARO:3000939|TEM-73	46	852	861	47	907	3478183	48	Different
89	gb|AJ222769.3|+|3686-5606|ARO:3000194|tetW	745	2610	1920	746	2665	211793	747	Different
90	gb|AJ239002|+|0-861|ARO:3000935|TEM-68	46	852	861	47	907	3478183	48	Different
91	gb|AJ277414|+|0-861|ARO:3000952|TEM-85	46	852	861	47	907	3478183	48	Different
92	gb|AJ277415|+|0-861|ARO:3000953|TEM-86	46	852	861	47	907	3478183	48	Different
93	gb|AJ308558|+|181-1042|ARO:3000962|TEM-95	46	852	861	47	907	3478183	48	Different
94	gb|AJ309734|+|0-825|ARO:3001612|OXA-51	54149	54919	825	54150	54974	246080	54151	Different
95	gb|AJ318093|+|0-861|ARO:3000960|TEM-93	46	852	861	47	907	3478183	48	Different
96	gb|AJ318094|+|0-861|ARO:3000961|TEM-94	46	852	861	47	907	3478183	48	Different
97	gb|AJ437107|+|208-1069|ARO:3000900|TEM-30	46	852	861	47	907	3478183	48	Different
98	gb|AJ575184.1|+|0-1152|ARO:3003851|ADC-5	63	1160	1152	64	1215	126080	65	Different
99	gb|AJ579365.1|+|4149-5628|ARO:3003111|lsaB	1200	2620	1479	1201	2679	3833997	1202	Different
100	gb|AJ634602.1|-|7839-8700|ARO:3000999|TEM-135	46	852	861	47	907	3478183	48	Different
101	gb|AJ746225|+|0-861|ARO:3000993|TEM-129	46	852	861	47	907	3478183	48	Different
102	gb|AJ809407|+|118-898|ARO:3002620|aadA23	37	747	780	31	802	104600	39	Different
103	gb|AJ854182|+|0-801|ARO:3001798|OXA-74	659	1405	801	660	1460	104604	661	Different
104	gb|AJ863560|+|0-861|ARO:3001111|SHV-55	16	822	861	17	877	1612535	18	Different
105	gb|AJ866284|+|0-861|ARO:3001116|SHV-61	16	822	861	17	877	1612535	18	Different
106	gb|AJ866285|+|0-861|ARO:3001117|SHV-62	16	822	861	17	877	1612535	18	Different
107	gb|AJ866988|+|0-861|ARO:3000994|TEM-130	46	852	861	47	907	3478183	48	Different
108	gb|AJ920369|+|23-860|ARO:3001071|SHV-12	16	798	837	17	853	1612535	18	Different
109	gb|AL009126.3|-|339155-339749|ARO:3003059|tmrB	33	571	594	34	626	3056893	35	Different
110	gb|AL009126|+|916777-919348|ARO:3003324|Bacillus_subtilis_mprF	0,0,0,0	213,221,446,656	2571	1	2157	5435	2, 2, 2, 2	Different
111	gb|AL009126|-|2735681-2736536|ARO:3002627|aadK	2991	3789	855	2992	3846	3873945	2993	Different
112	gb|AL513383|+|161910-162771|ARO:3000873|TEM-1	46	852	861	47	907	3478183	48	Different
113	gb|AM040708.1|+|1173-1965|ARO:3004704|aadA8b	0,10	267,747	792	11	802	104600	2, 12	Different
114	gb|AM049399|+|0-861|ARO:3001007|TEM-144	46	852	861	47	907	3478183	48	Different
115	gb|AM087453|+|25-856|ARO:3001138|SHV-84	16	792	831	17	847	1612535	18	Different
116	gb|AM087454|+|208-1069|ARO:3001015|TEM-148	46	852	861	47	907	3478183	48	Different
117	gb|AM176546|+|0-861|ARO:3001125|SHV-71	16	822	861	17	877	1612535	18	Different
118	gb|AM176547|+|30-891|ARO:3001126|SHV-72	16	822	861	17	877	1612535	18	Different
119	gb|AM176548|+|16-874|ARO:3001127|SHV-73	16	822	858	25	877	1612535	18	Different
120	gb|AM176549|+|30-891|ARO:3001128|SHV-74	16	822	861	17	877	1612535	18	Different
121	gb|AM176550|+|30-891|ARO:3001129|SHV-75	16	822	861	17	877	1612535	18	Different
122	gb|AM176551|+|30-891|ARO:3001130|SHV-76	16	822	861	17	877	1612535	18	Different
123	gb|AM176552|+|30-891|ARO:3001131|SHV-77	16	822	861	17	877	1612535	18	Different
124	gb|AM176553|+|30-891|ARO:3001132|SHV-78	16	822	861	17	877	1612535	18	Different
125	gb|AM176554|+|30-891|ARO:3001133|SHV-79	16	822	861	17	877	1612535	18	Different
126	gb|AM176555|+|0-861|ARO:3001134|SHV-80	16	822	861	17	877	1612535	18	Different
127	gb|AM176556|+|25-886|ARO:3001135|SHV-81	16	822	861	17	877	1612535	18	Different
128	gb|AM176557|+|0-861|ARO:3001136|SHV-82	16	822	861	17	877	1612535	18	Different
129	gb|AM176558|+|0-861|ARO:3001137|SHV-83	18	822	861	19	877	1612535	20	Different
130	gb|AM183304|+|208-1069|ARO:3001017|TEM-150	46	852	861	47	907	3478183	48	Different
131	gb|AM231719|+|0-825|ARO:3001650|OXA-90	54149	54919	825	54150	54974	246080	54151	Different
132	gb|AM231720|+|0-825|ARO:3001438|OXA-100	54149	54919	825	54150	54974	246080	54151	Different
133	gb|AM261837|+|73-865|ARO:3002619|aadA22	10	747	792	11	802	104600	12	Different
134	gb|AM279652|+|0-825|ARO:3001646|OXA-98	54149	54919	825	54150	54974	246080	54151	Different
135	gb|AM286274|+|0-861|ARO:3001001|TEM-137	46	852	861	47	907	3478183	48	Different
136	gb|AM412777|+|117-918|ARO:3001439|OXA-101	659	1405	801	660	1460	104604	661	Different
137	gb|AM849805|+|262-1123|ARO:3000886|TEM-15	46	852	861	47	907	3478183	48	Different
138	gb|AM941159|+|208-1069|ARO:3001022|TEM-156	46	852	861	47	907	3478183	48	Different
139	gb|AM941844|+|0-861|ARO:3001336|SHV-98	16	822	861	17	877	1612535	18	Different
140	gb|AM941845|+|0-861|ARO:3001337|SHV-99	16	822	861	17	877	1612535	18	Different
141	gb|AM941847|+|0-861|ARO:3001155|SHV-106	16	822	861	17	877	1612535	18	Different
142	gb|AM941848|+|0-861|ARO:3001156|SHV-107	16	822	861	17	877	1612535	18	Different
143	gb|AP009048|-|4338624-4340268|ARO:3003576|eptA	7278	8867	1644	7279	8922	268608	7280	Different
144	gb|AP012030.1|-|395553-396711|ARO:3004612|Escherichia_coli_ampH	3880	4973	1158	3881	5038	243533	3882	Different
145	gb|APON01000041.1|+|10443-11268|ARO:3001736|OXA-281	156	929	825	157	984	5350482	158	Different
146	gb|APOR01000009.1|+|341736-342561|ARO:3001716|OXA-260	54149	54919	825	54150	54974	246080	54151	Different
147	gb|APPZ01000001.1|+|7525-8353|ARO:3001735|OXA-280	156	929	828	157	984	5350482	158	Different
148	gb|APQF01000011.1|+|291557-292379|ARO:3001707|OXA-103	80	847	822	81	902	254088	82	Different
149	gb|APQV01000009.1|+|266252-267077|ARO:3001717|OXA-261	54149	54919	825	54150	54974	246080	54151	Different
150	gb|APQY01000006.1|+|416598-417423|ARO:3001719|OXA-263	54149	54919	825	54150	54974	246080	54151	Different
151	gb|APRA01000005.1|+|465153-465978|ARO:3001718|OXA-262	54149	54919	825	54150	54974	246080	54151	Different
152	gb|AY027590|+|112-973|ARO:3000955|TEM-88	46	852	861	47	907	3478183	48	Different
153	gb|AY036620|+|88-949|ARO:3001092|SHV-34	16	822	861	17	877	1612535	18	Different
154	gb|AY037778|+|91-952|ARO:3001090|SHV-32	16	822	861	17	877	1612535	18	Different
155	gb|AY039040|+|188-1022|ARO:3000956|TEM-89	46	825	834	47	880	3478183	48	Different
156	gb|AY040093|+|68-929|ARO:3000965|TEM-102	46	852	861	47	907	3478183	48	Different
157	gb|AY055428.1|-|20268-21084|ARO:3000412|sul2	21	782	816	22	837	51050683	23	Different
158	gb|AY065991|+|6-867|ARO:3001101|SHV-43	16	822	861	17	877	1612535	18	Different
159	gb|AY070258|+|0-861|ARO:3001093|SHV-35	16	822	861	17	877	1612535	18	Different
160	gb|AY072920|+|0-861|ARO:3000973|TEM-110	46	852	861	47	907	3478183	48	Different
161	gb|AY079099|+|148-1009|ARO:3001096|SHV-38	16	822	861	17	877	1612535	18	Different
162	gb|AY092401|+|0-861|ARO:3000963|TEM-96	46	852	861	47	907	3478183	48	Different
163	gb|AY101578|+|214-1075|ARO:3000969|TEM-106	46	852	861	47	907	3478183	48	Different
164	gb|AY101764|+|206-1067|ARO:3000970|TEM-107	46	852	861	47	907	3478183	48	Different
165	gb|AY123251.1|+|811-1444|ARO:3002680|catB8	724	1302	633	725	1357	104606	726	Different
166	gb|AY136758|+|377-947|ARO:3002582|AAC(6')-Ib11	82	577	570	83	632	104606	84	Different
167	gb|AY139603|+|106-898|ARO:3002608|aadA8	0,10	267,747	792	11	802	104600	2, 12	Different
168	gb|AY152390|+|0-1335|ARO:3003785|Chlamydia_trachomatis_intrinsic_murA_conferring_resistance_to_fosfomycin	722	2002	1335	723	2057	223703	724	Different
169	gb|AY171244|+|46-838|ARO:3002618|aadA21	10	747	792	11	802	104600	12	Different
170	gb|AY177427.1|+|1141-2293|ARO:3003848|ADC-2	63	1160	1152	64	1215	126080	65	Different
171	gb|AY178995.1|+|0-1152|ARO:3003849|ADC-3	63	1160	1152	64	1215	126080	65	Different
172	gb|AY178996.1|+|0-1152|ARO:3003850|ADC-4	63	1160	1152	64	1215	126080	65	Different
173	gb|AY210887|+|111-972|ARO:3001104|SHV-46	16	822	861	17	877	1612535	18	Different
174	gb|AY223863|+|170-1031|ARO:3001113|SHV-57	16	822	861	17	877	1612535	18	Different
175	gb|AY243512|+|208-1069|ARO:3000982|TEM-120	46	852	861	47	907	3478183	48	Different
176	gb|AY259119|+|116-977|ARO:3001102|SHV-44	16	822	861	17	877	1612535	18	Different
177	gb|AY263404|+|0-861|ARO:3001105|SHV-48	16	822	861	17	877	1612535	18	Different
178	gb|AY271267|+|0-861|ARO:3000983|TEM-121	46	852	861	47	907	3478183	48	Different
179	gb|AY277255|+|66-927|ARO:3001089|SHV-31	16	822	861	17	877	1612535	18	Different
180	gb|AY288523|+|0-825|ARO:3001671|OXA-49	80	847	825	81	902	254088	82	Different
181	gb|AY288915|+|0-861|ARO:3001107|SHV-50	16	822	861	17	877	1612535	18	Different
182	gb|AY289548|+|0-861|ARO:3001108|SHV-51	16	822	861	17	877	1612535	18	Different
183	gb|AY306130|+|0-789|ARO:3001796|OXA-50	19143	19877	789	19144	19932	237664	19145	Different
184	gb|AY307100|+|0-861|ARO:3000984|TEM-122	46	852	861	47	907	3478183	48	Different
185	gb|AY327539|+|0-858|ARO:3000985|TEM-123	46	852	858	47	907	3478183	48	Different
186	gb|AY327540|+|0-858|ARO:3000986|TEM-124	46	852	858	47	907	3478183	48	Different
187	gb|AY368236|+|0-861|ARO:3000989|TEM-127	46	852	861	47	907	3478183	48	Different
188	gb|AY368237|+|0-861|ARO:3000990|TEM-128	46	852	861	47	907	3478183	48	Different
189	gb|AY436361|+|131-992|ARO:3000995|TEM-131	46	852	861	47	907	3478183	48	Different
190	gb|AY445080|+|0-801|ARO:3001795|OXA-56	659	1405	801	660	1460	104604	661	Different
191	gb|AY453161|+|500-1430|ARO:3000090|BLA1	455,0	951,287	930	1	556	459759, 213549	457, 2	Different
192	gb|AY453162|+|500-1271|ARO:3004189|Bla2	1446	2162	771	1447	2217	226465	1448	Different
193	gb|AY491682|+|0-861|ARO:3000996|TEM-132	46	852	861	47	907	3478183	48	Different
194	gb|AY528425|+|0-861|ARO:3000997|TEM-133	46	852	861	47	907	3478183	48	Different
195	gb|AY528718|+|413-1274|ARO:3001106|SHV-49	16	822	861	17	877	1612535	18	Different
196	gb|AY574271|+|0-861|ARO:3000998|TEM-134	46	852	861	47	907	3478183	48	Different
197	gb|AY589493|+|166-1027|ARO:3000975|TEM-112	46	852	861	47	907	3478183	48	Different
198	gb|AY589494|+|193-1054|ARO:3000976|TEM-113	46	852	861	47	907	3478183	48	Different
199	gb|AY589495|+|181-1042|ARO:3000977|TEM-114	46	852	861	47	907	3478183	48	Different
200	gb|AY628175|+|210-1071|ARO:3000972|TEM-109	46	852	861	47	907	3478183	48	Different
201	gb|AY628176|+|75-936|ARO:3000987|TEM-125	46	852	861	47	907	3478183	48	Different
202	gb|AY628199|+|203-1064|ARO:3000988|TEM-126	46	852	861	47	907	3478183	48	Different
203	gb|AY648950.1|+|0-1152|ARO:3003853|ADC-7	63	1160	1152	64	1215	126080	65	Different
204	gb|AY660529.1|+|121-676|ARO:3003676|AAC(6')-Ib'	77	577	555	78	632	104606	79	Different
205	gb|AY661885|+|48-909|ARO:3001088|SHV-30	16	822	861	17	877	1612535	18	Different
206	gb|AY750907|+|0-825|ARO:3001613|OXA-64	54149	54919	825	54150	54974	246080	54151	Different
207	gb|AY750908|+|0-825|ARO:3001614|OXA-65	54149	54919	825	54150	54974	246080	54151	Different
208	gb|AY750910|+|0-825|ARO:3001616|OXA-68	54149	54919	825	54150	54974	246080	54151	Different
209	gb|AY750912|+|0-825|ARO:3001618|OXA-70	54149	54919	825	54150	54974	246080	54151	Different
210	gb|AY750913|+|0-825|ARO:3001619|OXA-71	54149	54919	825	54150	54974	246080	54151	Different
211	gb|AY762325|+|115-937|ARO:3001785|OXA-73	80	847	822	81	902	254088	82	Different
212	gb|AY790341|+|0-861|ARO:3001114|SHV-59	16	822	861	17	877	1612535	18	Different
213	gb|AY795964|+|0-822|ARO:3001418|OXA-23	80	847	822	81	902	254088	82	Different
214	gb|AY826417|+|0-861|ARO:3001000|TEM-136	46	852	861	47	907	3478183	48	Different
215	gb|AY853593|+|214-1075|ARO:3001002|TEM-138	46	852	861	47	907	3478183	48	Different
216	gb|AY862132|+|0-825|ARO:3001645|OXA-78	54149	54919	825	54150	54974	246080	54151	Different
217	gb|AY874537|+|177-1038|ARO:3000883|TEM-11	46	852	861	47	907	3478183	48	Different
218	gb|AY949202|+|0-825|ARO:3001622|OXA-77	54149	54919	825	54150	54974	246080	54151	Different
219	gb|AY949203|+|0-825|ARO:3001621|OXA-76	54149	54919	825	54150	54974	246080	54151	Different
220	gb|AY956335|+|38-899|ARO:3001004|TEM-141	46	852	861	47	907	3478183	48	Different
221	gb|BX664015.1|-|103017-103833|ARO:3002641|APH(3')-Ia	120	879	816	121	936	211757, 43358576	122	Different
222	gb|CP000813.4|-|2349398-2350187|ARO:3004759|BPU-1	15235	15969	789	15236	16024	1848066	15237	Different
223	gb|CP001182.1|+|2873299-2874451|ARO:3003796|Acinetobacter_baumannii_AmpC_beta-lactamase	63	1160	1152	64	1215	126080	65	Different
224	gb|CP001633.1|-|630303-631167|ARO:3004801|FTU-1	3008,0	3596,274	864	3009	3651	542936	3010, 2	Different
225	gb|CP001921.1|+|2803996-2805148|ARO:3003870|ADC-31	63	1160	1152	64	1215	126080	65	Different
226	gb|CP003022|+|336788-337580|ARO:3003197|aadA25	10	747	792	11	802	104600	12	Different
227	gb|CP006845.1|+|539695-540745|ARO:3002814|clbA	1,0	304,426	1050	0	0	0	3, 2	Different
228	gb|CP010314.1|+|275837-276758|ARO:3004541|mphK	920,0,0	1224,321,224	921	281	1201	1173637	922, 2, 2	Different
229	gb|CP038661.1|+|6223618-6224407|ARO:3003643|OXA-486	19143	19877	789	19144	19932	237664	19145	Different
230	gb|CP045110.1|-|521271-522372|ARO:3005051|LpsB	116380	117426	1101	116381	117481	249398	116382	Different
231	gb|CU459141.1|+|2175316-2176141|ARO:3001617|OXA-69	54149	54919	825	54150	54974	246080	54151	Different
232	gb|CU468230.2|+|1959577-1960402|ARO:3001620|OXA-75	54149	54919	825	54150	54974	246080	54151	Different
233	gb|D16251.1|-|1625-2531|ARO:3000316|mphA	68,0	448,247	906	0	0	0	70, 2	Different
234	gb|DQ013287|+|0-861|ARO:3001124|SHV-70	16	822	861	17	877	1612535	18	Different
235	gb|DQ072853|+|0-861|ARO:3001003|TEM-139	46	852	861	47	907	3478183	48	Different
236	gb|DQ075245|+|217-1078|ARO:3001006|TEM-143	46	852	861	47	907	3478183	48	Different
237	gb|DQ105528|+|0-861|ARO:3001012|TEM-145	46	852	861	47	907	3478183	48	Different
238	gb|DQ105529|+|0-861|ARO:3001013|TEM-146	46	852	861	47	907	3478183	48	Different
239	gb|DQ149247|+|0-825|ARO:3001703|OXA-86	54149	54919	825	54150	54974	246080	54151	Different
240	gb|DQ174304|+|4-865|ARO:3001119|SHV-64	16	822	861	17	877	1612535	18	Different
241	gb|DQ174305|+|4-865|ARO:3001120|SHV-65	16	822	861	17	877	1612535	18	Different
242	gb|DQ174306|+|4-865|ARO:3001121|SHV-66	16	822	861	17	877	1612535	18	Different
243	gb|DQ174307|+|4-865|ARO:3001122|SHV-67	16	822	861	17	877	1612535	18	Different
244	gb|DQ174308|+|4-865|ARO:3001123|SHV-69	16	822	861	17	877	1612535	18	Different
245	gb|DQ193536|+|0-861|ARO:3001141|SHV-89	16	822	861	17	877	1612535	18	Different
246	gb|DQ241380.1|+|0-777|ARO:3002539|AAC(3)-IV	41	763	777	42	818	53827366	43	Different
247	gb|DQ279850|+|0-861|ARO:3001014|TEM-147	46	852	861	47	907	3478183	48	Different
248	gb|DQ286729|+|0-861|ARO:3000924|TEM-55	46	852	861	47	907	3478183	48	Different
249	gb|DQ303918|+|0-600|ARO:3002547|AAC(6')-Ib-cr	44	577	600	45	632	104606	46	Different
250	gb|DQ309276|+|0-825|ARO:3001624|OXA-84	54149	54919	825	54150	54974	246080	54151	Different
251	gb|DQ309277|+|0-825|ARO:3001623|OXA-83	54149	54919	825	54150	54974	246080	54151	Different
252	gb|DQ322460|+|15-876|ARO:3001139|SHV-85	16	822	861	17	877	1612535	18	Different
253	gb|DQ328802|+|0-861|ARO:3001140|SHV-86	16	822	861	17	877	1612535	18	Different
254	gb|DQ335566|+|0-825|ARO:3001632|OXA-92	54149	54919	825	54150	54974	246080	54151	Different
255	gb|DQ348075|+|0-825|ARO:3001704|OXA-87	54149	54919	825	54150	54974	246080	54151	Different
256	gb|DQ369751|+|0-861|ARO:3001016|TEM-149	46	852	861	47	907	3478183	48	Different
257	gb|DQ388882|+|0-861|ARO:3001005|TEM-142	46	852	861	47	907	3478183	48	Different
258	gb|DQ392963|+|8-833|ARO:3001626|OXA-88	54149	54919	825	54150	54974	246080	54151	Different
259	gb|DQ393783|+|1799-2591|ARO:3002615|aadA15	10	727	792	11	802	104600	12	Different
260	gb|DQ445683|+|0-825|ARO:3001625|OXA-89	54149	54919	825	54150	54974	246080	54151	Different
261	gb|DQ491200|+|0-825|ARO:3001437|OXA-67	54149	54919	825	54150	54974	246080	54151	Different
262	gb|DQ519086|+|1198-2023|ARO:3001627|OXA-91	54149	54919	825	54150	54974	246080	54151	Different
263	gb|DQ519087|+|38-863|ARO:3001628|OXA-93	54149	54919	825	54150	54974	246080	54151	Different
264	gb|DQ519088|+|8-833|ARO:3001629|OXA-94	54149	54919	825	54150	54974	246080	54151	Different
265	gb|DQ519089|+|8-833|ARO:3001630|OXA-95	54149	54919	825	54150	54974	246080	54151	Different
266	gb|DQ677333|+|0-780|ARO:3002621|aadA24	37	747	780	31	802	104600	39	Different
267	gb|DQ679961|+|114-975|ARO:3001021|TEM-155	46	852	861	47	907	3478183	48	Different
268	gb|DQ823382|+|0-1569|ARO:3002830|vgaALC	0	1045	1569	1	1100	240808	2	Different
269	gb|DQ834728|+|205-1066|ARO:3001019|TEM-152	46	852	861	47	907	3478183	48	Different
270	gb|DQ834729|+|205-1066|ARO:3001018|TEM-151	46	852	861	47	907	3478183	48	Different
271	gb|DQ836922|+|0-861|ARO:3001144|SHV-92	16	822	861	17	877	1612535	18	Different
272	gb|DQ839391.1|-|12872-13757|ARO:3003741|mphE	4740	5570	885	4741	5625	638787	4742	Different
273	gb|DQ883640.1|+|0-1167|ARO:3003855|ADC-10	63	1160	1167	64	1215	126080	65	Different
274	gb|DQ888718|+|0-825|ARO:3001649|OXA-99	54149	54919	825	54150	54974	246080	54151	Different
275	gb|DQ909059|+|0-861|ARO:3001023|TEM-157	46	852	861	47	907	3478183	48	Different
276	gb|EF016355.1|+|0-1152|ARO:3003868|ADC-25	63	1160	1152	64	1215	126080	65	Different
277	gb|EF016356.1|+|0-825|ARO:3001615|OXA-66	54149	54919	825	54150	54974	246080	54151	Different
278	gb|EF136376|+|0-861|ARO:3001025|TEM-159	46	852	861	47	907	3478183	48	Different
279	gb|EF136377|+|0-861|ARO:3001026|TEM-160	46	852	861	47	907	3478183	48	Different
280	gb|EF373969|+|0-861|ARO:3001145|SHV-93	16	822	861	17	877	1612535	18	Different
281	gb|EF373970|+|0-861|ARO:3001146|SHV-94	16	822	861	17	877	1612535	18	Different
282	gb|EF373971|+|0-861|ARO:3001148|SHV-96	16	822	861	17	877	1612535	18	Different
283	gb|EF373972|+|0-861|ARO:3001147|SHV-95	16	822	861	17	877	1612535	18	Different
284	gb|EF373973|+|0-861|ARO:3001149|SHV-97	16	822	861	17	877	1612535	18	Different
285	gb|EF468463|+|66-927|ARO:3001028|TEM-162	46	852	861	47	907	3478183	48	Different
286	gb|EF534736|+|213-1074|ARO:3001024|TEM-158	46	852	861	47	907	3478183	48	Different
287	gb|EF650032|+|0-825|ARO:3001637|OXA-106	54149	54919	825	54150	54974	246080	54151	Different
288	gb|EF650033|+|0-825|ARO:3001638|OXA-107	54149	54919	825	54150	54974	246080	54151	Different
289	gb|EF650034|+|0-825|ARO:3001639|OXA-108	54149	54919	825	54150	54974	246080	54151	Different
290	gb|EF650035|+|0-825|ARO:3001640|OXA-109	54149	54919	825	54150	54974	246080	54151	Different
291	gb|EF650036|+|0-825|ARO:3001641|OXA-110	54149	54919	825	54150	54974	246080	54151	Different
292	gb|EF650037|+|0-825|ARO:3001642|OXA-111	54149	54919	825	54150	54974	246080	54151	Different
293	gb|EF650038|+|0-825|ARO:3001643|OXA-112	54149	54919	825	54150	54974	246080	54151	Different
294	gb|EF653400|+|434-1259|ARO:3001644|OXA-113	54149	54919	825	54150	54974	246080	54151	Different
295	gb|EU019534|+|0-825|ARO:3001633|OXA-79	54149	54919	825	54150	54974	246080	54151	Different
296	gb|EU019535|+|0-825|ARO:3001634|OXA-80	54149	54919	825	54150	54974	246080	54151	Different
297	gb|EU019536|+|0-825|ARO:3001635|OXA-82	54149	54919	825	54150	54974	246080	54151	Different
298	gb|EU024485|+|0-861|ARO:3001151|SHV-102	16	822	861	17	877	1612535	18	Different
299	gb|EU029998|+|575-1400|ARO:3001440|OXA-115	54149	54919	825	54150	54974	246080	54151	Different
300	gb|EU032604|+|0-861|ARO:3001152|SHV-103	16	822	861	17	877	1612535	18	Different
301	gb|EU085533|+|0-519|ARO:3002591|AAC(6')-Ib-Suzhou	113	577	519	114	632	104606	115	Different
302	gb|EU155018|+|0-861|ARO:3001150|SHV-101	16	822	861	17	877	1612535	18	Different
303	gb|EU220744|+|0-786|ARO:3001441|OXA-116	54167	54894	786	54168	54953	246080	54169	Different
304	gb|EU255291.1|+|0-825|ARO:3001444|OXA-122	54149	54919	825	54150	54974	246080	54151	Different
305	gb|EU255292.1|+|0-825|ARO:3001445|OXA-123	54149	54919	825	54150	54974	246080	54151	Different
306	gb|EU255293.1|+|0-825|ARO:3001446|OXA-124	54149	54919	825	54150	54974	246080	54151	Different
307	gb|EU255294.1|+|0-825|ARO:3001447|OXA-125	54149	54919	825	54150	54974	246080	54151	Different
308	gb|EU255295.1|+|0-825|ARO:3001448|OXA-126	54149	54919	825	54150	54974	246080	54151	Different
309	gb|EU255296.1|+|0-825|ARO:3001449|OXA-127	54149	54919	825	54150	54974	246080	54151	Different
310	gb|EU274580|+|214-1075|ARO:3001030|TEM-164	46	852	861	47	907	3478183	48	Different
311	gb|EU274581|+|0-861|ARO:3001153|SHV-104	17	822	861	18	877	1612535	19	Different
312	gb|EU294228.1|+|21241-22717|ARO:3003109|msrE	3209	4630	1476	3210	4685	638787	3211	Different
313	gb|EU342351|+|172-1033|ARO:3001118|SHV-63	16	822	861	17	877	1612535	18	Different
314	gb|EU358785|+|720-1521|ARO:3001803|OXA-142	659	1405	801	660	1460	104604	661	Different
315	gb|EU375515|+|0-825|ARO:3001648|OXA-128	54149	54919	825	54150	54974	246080	54151	Different
316	gb|EU418913|+|16-877|ARO:3001158|SHV-109	16	822	861	17	877	1612535	18	Different
317	gb|EU547445|+|0-825|ARO:3001651|OXA-130	54149	54919	825	54150	54974	246080	54151	Different
318	gb|EU547446|+|0-825|ARO:3001652|OXA-131	54149	54919	825	54150	54974	246080	54151	Different
319	gb|EU547447|+|0-825|ARO:3001653|OXA-132	54149	54919	825	54150	54974	246080	54151	Different
320	gb|EU571228|+|822-1644|ARO:3001702|OXA-133	80	847	822	81	902	254088	82	Different
321	gb|EU586041|+|0-861|ARO:3001112|SHV-56	16	822	861	17	877	1612535	18	Different
322	gb|EU652244.1|+|0-1152|ARO:3003871|ADC-39	63	1160	1152	64	1215	126080	65	Different
323	gb|EU670845|+|1594-2419|ARO:3001655|OXA-138	54149	54919	825	54150	54974	246080	54151	Different
324	gb|EU815939|+|0-861|ARO:3001029|TEM-163	46	852	861	47	907	3478183	48	Different
325	gb|FJ194494|+|171-996|ARO:3001779|OXA-146	80	847	825	81	902	254088	82	Different
326	gb|FJ194944|+|46-907|ARO:3001154|SHV-105	16	822	861	17	877	1612535	18	Different
327	gb|FJ196385|-|8531-9323|ARO:3000413|sul3	233	970	792	234	1025	206563	235	Different
328	gb|FJ197316|+|0-861|ARO:3001032|TEM-166	46	852	861	47	907	3478183	48	Different
329	gb|FJ360884|+|213-1074|ARO:3001033|TEM-167	46	852	861	47	907	3478183	48	Different
330	gb|FJ405211|+|0-861|ARO:3000926|TEM-57	46	852	861	47	907	3478183	48	Different
331	gb|FJ460181|+|1790-2582|ARO:3002617|aadA17	10	727	792	11	802	104600	12	Different
332	gb|FJ503047|+|0-519|ARO:3002592|AAC(6')-Ib-Hangzhou	113	577	519	114	632	104606	115	Different
333	gb|FJ666064|+|0-1194|ARO:3002498|PDC-2	35513	36652	1194	35514	36707	232416	35515	Different
334	gb|FJ666065|+|0-1194|ARO:3002497|PDC-1	35513	36652	1194	35514	36707	232416	35515	Different
335	gb|FJ666066|+|0-1194|ARO:3002500|PDC-3	35513	36652	1194	35514	36707	232416	35515	Different
336	gb|FJ666067|+|0-1194|ARO:3002501|PDC-4	35513	36652	1194	35514	36707	232416	35515	Different
337	gb|FJ666068|+|0-1194|ARO:3002502|PDC-5	35513	36652	1194	35514	36707	232416	35515	Different
338	gb|FJ666069|+|0-1194|ARO:3002505|PDC-6	35513	36652	1194	35514	36707	232416	35515	Different
339	gb|FJ666070|+|0-1194|ARO:3002506|PDC-7	35513	36652	1194	35514	36707	232416	35515	Different
340	gb|FJ666071|+|0-1194|ARO:3002507|PDC-8	35513	36652	1194	35514	36707	232416	35515	Different
341	gb|FJ666072|+|0-1194|ARO:3002508|PDC-9	35513	36652	1194	35514	36707	232416	35515	Different
342	gb|FJ666073|+|0-1194|ARO:3002509|PDC-10	35513	36652	1194	35514	36707	232416	35515	Different
343	gb|FJ668814|+|76-937|ARO:3001059|SHV-1	16	822	861	17	877	1612535	18	Different
344	gb|FJ790516|+|1287-2085|ARO:3001804|OXA-145	659	1405	798	660	1460	104604	661	Different
345	gb|FJ807656|+|0-861|ARO:3001020|TEM-154	46	852	861	47	907	3478183	48	Different
346	gb|FJ848783|+|1270-2071|ARO:3001801|OXA-147	659	1405	801	660	1460	104604	661	Different
347	gb|FJ854362|+|1702-2257|ARO:3002576|AAC(6')-Ib3	77	577	555	78	632	104606	79	Different
348	gb|FJ872530|+|0-825|ARO:3002480|OXA-144	54149	54919	825	54150	54974	246080	54151	Different
349	gb|FJ873740|+|0-858|ARO:3001035|TEM-169	46	849	858	47	904	3478183	48	Different
350	gb|FJ905898.1|+|328-802|ARO:3004547|dfrA6	7	426	474	8	481	54829473	9	Different
351	gb|FJ919776|+|208-1069|ARO:3001034|TEM-168	46	852	861	47	907	3478183	48	Different
352	gb|FN594949|+|25244-27167|ARO:3000556|tet44	1263	3131	1923	1264	3186	1758066	1265	Different
353	gb|FN649414.1|+|2765050-2766355|ARO:3004611|Escherichia_coli_ampC1_beta-lactamase	413	1663	1305	414	1718	2924723	415	Different
354	gb|FN652295|+|0-861|ARO:3001042|TEM-177	46	852	861	47	907	3478183	48	Different
355	gb|FO203501.1|+|5123640-5125365|ARO:3005047|eptB	7394,0	8579,537	1725	7395	8634	1604265	7396, 2	Different
356	gb|FO834906.1|+|304977-306633|ARO:3005053|ArnT	684	2285	1656	685	2340	1839648	686	Different
357	gb|FR717535|+|0-861|ARO:3000910|TEM-40	46	852	861	47	907	3478183	48	Different
358	gb|FR848831|+|0-861|ARO:3001375|TEM-184	46	852	861	47	907	3478183	48	Different
359	gb|FR853176|+|0-825|ARO:3001486|OXA-208	54149	54919	825	54150	54974	246080	54151	Different
360	gb|FR865168|+|0-825|ARO:3001488|OXA-216	54149	54919	825	54150	54974	246080	54151	Different
361	gb|GQ149347|+|5269-6130|ARO:3001037|TEM-171	46	852	861	47	907	3478183	48	Different
362	gb|GQ390805|+|0-813|ARO:3001170|SHV-123	16	774	813	17	829	1612535	18	Different
363	gb|GQ390806|+|0-813|ARO:3001171|SHV-124	16	774	813	17	829	1612535	18	Different
364	gb|GQ390807|+|0-813|ARO:3001172|SHV-125	16	774	813	17	829	1612535	18	Different
365	gb|GQ390808|+|0-813|ARO:3001173|SHV-126	16	774	813	17	829	1612535	18	Different
366	gb|GQ390809|+|0-813|ARO:3001174|SHV-127	16	774	813	17	829	1612535	18	Different
367	gb|GQ423625.1|+|0-825|ARO:3001442|OXA-117	54149	54919	825	54150	54974	246080	54151	Different
368	gb|GQ853679|+|0-825|ARO:3001453|OXA-148	54149	54919	825	54150	54974	246080	54151	Different
369	gb|GQ853680|+|0-825|ARO:3001454|OXA-149	54149	54919	825	54150	54974	246080	54151	Different
370	gb|GQ853681|+|0-825|ARO:3001455|OXA-150	54149	54919	825	54150	54974	246080	54151	Different
371	gb|GQ891757|+|2004-2661|ARO:3002801|QnrVC4	292	894	657	293	949	53070132	294	Different
372	gb|GU371926|-|50304-51165|ARO:3000903|TEM-33	46	852	861	47	907	3478183	48	Different
373	gb|GU437214.1|+|0-774|ARO:3000858|armA	137	856	774	138	911	638787	139	Different
374	gb|GU550123|+|144-1005|ARO:3001041|TEM-176	46	852	861	47	907	3478183	48	Different
375	gb|GU591983.1|+|0-1152|ARO:3004615|ADC-11	63	1160	1152	64	1215	126080	65	Different
376	gb|GU827715|+|0-861|ARO:3001176|SHV-129	16	822	861	17	877	1612535	18	Different
377	gb|GU932590|+|0-861|ARO:3001175|SHV-128	16	822	861	17	877	1612535	18	Different
378	gb|HE616889|+|1826-2627|ARO:3001502|OXA-256	659	1405	801	660	1460	104604	661	Different
379	gb|HE963768|+|0-825|ARO:3001672|OXA-120	54149	54919	825	54150	54974	246080	54151	Different
380	gb|HE963769|+|0-825|ARO:3001673|OXA-248	54149	54919	825	54150	54974	246080	54151	Different
381	gb|HE963770|+|0-825|ARO:3001674|OXA-249	54149	54919	825	54150	54974	246080	54151	Different
382	gb|HE963771|+|0-825|ARO:3001675|OXA-250	54149	54919	825	54150	54974	246080	54151	Different
383	gb|HE981194|+|0-861|ARO:3001347|SHV-164	16	822	861	17	877	1612535	18	Different
384	gb|HF947514|+|0-825|ARO:3001504|OXA-309	156	929	825	157	984	5350482	158	Different
385	gb|HG931732.1|+|0-825|ARO:3001559|OXA-373	156	929	825	157	984	5350482	158	Different
386	gb|HG934763|+|0-861|ARO:3001394|TEM-217	46	852	861	47	907	3478183	48	Different
387	gb|HG934764|+|0-864|ARO:3001351|SHV-183	16	822	864	17	877	1612535	18	Different
388	gb|HM113558|+|0-825|ARO:3001656|OXA-172	54149	54919	825	54150	54974	246080	54151	Different
389	gb|HM113559|+|0-825|ARO:3001657|OXA-173	54149	54919	825	54150	54974	246080	54151	Different
390	gb|HM113560|+|0-825|ARO:3001658|OXA-174	54149	54919	825	54150	54974	246080	54151	Different
391	gb|HM113561|+|0-825|ARO:3001659|OXA-175	54149	54919	825	54150	54974	246080	54151	Different
392	gb|HM113562|+|0-825|ARO:3001660|OXA-176	54149	54919	825	54150	54974	246080	54151	Different
393	gb|HM113563|+|0-825|ARO:3001661|OXA-177	54149	54919	825	54150	54974	246080	54151	Different
394	gb|HM113564|+|0-825|ARO:3001472|OXA-178	54149	54919	825	54150	54974	246080	54151	Different
395	gb|HM246246|+|211-1069|ARO:3001047|TEM-187	46	848	858	47	904	3478183	48	Different
396	gb|HM488986|+|0-822|ARO:3001465|OXA-165	80	847	822	81	902	254088	82	Different
397	gb|HM488987|+|0-822|ARO:3001466|OXA-166	80	847	822	81	902	254088	82	Different
398	gb|HM488988|+|0-822|ARO:3001467|OXA-167	80	847	822	81	902	254088	82	Different
399	gb|HM488989|+|0-822|ARO:3001468|OXA-168	80	847	822	81	902	254088	82	Different
400	gb|HM488990|+|0-822|ARO:3001469|OXA-169	80	847	822	81	902	254088	82	Different
401	gb|HM488991|+|0-822|ARO:3001470|OXA-170	80	847	822	81	902	254088	82	Different
402	gb|HM488992|+|0-822|ARO:3001471|OXA-171	80	847	822	81	902	254088	82	Different
403	gb|HM559945|+|0-861|ARO:3001178|SHV-134	16	822	861	17	877	1612535	18	Different
404	gb|HM570035|+|0-825|ARO:3001473|OXA-179	54149	54919	825	54150	54974	246080	54151	Different
405	gb|HM570036|+|0-825|ARO:3001474|OXA-180	54149	54919	825	54150	54974	246080	54151	Different
406	gb|HM751100|+|0-861|ARO:3001157|SHV-108	16	822	861	17	877	1612535	18	Different
407	gb|HM751103.1|+|0-864|ARO:3001169|SHV-122	16	822	864	17	877	1612535	18	Different
408	gb|HQ111474|+|1056-1857|ARO:3001475|OXA-183	659	1405	801	660	1460	104604	661	Different
409	gb|HQ317449|+|0-861|ARO:3001373|TEM-182	46	852	861	47	907	3478183	48	Different
410	gb|HQ425492|+|0-822|ARO:3001479|OXA-194	54149	54916	822	54150	54971	246080	54151	Different
411	gb|HQ425493|+|0-822|ARO:3001480|OXA-195	54149	54916	822	54150	54971	246080	54151	Different
412	gb|HQ425494|+|0-822|ARO:3001481|OXA-196	54149	54916	822	54150	54971	246080	54151	Different
413	gb|HQ425495|+|0-822|ARO:3001482|OXA-197	54149	54916	822	54150	54971	246080	54151	Different
414	gb|HQ529916|+|110-971|ARO:3001045|TEM-183	46	852	861	47	907	3478183	48	Different
415	gb|HQ637576|+|0-861|ARO:3001179|SHV-135	16	822	861	17	877	1612535	18	Different
416	gb|HQ661362|+|71-932|ARO:3001168|SHV-121	16	822	861	17	877	1612535	18	Different
417	gb|HQ661363|+|71-932|ARO:3001181|SHV-137	16	822	861	17	877	1612535	18	Different
418	gb|HQ662682.1|+|0-1152|ARO:3003878|ADC-56	63	1160	1152	64	1215	126080	65	Different
419	gb|HQ734811|+|0-825|ARO:3001665|OXA-200	54149	54919	825	54150	54974	246080	54151	Different
420	gb|HQ734812|+|0-825|ARO:3001666|OXA-201	54149	54919	825	54150	54974	246080	54151	Different
421	gb|HQ734813|+|0-825|ARO:3001667|OXA-202	54149	54919	825	54150	54974	246080	54151	Different
422	gb|HQ845196|+|0-861|ARO:3001109|SHV-52	16	822	861	17	877	1612535	18	Different
423	gb|HQ877606|+|0-861|ARO:3001056|TEM-197	46	852	861	47	907	3478183	48	Different
424	gb|HQ877615|+|0-861|ARO:3001159|SHV-110	16	822	861	17	877	1612535	18	Different
425	gb|HQ998857|+|0-825|ARO:3001664|OXA-203	54149	54919	825	54150	54974	246080	54151	Different
426	gb|JCMW02000002.1|-|55721-56522|ARO:3004489|OXA-663	659	1405	801	660	1460	104604	661	Different
427	gb|JEXY01000001.1|+|379-1531|ARO:3003888|ADC-82	63	1160	1152	64	1215	126080	65	Different
428	gb|JF265068.1|+|954-2106|ARO:3004617|ADC-30	63	1160	1152	64	1215	126080	65	Different
429	gb|JF795538|+|0-861|ARO:3001374|TEM-185	46	852	861	47	907	3478183	48	Different
430	gb|JF812965|+|0-861|ARO:3001167|SHV-120	16	822	861	17	877	1612535	18	Different
431	gb|JF949915|+|0-754|ARO:3001052|TEM-192	76	774	753	77	829	3478183	78	Different
432	gb|JF969163|+|1053-1893|ARO:3000410|sul1	1306	2091	840	1307	2146	104600	1308	Different
433	gb|JN051143|+|0-861|ARO:3001182|SHV-140	18	822	861	19	877	1612535	20	Different
434	gb|JN118546|+|1761-2562|ARO:3001500|OXA-251	659	1405	801	660	1460	104604	661	Different
435	gb|JN211012|+|213-1074|ARO:3001048|TEM-188	46	852	861	47	907	3478183	48	Different
436	gb|JN215211|+|0-825|ARO:3001668|OXA-219	54149	54919	825	54150	54974	246080	54151	Different
437	gb|JN227084|+|308-1169|ARO:3001046|TEM-186	46	852	861	47	907	3478183	48	Different
438	gb|JN248564|+|0-825|ARO:3001669|OXA-223	54149	54919	825	54150	54974	246080	54151	Different
439	gb|JN254627|+|0-861|ARO:3001049|TEM-189	46	852	861	47	907	3478183	48	Different
440	gb|JN408080|+|0-657|ARO:3002802|QnrVC5	292	894	657	293	949	53070132	294	Different
441	gb|JN416112|+|0-861|ARO:3001050|TEM-190	46	852	861	47	907	3478183	48	Different
442	gb|JN603240|+|0-825|ARO:3001489|OXA-217	54149	54919	825	54150	54974	246080	54151	Different
443	gb|JN638887|+|0-822|ARO:3001493|OXA-225	80	847	822	81	902	254088	82	Different
444	gb|JN861779|+|0-825|ARO:3001710|OXA-211	156	929	825	157	984	5350482	158	Different
445	gb|JN861780|+|0-825|ARO:3001711|OXA-212	156	929	825	157	984	5350482	158	Different
446	gb|JN935135|+|0-861|ARO:3001053|TEM-193	46	852	861	47	907	3478183	48	Different
447	gb|JN935136|+|0-861|ARO:3001054|TEM-194	46	852	861	47	907	3478183	48	Different
448	gb|JN935137|+|0-861|ARO:3001055|TEM-195	46	852	861	47	907	3478183	48	Different
449	gb|JQ029959|+|28-889|ARO:3001184|SHV-142	16	822	861	17	877	1612535	18	Different
450	gb|JQ034306|+|0-861|ARO:3001376|TEM-196	46	852	861	47	907	3478183	48	Different
451	gb|JQ319653.1|+|0-1152|ARO:3004618|ADC-58	63	1160	1152	64	1215	126080	65	Different
452	gb|JQ319654.1|+|0-1152|ARO:3004619|ADC-59	63	1160	1152	64	1215	126080	65	Different
453	gb|JQ340365|+|0-1434|ARO:3003583|basS	8468	9837	1434	8459	9892	239113	8470	Different
454	gb|JQ341060.1|-|881-1742|ARO:3001344|SHV-143	16	822	861	17	877	1612535	18	Different
455	gb|JQ388884|+|0-861|ARO:3001183|SHV-141	16	822	861	17	877	1612535	18	Different
456	gb|JQ692087.1|+|0-1152|ARO:3004620|ADC-60	63	1160	1152	64	1215	126080	65	Different
457	gb|JQ753702.1|+|0-1152|ARO:3003879|ADC-61	63	1160	1152	64	1215	126080	65	Different
458	gb|JQ808129|+|633-1188|ARO:3002546|AAC(6')-Ib	77	577	555	78	632	104606	79	Different
459	gb|JQ837239|+|0-822|ARO:3001498|OXA-239	80	847	822	81	902	254088	82	Different
460	gb|JQ867374.1|+|0-1152|ARO:3004632|ADC-62	63	1160	1152	64	1215	126080	65	Different
461	gb|JQ926986|+|0-861|ARO:3001345|SHV-144	16	822	861	17	877	1612535	18	Different
462	gb|JX013655|+|0-861|ARO:3001185|SHV-145	16	822	861	17	877	1612535	18	Different
463	gb|JX025021|+|0-825|ARO:3001679|OXA-241	54149	54919	825	54150	54974	246080	54151	Different
464	gb|JX025022|+|0-825|ARO:3001680|OXA-242	54149	54919	825	54150	54974	246080	54151	Different
465	gb|JX042489|+|141-1002|ARO:3000890|TEM-19	46	852	861	47	907	3478183	48	Different
466	gb|JX089628|+|0-801|ARO:3001499|OXA-240	659	1405	801	660	1460	104604	661	Different
467	gb|JX121114|+|0-858|ARO:3001186|SHV-147	16	819	858	17	874	1612535	18	Different
468	gb|JX121115|+|0-858|ARO:3001187|SHV-148	16	817	858	17	874	1612535	18	Different
469	gb|JX121116|+|0-858|ARO:3001188|SHV-149	16	819	858	17	874	1612535	18	Different
470	gb|JX121117|+|0-858|ARO:3001189|SHV-150	16	819	858	17	874	1612535	18	Different
471	gb|JX121118|+|0-858|ARO:3001190|SHV-151	16	819	858	17	874	1612535	18	Different
472	gb|JX121119|+|0-858|ARO:3001191|SHV-152	16	819	858	17	874	1612535	18	Different
473	gb|JX121120|+|0-858|ARO:3001192|SHV-153	16	819	858	17	874	1612535	18	Different
474	gb|JX121121|+|0-858|ARO:3001193|SHV-154	16	819	858	17	874	1612535	18	Different
475	gb|JX121122|+|0-858|ARO:3001194|SHV-155	16	817	858	17	874	1612535	18	Different
476	gb|JX121123|+|0-861|ARO:3001195|SHV-156	16	822	861	17	877	1612535	18	Different
477	gb|JX121124|+|0-861|ARO:3001196|SHV-157	16	822	861	17	877	1612535	18	Different
478	gb|JX121125|+|0-858|ARO:3001197|SHV-158	16	819	858	17	874	1612535	18	Different
479	gb|JX121126|+|0-858|ARO:3001198|SHV-159	16	819	858	17	874	1612535	18	Different
480	gb|JX121127|+|0-861|ARO:3001199|SHV-160	16	822	861	17	877	1612535	18	Different
481	gb|JX121128|+|0-861|ARO:3001200|SHV-161	16	822	861	17	877	1612535	18	Different
482	gb|JX121129|+|0-858|ARO:3001201|SHV-162	16	819	858	17	874	1612535	18	Different
483	gb|JX121130|+|0-858|ARO:3001202|SHV-163	16	817	858	17	874	1612535	18	Different
484	gb|JX121131|+|0-858|ARO:3001203|SHV-165	16	819	858	17	874	1612535	18	Different
485	gb|JX169789.1|+|0-1152|ARO:3004633|ADC-67	63	1160	1152	64	1215	126080	65	Different
486	gb|JX268631|+|0-861|ARO:3001091|SHV-33	16	822	861	17	877	1612535	18	Different
487	gb|JX310327|+|0-861|ARO:3001378|TEM-201	46	852	861	47	907	3478183	48	Different
488	gb|JX865394.1|+|0-825|ARO:3003597|OXA-441	54149	54919	825	54150	54974	246080	54151	Different
489	gb|JX870080|+|0-861|ARO:3001352|SHV-168	16	822	861	17	877	1612535	18	Different
490	gb|K00544|+|0-663|ARO:3002672|Bacillus_pumilus_cat86	2119	2726	663	2120	2781	1262438	2121	Different
491	gb|KC149518|+|0-861|ARO:3001369|TEM-153	46	852	861	47	907	3478183	48	Different
492	gb|KC292503|+|4334-5195|ARO:3000904|TEM-34	46	852	861	47	907	3478183	48	Different
493	gb|KC783461|+|0-861|ARO:3001383|TEM-206	46	852	861	47	907	3478183	48	Different
494	gb|KC818234|+|0-861|ARO:3001384|TEM-207	46	852	861	47	907	3478183	48	Different
495	gb|KC865667|+|183-1044|ARO:3001385|TEM-208	46	852	861	47	907	3478183	48	Different
496	gb|KC866352.1|+|0-1152|ARO:3004493|ADC-68	63	1160	1152	64	1215	126080	65	Different
497	gb|KC900516|+|0-858|ARO:3001382|TEM-205	46	849	858	47	904	3478183	48	Different
498	gb|KF048907.1|+|0-825|ARO:3001524|OXA-336	54149	54919	825	54150	54974	246080	54151	Different
499	gb|KF048909|+|0-825|ARO:3001526|OXA-338	54149	54919	825	54150	54974	246080	54151	Different
500	gb|KF048911.1|+|0-825|ARO:3001527|OXA-339	54149	54919	825	54150	54974	246080	54151	Different
501	gb|KF048913.1|+|0-825|ARO:3001529|OXA-341	54149	54919	825	54150	54974	246080	54151	Different
502	gb|KF048915.1|+|0-825|ARO:3001530|OXA-342	54149	54919	825	54150	54974	246080	54151	Different
503	gb|KF048917.1|+|0-825|ARO:3001532|OXA-344	54149	54919	825	54150	54974	246080	54151	Different
504	gb|KF048918.1|+|0-825|ARO:3001533|OXA-345	54149	54919	825	54150	54974	246080	54151	Different
505	gb|KF048919.1|+|0-825|ARO:3001534|OXA-346	54149	54919	825	54150	54974	246080	54151	Different
506	gb|KF057027|+|0-825|ARO:3001443|OXA-121	54149	54919	825	54150	54974	246080	54151	Different
507	gb|KF057029|+|0-825|ARO:3001683|OXA-312	54149	54919	825	54150	54974	246080	54151	Different
508	gb|KF057030|+|0-825|ARO:3001684|OXA-313	54149	54919	825	54150	54974	246080	54151	Different
509	gb|KF057031|+|0-825|ARO:3001685|OXA-314	54149	54919	825	54150	54974	246080	54151	Different
510	gb|KF057032|+|0-825|ARO:3001686|OXA-315	54149	54919	825	54150	54974	246080	54151	Different
511	gb|KF057033|+|0-825|ARO:3001687|OXA-316	54149	54919	825	54150	54974	246080	54151	Different
512	gb|KF057034|+|0-825|ARO:3001688|OXA-317	54149	54919	825	54150	54974	246080	54151	Different
513	gb|KF203108|+|0-825|ARO:3001522|OXA-334	156	929	825	157	984	5350482	158	Different
514	gb|KF240808|+|0-861|ARO:3001386|TEM-209	46	852	861	47	907	3478183	48	Different
515	gb|KF305666.1|+|0-825|ARO:3001715|OXA-259	54149	54919	825	54150	54974	246080	54151	Different
516	gb|KF513177|+|0-861|ARO:3001356|SHV-172	16	822	861	17	877	1612535	18	Different
517	gb|KF513178|+|0-861|ARO:3001357|SHV-173	16	822	861	17	877	1612535	18	Different
518	gb|KF513179|+|0-861|ARO:3001388|TEM-211	46	852	861	47	907	3478183	48	Different
519	gb|KF663615|+|0-858|ARO:3001390|TEM-213	46	849	858	47	904	3478183	48	Different
520	gb|KF705208|+|0-861|ARO:3001362|SHV-179	16	822	861	17	877	1612535	18	Different
521	gb|KF705209|+|0-861|ARO:3001361|SHV-178	16	822	861	17	877	1612535	18	Different
522	gb|KF711993|+|0-801|ARO:3001807|OXA-246	659	1405	801	660	1460	104604	661	Different
523	gb|KF885217|+|0-825|ARO:3001552|OXA-365	54149	54919	825	54150	54974	246080	54151	Different
524	gb|KF944358|+|0-861|ARO:3001393|TEM-216	46	852	861	47	907	3478183	48	Different
525	gb|KF986253|-|15-840|ARO:3001571|OXA-385	54149	54919	825	54150	54974	246080	54151	Different
526	gb|KF986254|-|34-859|ARO:3001572|OXA-386	54149	54919	825	54150	54974	246080	54151	Different
527	gb|KF986255|+|16-841|ARO:3001560|OXA-374	54149	54919	825	54150	54974	246080	54151	Different
528	gb|KF986256.1|-|40-865|ARO:3001561|OXA-375	54149	54919	825	54150	54974	246080	54151	Different
529	gb|KF986257|+|20-845|ARO:3001562|OXA-376	54149	54919	825	54150	54974	246080	54151	Different
530	gb|KF986258|+|14-839|ARO:3001563|OXA-377	54149	54919	825	54150	54974	246080	54151	Different
531	gb|KF986259.1|-|16-841|ARO:3001564|OXA-378	54149	54919	825	54150	54974	246080	54151	Different
532	gb|KF986260|+|20-845|ARO:3001565|OXA-379	54149	54919	825	54150	54974	246080	54151	Different
533	gb|KF986261|-|44-869|ARO:3001566|OXA-380	54149	54919	825	54150	54974	246080	54151	Different
534	gb|KF986262.1|-|27-852|ARO:3001569|OXA-383	54149	54919	825	54150	54974	246080	54151	Different
535	gb|KF986263.1|-|90-915|ARO:3001570|OXA-384	54149	54919	825	54150	54974	246080	54151	Different
536	gb|KJ135342.1|-|48-873|ARO:3001576|OXA-390	54149	54919	825	54150	54974	246080	54151	Different
537	gb|KJ135343|+|14-839|ARO:3001574|OXA-388	54149	54919	825	54150	54974	246080	54151	Different
538	gb|KJ135344|+|14-839|ARO:3001567|OXA-381	54149	54919	825	54150	54974	246080	54151	Different
539	gb|KJ135345|+|14-839|ARO:3001568|OXA-382	54149	54919	825	54150	54974	246080	54151	Different
540	gb|KJ135346|+|14-839|ARO:3001575|OXA-389	54149	54919	825	54150	54974	246080	54151	Different
541	gb|KJ173478|+|0-825|ARO:3001573|OXA-387	54149	54919	825	54150	54974	246080	54151	Different
542	gb|KJ420612.1|+|1821-2622|ARO:3001409|OXA-14	659	1405	801	660	1460	104604	661	Different
543	gb|KJ427797|+|0-825|ARO:3001577|OXA-391	54149	54919	825	54150	54974	246080	54151	Different
544	gb|KJ584914.1|+|0-825|ARO:3001605|OXA-414	54149	54919	825	54150	54974	246080	54151	Different
545	gb|KJ584915.1|+|0-825|ARO:3001597|OXA-406	54149	54919	825	54150	54974	246080	54151	Different
546	gb|KJ584916.1|+|0-825|ARO:3001598|OXA-407	54149	54919	825	54150	54974	246080	54151	Different
547	gb|KJ584917.1|+|0-825|ARO:3001599|OXA-408	54149	54919	825	54150	54974	246080	54151	Different
548	gb|KJ584918.1|+|0-828|ARO:3001600|OXA-409	54149	54919	828	54150	54974	246080	54151	Different
549	gb|KJ584920.1|+|0-825|ARO:3001602|OXA-411	54149	54919	825	54150	54974	246080	54151	Different
550	gb|KJ584921.1|+|0-825|ARO:3001603|OXA-412	54149	54919	825	54150	54974	246080	54151	Different
551	gb|KJ584922.1|+|0-825|ARO:3001604|OXA-413	54149	54919	825	54150	54974	246080	54151	Different
552	gb|KJ657570|+|0-801|ARO:3001495|OXA-233	659	1405	801	660	1460	104604	661	Different
553	gb|KJ776406|+|16-877|ARO:3001340|SHV-119	16	822	861	17	877	1612535	18	Different
554	gb|KJ780076.1|+|0-825|ARO:3001587|OXA-401	54149	54919	825	54150	54974	246080	54151	Different
555	gb|KJ780077.1|+|0-825|ARO:3001588|OXA-402	54149	54919	825	54150	54974	246080	54151	Different
556	gb|KJ780078.1|+|0-825|ARO:3001586|OXA-400	54149	54919	825	54150	54974	246080	54151	Different
557	gb|KJ920337.1|+|0-825|ARO:3001589|OXA-403	54149	54919	825	54150	54974	246080	54151	Different
558	gb|KJ920338.1|+|0-825|ARO:3001595|OXA-404	54149	54919	825	54150	54974	246080	54151	Different
559	gb|KJ949070.1|+|0-1215|ARO:3005039|PDC-55	35513	36681	1215	35514	36736	232416	35515	Different
560	gb|KJ949080.1|+|0-1194|ARO:3005038|PDC-65	35513	36652	1194	35514	36707	232416	35515	Different
561	gb|KM087842|+|0-822|ARO:3001584|OXA-398	80	847	822	81	902	254088	82	Different
562	gb|KM114268|+|0-861|ARO:3003157|TEM-219	46	852	861	47	907	3478183	48	Different
563	gb|KM233164|+|0-861|ARO:3003152|SHV-185	16	822	861	17	877	1612535	18	Different
564	gb|KM233165|+|0-861|ARO:3003153|SHV-186	16	822	861	17	877	1612535	18	Different
565	gb|KM433671|+|0-822|ARO:3003160|OXA-422	80	847	822	81	902	254088	82	Different
566	gb|KM433672|+|0-822|ARO:3003161|OXA-423	80	847	822	81	902	254088	82	Different
567	gb|KM555152|+|0-657|ARO:3003193|QnrVC7	292	894	657	293	949	53070132	294	Different
568	gb|KM588352|+|0-825|ARO:3003147|OXA-424	54149	54919	825	54150	54974	246080	54151	Different
569	gb|KM588353|+|0-825|ARO:3003148|OXA-425	54149	54919	825	54150	54974	246080	54151	Different
570	gb|KM588354|+|0-825|ARO:3003149|OXA-426	54149	54919	825	54150	54974	246080	54151	Different
571	gb|KM979376.1|+|20-845|ARO:3003120|OXA-429	54149	54919	825	54150	54974	246080	54151	Different
572	gb|KM979378.1|+|14-839|ARO:3003124|OXA-431	54149	54919	825	54150	54974	246080	54151	Different
573	gb|KM979379.1|+|14-839|ARO:3003125|OXA-432	54149	54919	825	54150	54974	246080	54151	Different
574	gb|KM979380.1|+|25-850|ARO:3003126|OXA-433	54149	54919	825	54150	54974	246080	54151	Different
575	gb|KM998962.1|+|0-861|ARO:3003158|TEM-220	46	852	861	47	907	3478183	48	Different
576	gb|KP050485|+|0-822|ARO:3001553|OXA-366	80	847	822	81	902	254088	82	Different
577	gb|KP050487.1|+|0-861|ARO:3001350|SHV-180	16	822	861	17	877	1612535	18	Different
578	gb|KP050489|+|0-861|ARO:3001364|SHV-182	16	822	861	17	877	1612535	18	Different
579	gb|KP050491|+|0-861|ARO:3001391|TEM-214	46	852	861	47	907	3478183	48	Different
580	gb|KP050492|+|0-861|ARO:3001392|TEM-215	46	852	861	47	907	3478183	48	Different
581	gb|KP050494|+|0-861|ARO:3003156|SHV-189	16	822	861	17	877	1612535	18	Different
582	gb|KP143090.1|-|1199-1619|ARO:3003209|FosA5	929	1286	420	930	1349	29844	931	Different
583	gb|KP144324|+|0-822|ARO:3003162|OXA-435	80	847	822	81	902	254088	82	Different
584	gb|KP264124.1|+|76-898|ARO:3003639|OXA-482	80	847	822	81	902	254088	82	Different
585	gb|KP264125.1|+|83-905|ARO:3003640|OXA-483	80	847	822	81	902	254088	82	Different
586	gb|KP727574.1|+|0-822|ARO:3003596|OXA-440	80	847	822	81	902	254088	82	Different
587	gb|KP844571.1|+|0-825|ARO:3003598|OXA-442	54149	54919	825	54150	54974	246080	54151	Different
588	gb|KP881233.1|+|0-1152|ARO:3004634|ADC-73	63	1160	1152	64	1215	126080	65	Different
589	gb|KP881234.1|+|0-1152|ARO:3003880|ADC-74	63	1160	1152	64	1215	126080	65	Different
590	gb|KP881235.1|+|0-1152|ARO:3003881|ADC-75	63	1160	1152	64	1215	126080	65	Different
591	gb|KP881236.1|+|0-1152|ARO:3003882|ADC-76	63	1160	1152	64	1215	126080	65	Different
592	gb|KP881237.1|+|53-1205|ARO:3003883|ADC-77	63	1160	1152	64	1215	126080	65	Different
593	gb|KP881238.1|+|0-1152|ARO:3003884|ADC-78	63	1160	1152	64	1215	126080	65	Different
594	gb|KP881239.1|+|0-1152|ARO:3003885|ADC-79	68	1160	1152	64	1215	126080	70	Different
595	gb|KP881241.1|+|0-1167|ARO:3003887|ADC-81	63	1160	1167	64	1215	126080	65	Different
596	gb|KR057742.1|+|0-1116|ARO:3004336|PDC-73	35594	36652	1116	35595	36707	232416	35596	Different
597	gb|KR057744.1|+|0-1116|ARO:3004338|PDC-75	35594	36652	1116	35595	36707	232416	35596	Different
598	gb|KR057745.1|+|0-1116|ARO:3004339|PDC-76	35594	36652	1116	35595	36707	232416	35596	Different
599	gb|KR057746.1|+|0-1116|ARO:3004340|PDC-77	35594	36652	1116	35595	36707	232416	35596	Different
600	gb|KR057747.1|+|0-1116|ARO:3004341|PDC-78	35594	36652	1116	35595	36707	232416	35596	Different
601	gb|KR057748.1|+|0-1116|ARO:3004342|PDC-79	35594	36652	1116	35595	36707	232416	35596	Different
602	gb|KR057750.1|+|0-1116|ARO:3004344|PDC-81	35594	36652	1116	35595	36707	232416	35596	Different
603	gb|KR057751.1|+|0-1116|ARO:3004345|PDC-82	35594	36652	1116	35595	36707	232416	35596	Different
604	gb|KR057752.1|+|0-1116|ARO:3004346|PDC-83	35594	36652	1116	35595	36707	232416	35596	Different
605	gb|KR057753.1|+|0-1116|ARO:3004347|PDC-84	35594	36652	1116	35595	36707	232416	35596	Different
606	gb|KR057754.1|+|0-1116|ARO:3004348|PDC-85	35594	36652	1116	35595	36707	232416	35596	Different
607	gb|KR057756.1|+|0-1116|ARO:3004350|PDC-87	35591	36652	1116	35592	36707	232416	35593	Different
608	gb|KR057757.1|+|0-1110|ARO:3004351|PDC-88	35591	36652	1110	35592	36707	232416	35593	Different
609	gb|KR057758.1|+|0-1107|ARO:3004352|PDC-89	35591	36652	1107	35592	36707	232416	35593	Different
610	gb|KR057759.1|+|0-1107|ARO:3004353|PDC-90	35591	36652	1107	35592	36707	232416	35593	Different
611	gb|KR057760.1|+|0-1104|ARO:3004354|PDC-91	35591	36652	1104	35592	36707	232416	35593	Different
612	gb|KR057761.1|+|0-1110|ARO:3004355|PDC-92	35591	36652	1110	35592	36707	232416	35593	Different
613	gb|KR057762.1|+|0-1116|ARO:3004356|PDC-93	35591	36652	1116	35592	36707	232416	35593	Different
614	gb|KR091911.1|-|74564-75350|ARO:3002578|AAC(6')-Ib7	8	577	786	1383	2187	95508, 26514331, 104606	10	Different
615	gb|KR872296.1|+|0-825|ARO:3003637|OXA-480	54149	54919	825	54150	54974	246080	54151	Different
616	gb|KT736121.1|+|1176-1977|ARO:3001555|OXA-368	659	1405	801	660	1460	104604	661	Different
617	gb|KU254579.1|+|59421-59841|ARO:3004111|FosA6	929	1294	420	930	1349	29844	931	Different
618	gb|KU736867.1|+|19653-21573|ARO:3004442|tet(W/N/W)	745	2603	1920	746	2659	211793	747	Different
619	gb|KX092356.1|+|192-1053|ARO:3001062|SHV-3	16	822	861	17	877	1612535	18	Different
620	gb|KX354370.1|+|0-1194|ARO:3004343|PDC-80	35513	36652	1194	35514	36707	232416	35515	Different
621	gb|KY432484.1|+|0-861|ARO:3001051|TEM-191	46	852	861	47	907	3478183	48	Different
622	gb|LC037981|+|0-801|ARO:3003610|OXA-454	659	1405	801	660	1460	104604	661	Different
623	gb|LK391770.1|+|19707-20568|ARO:3000876|TEM-4	46	852	861	47	907	3478183	48	Different
624	gb|LLNM01000004.1|-|97677-98466|ARO:3003642|OXA-485	19143	19877	789	19144	19932	237664	19145	Different
625	gb|LLSH01000109.1|+|88827-90021|ARO:3004349|PDC-86	35513	36652	1194	35514	36707	232416	35515	Different
626	gb|LN515533|+|0-867|ARO:3003154|SHV-187	10	822	867	11	877	1612535	12	Different
627	gb|LN515534|+|0-873|ARO:3003155|SHV-188	10	822	873	11	877	1612535	12	Different
628	gb|LT985229.1|+|36107-36968|ARO:3001063|SHV-4	16	822	861	17	877	1612535	18	Different
629	gb|M18896.2|+|206-2126|ARO:3000190|tetO	253	2118	1920	254	2173	248320	255	Different
630	gb|M36726.1|+|295-1150|ARO:3000596|ErmX	235	1035	855	236	1090	3789486	237	Different
631	gb|M55547|+|0-825|ARO:3001404|OXA-9	39	809	825	40	864	48423030	41	Different
632	gb|M88143|+|367-1228|ARO:3000884|TEM-12	46	852	861	47	907	3478183	48	Different
633	gb|M90056.1|+|908-2477|ARO:3002829|vgaA	0	1045	1569	1	1100	240808	2	Different
634	gb|MG229642.1|+|0-1152|ARO:3005037|ADC-159	63	1160	1152	64	1215	126080	65	Different
635	gb|MG601730.1|+|0-1152|ARO:3003852|ADC-6	63	1160	1152	64	1215	126080	65	Different
636	gb|NC_002516.2|-|779462-780101|ARO:3002679|Pseudomonas_aeruginosa_catB7	78566	79150	639	78567	79205	309838	78568	Different
637	gb|NGCN01000023.1|-|65770-66595|ARO:3001528|OXA-340	54149	54919	825	54150	54974	246080	54151	Different
638	gb|NG_049717.1|+|13-838|ARO:3003121|OXA-430	54149	54919	825	54150	54974	246080	54151	Different
639	gb|NG_050256.1|+|100-961|ARO:3000896|TEM-26	46	852	861	47	907	3478183	48	Different
640	gb|NG_050607.1|+|100-925|ARO:3001496|OXA-234	54149	54919	825	54150	54974	246080	54151	Different
641	gb|NG_051744.1|+|100-1294|ARO:3004337|PDC-74	35513	36652	1194	35514	36707	232416	35515	Different
642	gb|NWUK01000007.1|-|12139-12964|ARO:3001531|OXA-343	54149	54919	825	54150	54974	246080	54151	Different
643	gb|PYSX01000023.1|+|160178-161003|ARO:3001525|OXA-337	54149	54919	825	54150	54974	246080	54151	Different
644	gb|S82452|+|120-978|ARO:3001068|SHV-9	16	822	858	17	877	1612535	18	Different
645	gb|SMRY02000082.1|-|17219-18008|ARO:3003645|OXA-488	19143	19877	789	19144	19932	237664	19145	Different
646	gb|U00096.3|-|3203309-3204131|ARO:3002986|bacA	2132	2897	822	2133	2954	248330	2134	Different
647	gb|U00096.3|-|4377810-4378944|ARO:3004290|Escherichia_coli_ampC	5462	6541	1134	5463	6596	246331	5464	Different
648	gb|U00096.3|-|721055-721733|ARO:3003841|kdpE	6263	6886	678	6264	6941	239041	6265	Different
649	gb|U00096|+|2367070-2368039|ARO:3003578|pmrF	3046	3960	969	3047	4015	251478	3048	Different
650	gb|U00096|-|2098446-2099613|ARO:3003577|ugd	71,0	584,364	1167	0	0	0	73, 2	Different
651	gb|U15027|+|0-624|ARO:3002686|catP	371	940	624	372	995	5332739	373	Different
652	gb|U20270|+|124-985|ARO:3001066|SHV-7	16	822	861	17	877	1612535	18	Different
653	gb|U36911.1|+|1429-2290|ARO:3000979|TEM-116	46	852	861	47	907	3478183	48	Different
654	gb|U37105.2|+|2806-3640|ARO:3004692|aadA10	1476	2255	834	1477	2310	104604	1478	Different
655	gb|U37195|+|75-936|ARO:3000898|TEM-28	46	852	861	47	907	3478183	48	Different
656	gb|U59183|+|247-859|ARO:3002581|AAC(6')-Ib10	18	577	612	19	632	104606	20	Different
657	gb|U59183|+|939-1740|ARO:3001408|OXA-13	659	1405	801	660	1460	104604	661	Different
658	gb|U92041|+|0-861|ARO:3001067|SHV-8	16	822	861	17	877	1612535	18	Different
659	gb|U95363|+|0-861|ARO:3000912|TEM-43	46	852	861	47	907	3478183	48	Different
660	gb|V00618.1|+|150-945|ARO:3002644|APH(3')-IIa	15	536	795	16	591	55547182	17	Different
661	gb|V01499|+|230-1256|ARO:3002655|APH(4)-Ia	1046	2017	1026	1047	2072	53827366	1048	Different
662	gb|X02340.1|+|222-1194|ARO:3004089|ANT(3'')-IIa	0	747	972	1	802	104600	2	Different
663	gb|X54606|+|214-1075|ARO:3000874|TEM-2	46	852	861	47	907	3478183	48	Different
664	gb|X55640|+|111-972|ARO:3001064|SHV-5	16	822	861	17	877	1612535	18	Different
665	gb|X57972|+|339-1200|ARO:3000878|TEM-6	46	852	861	47	907	3478183	48	Different
666	gb|X64523.1|-|476-1337|ARO:3000875|TEM-3	46	852	861	47	907	3478183	48	Different
667	gb|X65252|+|175-1036|ARO:3000880|TEM-8	46	852	861	47	907	3478183	48	Different
668	gb|X65253|+|175-1036|ARO:3000894|TEM-24	46	852	861	47	907	3478183	48	Different
669	gb|X65254|+|175-1036|ARO:3000887|TEM-16	46	852	861	47	907	3478183	48	Different
670	gb|X75562|+|134-935|ARO:3001402|OXA-7	659	1405	801	660	1460	104604	661	Different
671	gb|X90856|+|387-1194|ARO:3002645|APH(3')-IIb	6925	7677	807	6926	7732	232416	6927	Different
672	gb|X95401|+|208-1069|ARO:3000914|TEM-45	46	852	861	47	907	3478183	48	Different
673	gb|X97254|+|153-1011|ARO:3001043|TEM-178	46	830	858	47	907	3478183	48	Different
674	gb|X98047|+|0-844|ARO:3000911|TEM-42	55	843	843	56	898	3478183	57	Different
675	gb|X98101|+|73-934|ARO:3001070|SHV-11	16	822	861	17	877	1612535	18	Different
676	gb|X98102|+|73-934|ARO:3001061|SHV-2A	16	822	861	17	877	1612535	18	Different
677	gb|Y10279|+|0-861|ARO:3000916|TEM-47	46	852	861	47	907	3478183	48	Different
678	gb|Y10280|+|0-861|ARO:3000917|TEM-48	46	852	861	47	907	3478183	48	Different
679	gb|Y10281|+|0-861|ARO:3000918|TEM-49	46	852	861	47	907	3478183	48	Different
680	gb|Y11069|+|0-780|ARO:3001065|SHV-6	51	771	780	47	826	1612535	53	Different
681	gb|Y13612|+|0-861|ARO:3000921|TEM-52	46	852	861	47	907	3478183	48	Different
682	gb|Y14574|+|0-861|ARO:3000888|TEM-17	46	852	861	47	907	3478183	48	Different
683	gb|Y17581|+|78-936|ARO:3000891|TEM-20	46	849	858	47	904	3478183	48	Different
684	gb|Y17582|+|0-858|ARO:3000892|TEM-21	46	849	858	47	904	3478183	48	Different
685	gb|Y17583|+|213-1071|ARO:3000893|TEM-22	46	849	858	47	904	3478183	48	Different
686	gb|Y17584|+|0-858|ARO:3000899|TEM-29	46	849	858	47	904	3478183	48	Different
687	gb|Z22590|+|154-955|ARO:3001406|OXA-11	659	1405	801	660	1460	104604	661	Different
688	gb|Z54241.1|+|529-1051|ARO:3002559|AAC(6')-Ip	162	630	522	163	685	53314296	164	Different
