Unnamed: 0	Query	Path_Bandage	Start_Bandage	End_Bandage	Extracted_Path	Start_SPAligner	End_SPAligner	Path_SPAligner	Path_GraphAligner	Start_GraphAligner	End_GraphAligner	BandageVSSPAligner	ResultsBandageVSSPAligner	SPAlignerVSGraphAligner	ResultsSPAlignerVSGraphAligner	BandageVSGraphAligner	ResultsBandageVSGraphAligner	FinalResultBandageVSGraphAligner
0	gb|AB113580|+|1329-2193|ARO:3002332|GES-3	(93) 32422725-, 5613425+ (32) , (93) 32422725-, 32146774- (32)	93, 93	32, 32	32422725, 5613425,32422725, 32146774	92.0	901.0	32422725	32422725	93	956	Different	SinglePathMatch	MatchOnPath	SinglePathMatch	Different	SinglePathMatch	SinglePathMatch
1	gb|AB114632|+|655-1453|ARO:3002607|aadA7	(61) 26862905- (858) , (22) 3906318-	61, 22	858, 3906318	26862905,3906318	60.0	803.0	26862905	26862905	61	858	Different	SinglePathMatch	MatchOnPath	SinglePathMatch	Different	SinglePathMatch	SinglePathMatch
2	gb|AB116260|+|1329-2193|ARO:3002333|GES-4	(93) 32422725-, 5613425+ (32) , (93) 32422725-, 32146774- (32)	93, 93	32, 32	32422725, 5613425,32422725, 32146774	92.0	901.0	32422725	32422725	93	956	Different	SinglePathMatch	MatchOnPath	SinglePathMatch	Different	SinglePathMatch	SinglePathMatch
3	gb|AB211124|+|0-525|ARO:3002895|SAT-1	(64) 81232484- (588)	64	588	81232484	63.0	533.0	81232484	81232484	64	588	MatchOnPath	SinglePathMatch	MatchOnPath	SinglePathMatch	Full	SinglePathMatch	Full
4	gb|AB571865.1|-|143423-144308|ARO:3003742|mphG	(353) 50056+, 2638631+, 6283287+, 5689755- (176) , (353) 50056+, 2638631+, 6283287+, 6283289+ (176) , (171) 50069+, 27413572-, 2638631+, 6283287+, 5689755- (176) , (171) 50069+, 27413572-, 2638631+, 6283287+, 6283289+ (176) , (171) 50069+, 573396+, 6283287+, 5689755- (176) , (171) 50069+, 573396+, 6283287+, 6283289+ (176)	353, 353, 171, 171, 171, 171	176, 176, 176, 176, 176, 176	50056, 2638631, 6283287, 5689755,50056, 2638631, 6283287, 6283289,50069, 27413572, 2638631, 6283287, 5689755,50069, 27413572, 2638631, 6283287, 6283289,50069, 573396, 6283287, 5689755,50069, 573396, 6283287, 6283289	352.0	884.0	50056	50056, 2638631, 6283287, 5689755	353	1237	Different	SinglePathMatch	Different	SinglePathMatch	Different	Different	Different
5	gb|AB901141|+|0-864|ARO:3002353|GES-24	(93) 32422725-, 5613425+ (32) , (93) 32422725-, 32146774- (32)	93, 93	32, 32	32422725, 5613425,32422725, 32146774	92.0	901.0	32422725	32422725	93	956	Different	SinglePathMatch	MatchOnPath	SinglePathMatch	Different	SinglePathMatch	SinglePathMatch
6	gb|AF024602|+|3155-3992|ARO:3002660|APH(6)-Id	(842) 595376- (1678)	842	1678	595376	841.0	1623.0	595376	595376	842	1678	MatchOnPath	SinglePathMatch	MatchOnPath	SinglePathMatch	Full	SinglePathMatch	Full
7	gb|AF028812|+|392-887|ARO:3002867|dfrF	(389) 5685926- (883)	389	883	5685926	388.0	828.0	5685926	5685926	389	883	MatchOnPath	SinglePathMatch	MatchOnPath	SinglePathMatch	Full	SinglePathMatch	Full
8	gb|AF043100|+|0-775|ARO:3001411|OXA-16	(34) 26012357-, 758212-, 74766869-, 32267955- (52) , (34) 26012357-, 758212-, 74766869-, 27276706- (52) , (34) 26012357-, 758212-, 32575361- (55) , (102) 32592258-, 758212-, 74766869-, 32267955- (52) , (102) 32592258-, 758212-, 74766869-, 27276706- (52) , (102) 32592258-, 758212-, 32575361- (55)	34, 34, 34, 102, 102, 102	52, 52, 55, 52, 52, 55	26012357, 758212, 74766869, 32267955,26012357, 758212, 74766869, 27276706,26012357, 758212, 32575361,32592258, 758212, 74766869, 32267955,32592258, 758212, 74766869, 27276706,32592258, 758212, 32575361	0.0	0.0		0	0	0	Different	Different	Different	Different	Different	Different	Different
9	gb|AF043381|+|251-863|ARO:3002580|AAC(6')-Ib9	(77) 36782492-, 3274129-, 60915537-, 2728545- (580) , (49) 25779977-, 60915537-, 2728545- (580) , (14) 24065316+, 3274129-, 60915537-, 2728545- (580)	77, 49, 14	580, 580, 580	36782492, 3274129, 60915537, 2728545,25779977, 60915537, 2728545,24065316, 3274129, 60915537, 2728545	0.0	525.0	2728545	24065316, 3274129, 60915537, 2728545	14	627	Different	Different	Different	Different	Different	Different	Different
10	gb|AF043381|+|943-1744|ARO:3001414|OXA-19	(72) 32592258-, 758212-, 74766869- (55) , (72) 32592258-, 758212-, 32575361- (55) , (72) 32592252-, 26012357-, 758212-, 74766869- (55) , (72) 32592252-, 26012357-, 758212-, 32575361- (55) , (23) 31339125-, 26012357-, 758212-, 74766869- (55) , (23) 31339125-, 26012357-, 758212-, 32575361- (55)	72, 72, 72, 72, 23, 23	55, 55, 55, 55, 55, 55	32592258, 758212, 74766869,32592258, 758212, 32575361,32592252, 26012357, 758212, 74766869,32592252, 26012357, 758212, 32575361,31339125, 26012357, 758212, 74766869,31339125, 26012357, 758212, 32575361	0.0	626.0	758212	32592258, 758212	72	872	Different	Different	Different	Different	Different	Different	Different
11	gb|AF047479|+|1295-2087|ARO:3002603|aadA3	(13) 5638634-, 23556688-, 66940499-, 66940495+, 3661600-, 385047+ (435) , (13) 5638634-, 23556688-, 66940499-, 66940495+, 8153423-, 31582859- (287) , (86) 24798140+, 5638634-, 23556688-, 66940499-, 81873962+, 31582859- (287) , (120) 25425969-, 5638634-, 23556688-, 66940499-, 81873962+, 31582859- (287) , (932) 31770840-, 66940499-, 66940495+, 3661600-, 385047+ (435) , (932) 31770840-, 66940499-, 81873962+, 31582859- (287) , (11) 31689609+, 31674241+, 385047+ (435) , (120) 25425969-, 5638634-, 31689607+, 31674241+, 385047+ (435) , (86) 24798140+, 5638634-, 31689607+, 31674241+, 385047+ (435) , (932) 31770840-, 66940499-, 66940495+, 8153423-, 31582859- (287) , (81) 26862905- (794)	13, 13, 86, 120, 932, 932, 11, 120, 86, 932, 81	435, 287, 287, 287, 435, 287, 435, 435, 435, 287, 794	5638634, 23556688, 66940499, 66940495, 3661600, 385047,5638634, 23556688, 66940499, 66940495, 8153423, 31582859,24798140, 5638634, 23556688, 66940499, 81873962, 31582859,25425969, 5638634, 23556688, 66940499, 81873962, 31582859,31770840, 66940499, 66940495, 3661600, 385047,31770840, 66940499, 81873962, 31582859,31689609, 31674241, 385047,25425969, 5638634, 31689607, 31674241, 385047,24798140, 5638634, 31689607, 31674241, 385047,31770840, 66940499, 66940495, 8153423, 31582859,26862905	0.0	223.0	23556688	5638634, 23556688, 66940499, 66940495, 3661600, 385047 5638634, 23556688, 66940499, 81873962, 31582859	13, 13	804, 801	Different	Different	Different	Different	Different	Different	Different
12	gb|AF078527|+|3769-4303|ARO:3000230|ANT(2'')-Ia	(66) 8148926- (599)	66	599	8148926	65.0	544.0	8148926	8148926	66	599	MatchOnPath	SinglePathMatch	MatchOnPath	SinglePathMatch	Full	SinglePathMatch	Full
13	gb|AF099140|+|136-1363|ARO:3002826|EreA2	(128) 31482731+	128	31482731	31482731	127.0	1290.0	31482731	31482731	128	1345	MatchOnPath	SinglePathMatch	MatchOnPath	SinglePathMatch	MatchOnPathAndStart	SinglePathMatch	SinglePathMatch
14	gb|AF118110.1|-|71-1037|ARO:3003002|CfxA2	(142) 5661688+ (1107) , (4) 280008- (963)	142, 4	1107, 963	5661688,280008	141.0	1052.0	5661688	5661688	142	1107	Different	SinglePathMatch	MatchOnPath	SinglePathMatch	Different	SinglePathMatch	SinglePathMatch
15	gb|AF135373|+|11-908|ARO:3002244|CARB-5	(146) 267426-, 63777837- (82) , (146) 267426-, 5625755+ (82)	146, 146	82, 82	267426, 63777837,267426, 5625755	149.0	960.0	267426	267426, 63777837	146	1042	Different	SinglePathMatch	Different	SinglePathMatch	Different	Different	Different
16	gb|AF137361|+|63-852|ARO:3002605|aadA5	(57) 1370533+, 83520186+ (53) , (57) 1370533+, 31391622- (53)	57, 57	53, 53	1370533, 83520186,1370533, 31391622	56.0	790.0	1370533	1370533	57	845	Different	SinglePathMatch	MatchOnPath	SinglePathMatch	Different	SinglePathMatch	SinglePathMatch
17	gb|AF156486|+|1331-2195|ARO:3002330|GES-1	(93) 32422725-, 5613425+ (32) , (93) 32422725-, 32146774- (32)	93, 93	32, 32	32422725, 5613425,32422725, 32146774	92.0	901.0	32422725	32422725	93	956	Different	SinglePathMatch	MatchOnPath	SinglePathMatch	Different	SinglePathMatch	SinglePathMatch
18	gb|AF156486|+|5012-5792|ARO:3002602|aadA2	(25) 5638634-, 23556688-, 66940499-, 66940495+, 3661600-, 385047+ (433) , (25) 5638634-, 23556688-, 66940499-, 66940495+, 8153423-, 31582859- (276) , (98) 24798140+, 5638634-, 23556688-, 66940499-, 81873962+, 31582859- (276) , (132) 25425969-, 5638634-, 23556688-, 66940499-, 81873962+, 31582859- (276) , (932) 31770840-, 66940499-, 81873962+, 31582859- (276) , (932) 31770840-, 66940499-, 66940495+, 3661600-, 385047+ (433) , (31) 31689609+, 31674241+, 385047+ (433) , (132) 25425969-, 5638634-, 31689607+, 31674241+, 385047+ (433) , (98) 24798140+, 5638634-, 31689607+, 31674241+, 385047+ (433) , (932) 31770840-, 66940499-, 66940495+, 8153423-, 31582859- (276) , (81) 26862905- (794)	25, 25, 98, 132, 932, 932, 31, 132, 98, 932, 81	433, 276, 276, 276, 276, 433, 433, 433, 433, 276, 794	5638634, 23556688, 66940499, 66940495, 3661600, 385047,5638634, 23556688, 66940499, 66940495, 8153423, 31582859,24798140, 5638634, 23556688, 66940499, 81873962, 31582859,25425969, 5638634, 23556688, 66940499, 81873962, 31582859,31770840, 66940499, 81873962, 31582859,31770840, 66940499, 66940495, 3661600, 385047,31689609, 31674241, 385047,25425969, 5638634, 31689607, 31674241, 385047,24798140, 5638634, 31689607, 31674241, 385047,31770840, 66940499, 66940495, 8153423, 31582859,26862905	0.0	223.0	23556688	5638634, 23556688, 66940499, 81873962, 31582859 5638634, 23556688, 66940499, 66940495, 3661600, 385047	25, 25	790, 804	Different	Different	Different	Different	Different	Different	Different
19	gb|AF162771|+|61-643|ARO:3002596|AAC(6')-IIc	(90) 567692+ (671)	90	671	567692	89.0	616.0	567692	567692	90	671	MatchOnPath	SinglePathMatch	MatchOnPath	SinglePathMatch	Full	SinglePathMatch	Full
20	gb|AF205943|+|7511-8312|ARO:3001405|OXA-10	(72) 32592252-, 26012357-, 758212-, 74766869-, 32267955- (52) , (23) 31339125-, 26012357-, 758212-, 74766869-, 32267955- (52) , (23) 31339125-, 26012357-, 758212-, 32575361- (55) , (72) 32592252-, 26012357-, 758212-, 32575361- (55) , (23) 31339125-, 26012357-, 758212-, 74766869-, 27276706- (52) , (72) 32592252-, 26012357-, 758212-, 74766869-, 27276706- (52) , (72) 32592258-, 758212-, 74766869-, 27276706- (52) , (72) 32592258-, 758212-, 74766869-, 32267955- (52) , (72) 32592258-, 758212-, 32575361- (55)	72, 23, 23, 72, 23, 72, 72, 72, 72	52, 52, 55, 55, 52, 52, 52, 52, 55	32592252, 26012357, 758212, 74766869, 32267955,31339125, 26012357, 758212, 74766869, 32267955,31339125, 26012357, 758212, 32575361,32592252, 26012357, 758212, 32575361,31339125, 26012357, 758212, 74766869, 27276706,32592252, 26012357, 758212, 74766869, 27276706,32592258, 758212, 74766869, 27276706,32592258, 758212, 74766869, 32267955,32592258, 758212, 32575361	0.0	626.0	758212	26012357, 758212	8	808	Different	Different	Different	Different	Different	Different	Different
21	gb|AF231133|+|1345-2146|ARO:3001423|OXA-28	(72) 32592258-, 758212-, 74766869- (55) , (72) 32592258-, 758212-, 32575361- (55) , (72) 32592252-, 26012357-, 758212-, 74766869- (55) , (72) 32592252-, 26012357-, 758212-, 32575361- (55) , (23) 31339125-, 26012357-, 758212-, 74766869- (55) , (23) 31339125-, 26012357-, 758212-, 32575361- (55)	72, 72, 72, 72, 23, 23	55, 55, 55, 55, 55, 55	32592258, 758212, 74766869,32592258, 758212, 32575361,32592252, 26012357, 758212, 74766869,32592252, 26012357, 758212, 32575361,31339125, 26012357, 758212, 74766869,31339125, 26012357, 758212, 32575361	0.0	626.0	758212	32592258, 758212	72	872	Different	Different	Different	Different	Different	Different	Different
22	gb|AF242872.1|+|2131-2878|ARO:3000375|ErmB	(1874) 6210728+, 23031658-, 598672+ (648) , (29) 66614441-, 22291381-, 23031658-, 598672+ (648) , (273) 5168845-, 22291381-, 23031658-, 598672+ (648)	1874, 29, 273	648, 648, 648	6210728, 23031658, 598672,66614441, 22291381, 23031658, 598672,5168845, 22291381, 23031658, 598672	0.0	0.0		0	0	0	Different	Different	Different	Different	Different	Different	Different
23	gb|AF294653|+|753-1584|ARO:3001425|OXA-31	(41) 1736030- (871)	41	871	1736030	40.0	816.0	1736030	1736030	41	871	MatchOnPath	SinglePathMatch	MatchOnPath	SinglePathMatch	Full	SinglePathMatch	Full
24	gb|AF300985|+|0-739|ARO:3001430|OXA-36	(104) 32571183-, 5674312+ (101) , (104) 32571183-, 24348369+ (101)	104, 104	101, 101	32571183, 5674312,32571183, 24348369	103.0	740.0	32571183	32571183, 5674312	104	841	Different	SinglePathMatch	Different	SinglePathMatch	Different	Different	Different
25	gb|AF313472|+|15593-16397|ARO:3002639|APH(3'')-Ib	(39) 595376- (842)	39	842	595376	38.0	787.0	595376	595376	39	842	MatchOnPath	SinglePathMatch	MatchOnPath	SinglePathMatch	Full	SinglePathMatch	Full
26	gb|AF315351|+|672-1500|ARO:3001426|OXA-32	(71) 32571183-, 5674312+ (158) , (71) 32571183-, 24348369+ (158)	71, 71	158, 158	32571183, 5674312,32571183, 24348369	70.0	740.0	32571183	32571183, 5674312	71	898	Different	SinglePathMatch	Different	SinglePathMatch	Different	Different	Different
27	gb|AF315786|+|1313-2114|ARO:3001429|OXA-35	(72) 32592258-, 758212-, 74766869- (55) , (72) 32592258-, 758212-, 32575361- (55) , (72) 32592252-, 26012357-, 758212-, 74766869- (55) , (72) 32592252-, 26012357-, 758212-, 32575361- (55) , (23) 31339125-, 26012357-, 758212-, 74766869- (55) , (23) 31339125-, 26012357-, 758212-, 32575361- (55)	72, 72, 72, 72, 23, 23	55, 55, 55, 55, 55, 55	32592258, 758212, 74766869,32592258, 758212, 32575361,32592252, 26012357, 758212, 74766869,32592252, 26012357, 758212, 32575361,31339125, 26012357, 758212, 74766869,31339125, 26012357, 758212, 32575361	0.0	626.0	758212	32592258, 758212	72	872	Different	Different	Different	Different	Different	Different	Different
28	gb|AF326355|+|0-864|ARO:3002331|GES-2	(93) 32422725-, 5613425+ (32) , (93) 32422725-, 32146774- (32)	93, 93	32, 32	32422725, 5613425,32422725, 32146774	92.0	901.0	32422725	32422725	93	956	Different	SinglePathMatch	MatchOnPath	SinglePathMatch	Different	SinglePathMatch	SinglePathMatch
29	gb|AF329699|+|372-1236|ARO:3002337|GES-8	(93) 32422725-, 5613425+ (32) , (93) 32422725-, 32146774- (32)	93, 93	32, 32	32422725, 5613425,32422725, 32146774	92.0	901.0	32422725	32422725	93	956	Different	SinglePathMatch	MatchOnPath	SinglePathMatch	Different	SinglePathMatch	SinglePathMatch
30	gb|AF350424|+|0-771|ARO:3001428|OXA-34	(71) 32571183-, 5674312+ (101) , (71) 32571183-, 24348369+ (101)	71, 71	101, 101	32571183, 5674312,32571183, 24348369	70.0	740.0	32571183	32571183, 5674312	71	841	Different	SinglePathMatch	Different	SinglePathMatch	Different	Different	Different
31	gb|AF371964|+|118-919|ARO:3001768|OXA-118	(19) 2556907-, 1160229-, 26511913- (71) , (19) 2556907-, 1160229-, 25425969- (71) , (222) 83520186+, 1160229-, 26511913- (71) , (222) 83520186+, 1160229-, 25425969- (71)	19, 19, 222, 222	71, 71, 71, 71	2556907, 1160229, 26511913,2556907, 1160229, 25425969,83520186, 1160229, 26511913,83520186, 1160229, 25425969	18.0	579.0	2556907	2556907, 1160229, 26511913	19	819	Different	SinglePathMatch	Different	SinglePathMatch	Different	Different	Different
32	gb|AF408195.1|+|9446-10250|ARO:3003206|lsaE	(34) 5670118- (837)	34	837	5670118	33.0	782.0	5670118	5670118	34	837	MatchOnPath	SinglePathMatch	MatchOnPath	SinglePathMatch	Full	SinglePathMatch	Full
33	gb|AF550679.1|-|80976-81768|ARO:3002601|aadA	(11) 31689609+, 31674241+, 385047+ (435) , (920) 31770840-, 66940499-, 66940495+, 3661600-, 385047+ (435) , (13) 5638634-, 31689607+, 31674241+, 385047+ (435) , (13) 5638634-, 23556688-, 66940499-, 66940495+, 3661600-, 385047+ (435) , (920) 31770840-, 66940499-, 81873962+, 31582859- (287) , (920) 31770840-, 66940499-, 66940495+, 8153423-, 31582859- (287) , (13) 5638634-, 23556688-, 66940499-, 81873962+, 31582859- (287) , (13) 5638634-, 23556688-, 66940499-, 66940495+, 8153423-, 31582859- (287)	11, 920, 13, 13, 920, 920, 13, 13	435, 435, 435, 435, 287, 287, 287, 287	31689609, 31674241, 385047,31770840, 66940499, 66940495, 3661600, 385047,5638634, 31689607, 31674241, 385047,5638634, 23556688, 66940499, 66940495, 3661600, 385047,31770840, 66940499, 81873962, 31582859,31770840, 66940499, 66940495, 8153423, 31582859,5638634, 23556688, 66940499, 81873962, 31582859,5638634, 23556688, 66940499, 66940495, 8153423, 31582859	10.0	380.0	31689609,31674241,385047	31689609, 31674241, 385047	11	802	Different	Different	Different	Different	Different	Different	Different
34	gb|AJ222769.3|+|3686-5606|ARO:3000194|tetW	(39) 288518-, 23815819-, 336894- (107) , (39) 288518-, 6570599+ (158) , (39) 288518-, 23815819-, 25312831- (98)	39, 39, 39	107, 158, 98	288518, 23815819, 336894,288518, 6570599,288518, 23815819, 25312831	38.0	1800.0	288518	288518, 23815819, 336894	39	1958	Different	SinglePathMatch	Different	SinglePathMatch	Different	Different	Different
35	gb|AJ627643.4|+|4933-5713|ARO:3002653|APH(3')-VIb	(180) 6903442+, 86408359- (241) , (180) 6903442+, 506744- (243)	180, 180	241, 243	6903442, 86408359,6903442, 506744	179.0	716.0	6903442	6903442, 86408359	180	959	Different	SinglePathMatch	Different	SinglePathMatch	Different	Different	Different
36	gb|AJ809407|+|118-898|ARO:3002620|aadA23	(31) 31689609+, 31674241+, 385047+ (435) , (132) 25425969-, 5638634-, 31689607+, 31674241+, 385047+ (435) , (98) 24798140+, 5638634-, 31689607+, 31674241+, 385047+ (435) , (25) 5638634-, 23556688-, 66940499-, 66940495+, 3661600-, 385047+ (435) , (932) 31770840-, 66940499-, 66940495+, 3661600-, 385047+ (435) , (25) 5638634-, 23556688-, 66940499-, 66940495+, 8153423-, 31582859- (287) , (932) 31770840-, 66940499-, 81873962+, 31582859- (287) , (932) 31770840-, 66940499-, 66940495+, 8153423-, 31582859- (287) , (98) 24798140+, 5638634-, 23556688-, 66940499-, 81873962+, 31582859- (287) , (132) 25425969-, 5638634-, 23556688-, 66940499-, 81873962+, 31582859- (287) , (67) 3906318- (772) , (81) 26862905- (799)	31, 132, 98, 25, 932, 25, 932, 932, 98, 132, 67, 81	435, 435, 435, 435, 435, 287, 287, 287, 287, 287, 772, 799	31689609, 31674241, 385047,25425969, 5638634, 31689607, 31674241, 385047,24798140, 5638634, 31689607, 31674241, 385047,5638634, 23556688, 66940499, 66940495, 3661600, 385047,31770840, 66940499, 66940495, 3661600, 385047,5638634, 23556688, 66940499, 66940495, 8153423, 31582859,31770840, 66940499, 81873962, 31582859,31770840, 66940499, 66940495, 8153423, 31582859,24798140, 5638634, 23556688, 66940499, 81873962, 31582859,25425969, 5638634, 23556688, 66940499, 81873962, 31582859,3906318,26862905	0.0	380.0	385047	31689609, 31674241, 385047	31	802	Different	Different	Different	Different	Different	Different	Different
37	gb|AJ854182|+|0-801|ARO:3001798|OXA-74	(72) 32592252-, 26012357-, 758212-, 74766869-, 32267955- (52) , (23) 31339125-, 26012357-, 758212-, 74766869-, 32267955- (52) , (72) 32592252-, 26012357-, 758212-, 74766869-, 27276706- (52) , (23) 31339125-, 26012357-, 758212-, 74766869-, 27276706- (52) , (72) 32592252-, 26012357-, 758212-, 32575361- (55) , (23) 31339125-, 26012357-, 758212-, 32575361- (55) , (72) 32592258-, 758212-, 74766869-, 27276706- (52) , (72) 32592258-, 758212-, 74766869-, 32267955- (52) , (72) 32592258-, 758212-, 32575361- (55)	72, 23, 72, 23, 72, 23, 72, 72, 72	52, 52, 52, 52, 55, 55, 52, 52, 55	32592252, 26012357, 758212, 74766869, 32267955,31339125, 26012357, 758212, 74766869, 32267955,32592252, 26012357, 758212, 74766869, 27276706,31339125, 26012357, 758212, 74766869, 27276706,32592252, 26012357, 758212, 32575361,31339125, 26012357, 758212, 32575361,32592258, 758212, 74766869, 27276706,32592258, 758212, 74766869, 32267955,32592258, 758212, 32575361	0.0	626.0	758212	26012357, 758212	8	808	Different	Different	Different	Different	Different	Different	Different
38	gb|AM040708.1|+|1173-1965|ARO:3004704|aadA8b	(13) 5638634-, 23556688-, 66940499-, 66940495+, 3661600-, 385047+ (435) , (86) 24798140+, 5638634-, 31689607+, 31674241+, 385047+ (435) , (120) 25425969-, 5638634-, 31689607+, 31674241+, 385047+ (435) , (920) 31770840-, 66940499-, 66940495+, 3661600-, 385047+ (435) , (11) 31689609+, 31674241+, 385047+ (435) , (13) 5638634-, 23556688-, 66940499-, 66940495+, 8153423-, 31582859- (287) , (86) 24798140+, 5638634-, 23556688-, 66940499-, 81873962+, 31582859- (287) , (120) 25425969-, 5638634-, 23556688-, 66940499-, 81873962+, 31582859- (287) , (920) 31770840-, 66940499-, 81873962+, 31582859- (287) , (920) 31770840-, 66940499-, 66940495+, 8153423-, 31582859- (287) , (81) 26862905- (799)	13, 86, 120, 920, 11, 13, 86, 120, 920, 920, 81	435, 435, 435, 435, 435, 287, 287, 287, 287, 287, 799	5638634, 23556688, 66940499, 66940495, 3661600, 385047,24798140, 5638634, 31689607, 31674241, 385047,25425969, 5638634, 31689607, 31674241, 385047,31770840, 66940499, 66940495, 3661600, 385047,31689609, 31674241, 385047,5638634, 23556688, 66940499, 66940495, 8153423, 31582859,24798140, 5638634, 23556688, 66940499, 81873962, 31582859,25425969, 5638634, 23556688, 66940499, 81873962, 31582859,31770840, 66940499, 81873962, 31582859,31770840, 66940499, 66940495, 8153423, 31582859,26862905	0.0	380.0	23556688,66940499,66940495,3661600,385047	5638634, 23556688, 66940499, 66940495, 3661600, 385047 5638634, 23556688, 66940499, 81873962, 31582859	13, 13	804, 801	Different	Different	Different	Different	Different	Different	Different
39	gb|AM087405|+|1748-2582|ARO:3002622|aadA6/aadA10	(11) 3906318-, 49630744+ (78) , (11) 3906318-, 5643127+ (78) , (72) 26862905- (865)	11, 11, 72	78, 78, 865	3906318, 49630744,3906318, 5643127,26862905	10.0	738.0	3906318	3906318, 49630744	11	820	Different	SinglePathMatch	Different	SinglePathMatch	Different	Different	Different
40	gb|AM261837|+|73-865|ARO:3002619|aadA22	(86) 24798140+, 5638634-, 31689607+, 31674241+, 385047+ (435) , (120) 25425969-, 5638634-, 31689607+, 31674241+, 385047+ (435) , (11) 31689609+, 31674241+, 385047+ (435) , (13) 5638634-, 23556688-, 66940499-, 66940495+, 3661600-, 385047+ (435) , (932) 31770840-, 66940499-, 66940495+, 3661600-, 385047+ (435) , (13) 5638634-, 23556688-, 66940499-, 66940495+, 8153423-, 31582859- (287) , (932) 31770840-, 66940499-, 81873962+, 31582859- (287) , (932) 31770840-, 66940499-, 66940495+, 8153423-, 31582859- (287) , (120) 25425969-, 5638634-, 23556688-, 66940499-, 81873962+, 31582859- (287) , (86) 24798140+, 5638634-, 23556688-, 66940499-, 81873962+, 31582859- (287) , (81) 26862905- (799)	86, 120, 11, 13, 932, 13, 932, 932, 120, 86, 81	435, 435, 435, 435, 435, 287, 287, 287, 287, 287, 799	24798140, 5638634, 31689607, 31674241, 385047,25425969, 5638634, 31689607, 31674241, 385047,31689609, 31674241, 385047,5638634, 23556688, 66940499, 66940495, 3661600, 385047,31770840, 66940499, 66940495, 3661600, 385047,5638634, 23556688, 66940499, 66940495, 8153423, 31582859,31770840, 66940499, 81873962, 31582859,31770840, 66940499, 66940495, 8153423, 31582859,25425969, 5638634, 23556688, 66940499, 81873962, 31582859,24798140, 5638634, 23556688, 66940499, 81873962, 31582859,26862905	0.0	380.0	385047	31689609, 31674241, 385047	11	802	Different	Different	Different	Different	Different	Different	Different
41	gb|AM412317.1|-|3035492-3036527|ARO:3004146|cfrC	(2308) 24062600- (3333)	2308	3333	24062600	2307.0	3284.0	24062600	24062600	2308	3341	MatchOnPath	SinglePathMatch	MatchOnPath	SinglePathMatch	MatchOnPathAndStart	SinglePathMatch	SinglePathMatch
42	gb|AM412777|+|117-918|ARO:3001439|OXA-101	(72) 32592258-, 758212-, 74766869- (55) , (72) 32592258-, 758212-, 32575361- (55) , (72) 32592252-, 26012357-, 758212-, 74766869- (55) , (72) 32592252-, 26012357-, 758212-, 32575361- (55) , (23) 31339125-, 26012357-, 758212-, 74766869- (55) , (23) 31339125-, 26012357-, 758212-, 32575361- (55)	72, 72, 72, 72, 23, 23	55, 55, 55, 55, 55, 55	32592258, 758212, 74766869,32592258, 758212, 32575361,32592252, 26012357, 758212, 74766869,32592252, 26012357, 758212, 32575361,31339125, 26012357, 758212, 74766869,31339125, 26012357, 758212, 32575361	0.0	626.0	758212	32592258, 758212	72	872	Different	Different	Different	Different	Different	Different	Different
43	gb|AP009048|-|4338624-4340268|ARO:3003576|eptA	(758) 25658009+ (2401)	758	2401	25658009	757.0	2346.0	25658009	25658009	758	2401	MatchOnPath	SinglePathMatch	MatchOnPath	SinglePathMatch	Full	SinglePathMatch	Full
44	gb|AP012030.1|-|395553-396711|ARO:3004612|Escherichia_coli_ampH	(1084) 1160795+ (2241)	1084	2241	1160795	1083.0	2186.0	1160795	1160795	1084	2241	MatchOnPath	SinglePathMatch	MatchOnPath	SinglePathMatch	Full	SinglePathMatch	Full
45	gb|APOH01000009.1|-|220588-221443|ARO:3001751|OXA-296	(69) 31762653-, 2880953- (626) , (69) 269907+, 2880953- (626)	69, 69	626, 626	31762653, 2880953,269907, 2880953	0.0	571.0	2880953	31762653, 2880953	69	923	Different	Different	Different	Different	Different	Different	Different
46	gb|AY007784|+|1122-1923|ARO:3001431|OXA-37	(73) 26714083+ (873)	73	873	26714083	72.0	818.0	26714083	26714083	73	936	MatchOnPath	SinglePathMatch	MatchOnPath	SinglePathMatch	MatchOnPathAndStart	SinglePathMatch	SinglePathMatch
47	gb|AY055428.1|-|20268-21084|ARO:3000412|sul2	(96) 23703864-, 9429764+ (453)	96	453	23703864, 9429764	95.0	398.0	23703864,9429764	23703864, 9429764	96	911	Different	Different	Different	Different	MatchOnPathAndStart	Different	Different
48	gb|AY138986|+|0-789|ARO:3002604|aadA4	(57) 1370533+, 83520186+ (53) , (57) 1370533+, 31391622- (53)	57, 57	53, 53	1370533, 83520186,1370533, 31391622	56.0	790.0	1370533	1370533	57	845	Different	SinglePathMatch	MatchOnPath	SinglePathMatch	Different	SinglePathMatch	SinglePathMatch
49	gb|AY139598|+|1486-2287|ARO:3001775|OXA-119	(19) 2556907-, 1160229-, 26511913- (71) , (19) 2556907-, 1160229-, 25425969- (71) , (222) 83520186+, 1160229-, 26511913- (71) , (222) 83520186+, 1160229-, 25425969- (71)	19, 19, 222, 222	71, 71, 71, 71	2556907, 1160229, 26511913,2556907, 1160229, 25425969,83520186, 1160229, 26511913,83520186, 1160229, 25425969	18.0	574.0	2556907	2556907, 1160229, 26511913	19	819	Different	SinglePathMatch	Different	SinglePathMatch	Different	Different	Different
50	gb|AY139603|+|106-898|ARO:3002608|aadA8	(13) 5638634-, 23556688-, 66940499-, 66940495+, 3661600-, 385047+ (435) , (86) 24798140+, 5638634-, 31689607+, 31674241+, 385047+ (435) , (120) 25425969-, 5638634-, 31689607+, 31674241+, 385047+ (435) , (932) 31770840-, 66940499-, 66940495+, 3661600-, 385047+ (435) , (11) 31689609+, 31674241+, 385047+ (435) , (13) 5638634-, 23556688-, 66940499-, 66940495+, 8153423-, 31582859- (287) , (86) 24798140+, 5638634-, 23556688-, 66940499-, 81873962+, 31582859- (287) , (120) 25425969-, 5638634-, 23556688-, 66940499-, 81873962+, 31582859- (287) , (932) 31770840-, 66940499-, 81873962+, 31582859- (287) , (932) 31770840-, 66940499-, 66940495+, 8153423-, 31582859- (287) , (81) 26862905- (799)	13, 86, 120, 932, 11, 13, 86, 120, 932, 932, 81	435, 435, 435, 435, 435, 287, 287, 287, 287, 287, 799	5638634, 23556688, 66940499, 66940495, 3661600, 385047,24798140, 5638634, 31689607, 31674241, 385047,25425969, 5638634, 31689607, 31674241, 385047,31770840, 66940499, 66940495, 3661600, 385047,31689609, 31674241, 385047,5638634, 23556688, 66940499, 66940495, 8153423, 31582859,24798140, 5638634, 23556688, 66940499, 81873962, 31582859,25425969, 5638634, 23556688, 66940499, 81873962, 31582859,31770840, 66940499, 81873962, 31582859,31770840, 66940499, 66940495, 8153423, 31582859,26862905	0.0	380.0	23556688,66940499,66940495,3661600,385047	5638634, 23556688, 66940499, 66940495, 3661600, 385047 5638634, 23556688, 66940499, 81873962, 31582859	13, 13	804, 801	Different	Different	Different	Different	Different	Different	Different
51	gb|AY171244|+|46-838|ARO:3002618|aadA21	(86) 24798140+, 5638634-, 31689607+, 31674241+, 385047+ (435) , (120) 25425969-, 5638634-, 31689607+, 31674241+, 385047+ (435) , (11) 31689609+, 31674241+, 385047+ (435) , (13) 5638634-, 23556688-, 66940499-, 66940495+, 3661600-, 385047+ (435) , (932) 31770840-, 66940499-, 66940495+, 3661600-, 385047+ (435) , (13) 5638634-, 23556688-, 66940499-, 66940495+, 8153423-, 31582859- (287) , (932) 31770840-, 66940499-, 81873962+, 31582859- (287) , (932) 31770840-, 66940499-, 66940495+, 8153423-, 31582859- (287) , (120) 25425969-, 5638634-, 23556688-, 66940499-, 81873962+, 31582859- (287) , (86) 24798140+, 5638634-, 23556688-, 66940499-, 81873962+, 31582859- (287) , (81) 26862905- (799)	86, 120, 11, 13, 932, 13, 932, 932, 120, 86, 81	435, 435, 435, 435, 435, 287, 287, 287, 287, 287, 799	24798140, 5638634, 31689607, 31674241, 385047,25425969, 5638634, 31689607, 31674241, 385047,31689609, 31674241, 385047,5638634, 23556688, 66940499, 66940495, 3661600, 385047,31770840, 66940499, 66940495, 3661600, 385047,5638634, 23556688, 66940499, 66940495, 8153423, 31582859,31770840, 66940499, 81873962, 31582859,31770840, 66940499, 66940495, 8153423, 31582859,25425969, 5638634, 23556688, 66940499, 81873962, 31582859,24798140, 5638634, 23556688, 66940499, 81873962, 31582859,26862905	0.0	380.0	385047	31689609, 31674241, 385047	11	802	Different	Different	Different	Different	Different	Different	Different
52	gb|AY178993|+|574-1471|ARO:3002247|CARB-8	(146) 267426-, 5625755+ (82) , (146) 267426-, 63777837- (82)	146, 146	82, 82	267426, 5625755,267426, 63777837	145.0	960.0	267426	267426, 5625755	146	1042	Different	SinglePathMatch	Different	SinglePathMatch	Different	Different	Different
53	gb|AY260546|+|4477-5341|ARO:3002336|GES-7	(93) 32422725-, 5613425+ (32) , (93) 32422725-, 32146774- (32)	93, 93	32, 32	32422725, 5613425,32422725, 32146774	92.0	901.0	32422725	32422725	93	956	Different	SinglePathMatch	MatchOnPath	SinglePathMatch	Different	SinglePathMatch	SinglePathMatch
54	gb|AY445080|+|0-801|ARO:3001795|OXA-56	(72) 32592258-, 758212-, 74766869- (55) , (72) 32592258-, 758212-, 32575361- (55) , (72) 32592252-, 26012357-, 758212-, 74766869- (55) , (72) 32592252-, 26012357-, 758212-, 32575361- (55) , (23) 31339125-, 26012357-, 758212-, 74766869- (55) , (23) 31339125-, 26012357-, 758212-, 32575361- (55)	72, 72, 72, 72, 23, 23	55, 55, 55, 55, 55, 55	32592258, 758212, 74766869,32592258, 758212, 32575361,32592252, 26012357, 758212, 74766869,32592252, 26012357, 758212, 32575361,31339125, 26012357, 758212, 74766869,31339125, 26012357, 758212, 32575361	0.0	626.0	758212	32592258, 758212	72	872	Different	Different	Different	Different	Different	Different	Different
55	gb|AY494717|+|0-864|ARO:3002334|GES-5	(93) 32422725-, 5613425+ (32) , (93) 32422725-, 32146774- (32)	93, 93	32, 32	32422725, 5613425,32422725, 32146774	92.0	901.0	32422725	32422725	93	956	Different	SinglePathMatch	MatchOnPath	SinglePathMatch	Different	SinglePathMatch	SinglePathMatch
56	gb|AY494718|+|0-864|ARO:3002335|GES-6	(93) 32422725-, 5613425+ (32) , (93) 32422725-, 32146774- (32)	93, 93	32, 32	32422725, 5613425,32422725, 32146774	92.0	901.0	32422725	32422725	93	956	Different	SinglePathMatch	MatchOnPath	SinglePathMatch	Different	SinglePathMatch	SinglePathMatch
57	gb|AY536519|+|37-937|ARO:3002372|VEB-3	(87) 8677873- (986)	87	986	8677873	86.0	931.0	8677873	8677873	87	986	MatchOnPath	SinglePathMatch	MatchOnPath	SinglePathMatch	Full	SinglePathMatch	Full
58	gb|AY628199|+|203-1064|ARO:3000988|TEM-126	(224) 32381806+ (1084)	224	1084	32381806	223.0	1029.0	32381806	32381806	224	1084	MatchOnPath	SinglePathMatch	MatchOnPath	SinglePathMatch	Full	SinglePathMatch	Full
59	gb|AY758206|+|2743-3589|ARO:3002611|aadA11	(11) 3906318-, 5643127+ (118) , (11) 3906318-, 49630744+ (118) , (72) 26862905- (905)	11, 11, 72	118, 118, 905	3906318, 5643127,3906318, 49630744,26862905	10.0	738.0	3906318	3906318, 5643127	11	856	Different	SinglePathMatch	Different	SinglePathMatch	Different	Different	Different
60	gb|AY920928|+|2689-3553|ARO:3002338|GES-9	(93) 32422725-, 5613425+ (32) , (93) 32422725-, 32146774- (32)	93, 93	32, 32	32422725, 5613425,32422725, 32146774	92.0	901.0	32422725	32422725	93	956	Different	SinglePathMatch	MatchOnPath	SinglePathMatch	Different	SinglePathMatch	SinglePathMatch
61	gb|BX664015.1|-|103017-103833|ARO:3002641|APH(3')-Ia	(121) 27227585- (934)	121	934	27227585	120.0	879.0	27227585	27227585	121	936	MatchOnPath	SinglePathMatch	MatchOnPath	SinglePathMatch	MatchOnPathAndStart	SinglePathMatch	SinglePathMatch
62	gb|CP003022|+|336788-337580|ARO:3003197|aadA25	(13) 5638634-, 23556688-, 66940499-, 66940495+, 3661600-, 385047+ (435) , (86) 24798140+, 5638634-, 31689607+, 31674241+, 385047+ (435) , (120) 25425969-, 5638634-, 31689607+, 31674241+, 385047+ (435) , (920) 31770840-, 66940499-, 66940495+, 3661600-, 385047+ (435) , (11) 31689609+, 31674241+, 385047+ (435) , (13) 5638634-, 23556688-, 66940499-, 66940495+, 8153423-, 31582859- (287) , (86) 24798140+, 5638634-, 23556688-, 66940499-, 81873962+, 31582859- (287) , (120) 25425969-, 5638634-, 23556688-, 66940499-, 81873962+, 31582859- (287) , (920) 31770840-, 66940499-, 81873962+, 31582859- (287) , (920) 31770840-, 66940499-, 66940495+, 8153423-, 31582859- (287) , (81) 26862905- (799)	13, 86, 120, 920, 11, 13, 86, 120, 920, 920, 81	435, 435, 435, 435, 435, 287, 287, 287, 287, 287, 799	5638634, 23556688, 66940499, 66940495, 3661600, 385047,24798140, 5638634, 31689607, 31674241, 385047,25425969, 5638634, 31689607, 31674241, 385047,31770840, 66940499, 66940495, 3661600, 385047,31689609, 31674241, 385047,5638634, 23556688, 66940499, 66940495, 8153423, 31582859,24798140, 5638634, 23556688, 66940499, 81873962, 31582859,25425969, 5638634, 23556688, 66940499, 81873962, 31582859,31770840, 66940499, 81873962, 31582859,31770840, 66940499, 66940495, 8153423, 31582859,26862905	0.0	380.0	23556688,66940499,66940495,3661600,385047	5638634, 23556688, 66940499, 66940495, 3661600, 385047	13	804	Different	Different	Different	Different	Different	Different	Different
63	gb|D16251.1|-|1625-2531|ARO:3000316|mphA	(125) 80826+ (1030)	125	1030	80826	124.0	975.0	80826	80826	125	1030	MatchOnPath	SinglePathMatch	MatchOnPath	SinglePathMatch	Full	SinglePathMatch	Full
64	gb|DQ303918|+|0-600|ARO:3002547|AAC(6')-Ib-cr	(65) 36782492-, 3274129-, 60915537-, 2728545- (580) , (40) 24065316+, 3274129-, 60915537-, 2728545- (580) , (49) 25779977-, 60915537-, 2728545- (580)	65, 40, 49	580, 580, 580	36782492, 3274129, 60915537, 2728545,24065316, 3274129, 60915537, 2728545,25779977, 60915537, 2728545	0.0	525.0	2728545	36782492, 3274129, 60915537, 2728545	65	664	Different	Different	Different	Different	Different	Different	Different
65	gb|DQ677333|+|0-780|ARO:3002621|aadA24	(31) 31689609+, 31674241+, 385047+ (435) , (98) 24798140+, 5638634-, 31689607+, 31674241+, 385047+ (435) , (132) 25425969-, 5638634-, 31689607+, 31674241+, 385047+ (435) , (25) 5638634-, 23556688-, 66940499-, 66940495+, 3661600-, 385047+ (435) , (932) 31770840-, 66940499-, 66940495+, 3661600-, 385047+ (435) , (932) 31770840-, 66940499-, 81873962+, 31582859- (287) , (25) 5638634-, 23556688-, 66940499-, 66940495+, 8153423-, 31582859- (287) , (932) 31770840-, 66940499-, 66940495+, 8153423-, 31582859- (287) , (132) 25425969-, 5638634-, 23556688-, 66940499-, 81873962+, 31582859- (287) , (98) 24798140+, 5638634-, 23556688-, 66940499-, 81873962+, 31582859- (287)	31, 98, 132, 25, 932, 932, 25, 932, 132, 98	435, 435, 435, 435, 435, 287, 287, 287, 287, 287	31689609, 31674241, 385047,24798140, 5638634, 31689607, 31674241, 385047,25425969, 5638634, 31689607, 31674241, 385047,5638634, 23556688, 66940499, 66940495, 3661600, 385047,31770840, 66940499, 66940495, 3661600, 385047,31770840, 66940499, 81873962, 31582859,5638634, 23556688, 66940499, 66940495, 8153423, 31582859,31770840, 66940499, 66940495, 8153423, 31582859,25425969, 5638634, 23556688, 66940499, 81873962, 31582859,24798140, 5638634, 23556688, 66940499, 81873962, 31582859	37.0	380.0	31689609,31674241,385047	31689609, 31674241, 385047	31	802	Different	Different	Different	Different	Different	Different	Different
66	gb|DQ839391.1|-|12872-13757|ARO:3003741|mphE	(1971) 584002+ (2855)	1971	2855	584002	1970.0	2800.0	584002	584002	1971	2855	MatchOnPath	SinglePathMatch	MatchOnPath	SinglePathMatch	Full	SinglePathMatch	Full
67	gb|DQ902344.1|+|2716-3517|ARO:3001412|OXA-17	(72) 32592252-, 26012357-, 758212-, 74766869-, 32267955- (52) , (23) 31339125-, 26012357-, 758212-, 74766869-, 32267955- (52) , (72) 32592252-, 26012357-, 758212-, 74766869-, 27276706- (52) , (23) 31339125-, 26012357-, 758212-, 74766869-, 27276706- (52) , (72) 32592252-, 26012357-, 758212-, 32575361- (55) , (23) 31339125-, 26012357-, 758212-, 32575361- (55) , (72) 32592258-, 758212-, 74766869-, 27276706- (52) , (72) 32592258-, 758212-, 74766869-, 32267955- (52) , (72) 32592258-, 758212-, 32575361- (55)	72, 23, 72, 23, 72, 23, 72, 72, 72	52, 52, 52, 52, 55, 55, 52, 52, 55	32592252, 26012357, 758212, 74766869, 32267955,31339125, 26012357, 758212, 74766869, 32267955,32592252, 26012357, 758212, 74766869, 27276706,31339125, 26012357, 758212, 74766869, 27276706,32592252, 26012357, 758212, 32575361,31339125, 26012357, 758212, 32575361,32592258, 758212, 74766869, 27276706,32592258, 758212, 74766869, 32267955,32592258, 758212, 32575361	0.0	0.0		0	0	0	Different	Different	Different	Different	Different	Different	Different
68	gb|EF552405|+|12-840|ARO:3001802|OXA-141	(71) 32571183-, 5674312+ (158) , (71) 32571183-, 24348369+ (158)	71, 71	158, 158	32571183, 5674312,32571183, 24348369	70.0	740.0	32571183	32571183, 5674312	71	898	Different	SinglePathMatch	Different	SinglePathMatch	Different	Different	Different
69	gb|EU294228.1|+|21241-22717|ARO:3003109|msrE	(440) 584002+ (1915)	440	1915	584002	439.0	1860.0	584002	584002	440	1915	MatchOnPath	SinglePathMatch	MatchOnPath	SinglePathMatch	Full	SinglePathMatch	Full
70	gb|EU358785|+|720-1521|ARO:3001803|OXA-142	(72) 32592252-, 26012357-, 758212-, 74766869-, 32267955- (52) , (23) 31339125-, 26012357-, 758212-, 74766869-, 32267955- (52) , (72) 32592252-, 26012357-, 758212-, 74766869-, 27276706- (52) , (23) 31339125-, 26012357-, 758212-, 74766869-, 27276706- (52) , (72) 32592252-, 26012357-, 758212-, 32575361- (55) , (23) 31339125-, 26012357-, 758212-, 32575361- (55) , (72) 32592258-, 758212-, 74766869-, 27276706- (52) , (72) 32592258-, 758212-, 74766869-, 32267955- (52) , (72) 32592258-, 758212-, 32575361- (55)	72, 23, 72, 23, 72, 23, 72, 72, 72	52, 52, 52, 52, 55, 55, 52, 52, 55	32592252, 26012357, 758212, 74766869, 32267955,31339125, 26012357, 758212, 74766869, 32267955,32592252, 26012357, 758212, 74766869, 27276706,31339125, 26012357, 758212, 74766869, 27276706,32592252, 26012357, 758212, 32575361,31339125, 26012357, 758212, 32575361,32592258, 758212, 74766869, 27276706,32592258, 758212, 74766869, 32267955,32592258, 758212, 32575361	0.0	626.0	758212	26012357, 758212	8	808	Different	Different	Different	Different	Different	Different	Different
71	gb|EU675686|+|1956-2409|ARO:3002848|arr-3	(87) 31482733+ (539)	87	539	31482733	86.0	484.0	31482733	31482733	87	539	MatchOnPath	SinglePathMatch	MatchOnPath	SinglePathMatch	Full	SinglePathMatch	Full
72	gb|EU722333.1|+|1932-3852|ARO:3000196|tet32	(39) 6390767-, 31413540- (815)	39	815	6390767, 31413540	38.0	760.0	6390767,31413540	6390767, 31413540	39	1958	Different	Different	Different	Different	MatchOnPathAndStart	Different	Different
73	gb|EU746499.1|+|639-1437|ARO:3002613|aadA13	(920) 31770840-, 66940499-, 66940495+, 8153423-, 31582859- (297) , (920) 31770840-, 66940499-, 81873962+, 31582859- (297) , (920) 31770840-, 66940499-, 66940495+, 3661600-, 385047+ (442) , (25) 5638634-, 23556688-, 66940499-, 66940495+, 8153423-, 31582859- (297) , (25) 5638634-, 23556688-, 66940499-, 81873962+, 31582859- (297) , (11) 31689609+, 31674241+, 385047+ (442) , (25) 5638634-, 31689607+, 31674241+, 385047+ (442) , (25) 5638634-, 23556688-, 66940499-, 66940495+, 3661600-, 385047+ (442)	920, 920, 920, 25, 25, 11, 25, 25	297, 297, 442, 297, 297, 442, 442, 442	31770840, 66940499, 66940495, 8153423, 31582859,31770840, 66940499, 81873962, 31582859,31770840, 66940499, 66940495, 3661600, 385047,5638634, 23556688, 66940499, 66940495, 8153423, 31582859,5638634, 23556688, 66940499, 81873962, 31582859,31689609, 31674241, 385047,5638634, 31689607, 31674241, 385047,5638634, 23556688, 66940499, 66940495, 3661600, 385047	919.0	242.0	31770840,66940499,66940495,8153423,31582859	31770840, 66940499, 66940495, 8153423, 31582859	920	1717	Different	Different	Different	Different	Different	Different	Different
74	gb|EU748544|+|0-927|ARO:3002366|PER-4	(1454) 5606345- (2380)	1454	2380	5606345	1453.0	2325.0	5606345	5606345	1454	2380	MatchOnPath	SinglePathMatch	MatchOnPath	SinglePathMatch	Full	SinglePathMatch	Full
75	gb|EU850412|+|2269-3166|ARO:3002249|CARB-10	(146) 267426-, 63777837- (82) , (146) 267426-, 5625755+ (82)	146, 146	82, 82	267426, 63777837,267426, 5625755	145.0	960.0	267426	267426, 63777837	146	1042	Different	SinglePathMatch	Different	SinglePathMatch	Different	Different	Different
76	gb|FJ381668|+|56-848|ARO:3002612|aadA12	(13) 5638634-, 23556688-, 66940499-, 66940495+, 3661600-, 385047+ (433) , (11) 31689609+, 31674241+, 385047+ (433) , (86) 24798140+, 5638634-, 31689607+, 31674241+, 385047+ (433) , (120) 25425969-, 5638634-, 31689607+, 31674241+, 385047+ (433) , (932) 31770840-, 66940499-, 66940495+, 3661600-, 385047+ (433) , (13) 5638634-, 23556688-, 66940499-, 66940495+, 8153423-, 31582859- (276) , (932) 31770840-, 66940499-, 81873962+, 31582859- (276) , (932) 31770840-, 66940499-, 66940495+, 8153423-, 31582859- (276) , (120) 25425969-, 5638634-, 23556688-, 66940499-, 81873962+, 31582859- (276) , (86) 24798140+, 5638634-, 23556688-, 66940499-, 81873962+, 31582859- (276) , (81) 26862905- (794)	13, 11, 86, 120, 932, 13, 932, 932, 120, 86, 81	433, 433, 433, 433, 433, 276, 276, 276, 276, 276, 794	5638634, 23556688, 66940499, 66940495, 3661600, 385047,31689609, 31674241, 385047,24798140, 5638634, 31689607, 31674241, 385047,25425969, 5638634, 31689607, 31674241, 385047,31770840, 66940499, 66940495, 3661600, 385047,5638634, 23556688, 66940499, 66940495, 8153423, 31582859,31770840, 66940499, 81873962, 31582859,31770840, 66940499, 66940495, 8153423, 31582859,25425969, 5638634, 23556688, 66940499, 81873962, 31582859,24798140, 5638634, 23556688, 66940499, 81873962, 31582859,26862905	0.0	360.0	385047	31689609, 31674241, 385047	11	802	Different	Different	Different	Different	Different	Different	Different
77	gb|FJ617207|+|0-828|ARO:3001800|OXA-226	(71) 32571183-, 5674312+ (158) , (71) 32571183-, 24348369+ (158)	71, 71	158, 158	32571183, 5674312,32571183, 24348369	70.0	740.0	32571183	32571183, 5674312	71	898	Different	SinglePathMatch	Different	SinglePathMatch	Different	Different	Different
78	gb|FJ790516|+|1287-2085|ARO:3001804|OXA-145	(72) 32592258-, 758212-, 74766869- (55) , (72) 32592258-, 758212-, 32575361- (55) , (72) 32592252-, 26012357-, 758212-, 74766869- (55) , (72) 32592252-, 26012357-, 758212-, 32575361- (55) , (23) 31339125-, 26012357-, 758212-, 74766869- (55) , (23) 31339125-, 26012357-, 758212-, 32575361- (55)	72, 72, 72, 72, 23, 23	55, 55, 55, 55, 55, 55	32592258, 758212, 74766869,32592258, 758212, 32575361,32592252, 26012357, 758212, 74766869,32592252, 26012357, 758212, 32575361,31339125, 26012357, 758212, 74766869,31339125, 26012357, 758212, 32575361	0.0	626.0	758212	32592258, 758212	72	872	Different	Different	Different	Different	Different	Different	Different
79	gb|FJ820124|+|1123-1987|ARO:3002339|GES-10	(93) 32422725-, 5613425+ (32) , (93) 32422725-, 32146774- (32)	93, 93	32, 32	32422725, 5613425,32422725, 32146774	92.0	901.0	32422725	32422725	93	956	Different	SinglePathMatch	MatchOnPath	SinglePathMatch	Different	SinglePathMatch	SinglePathMatch
80	gb|FJ848783|+|1270-2071|ARO:3001801|OXA-147	(72) 32592258-, 758212-, 74766869- (55) , (72) 32592258-, 758212-, 32575361- (55) , (72) 32592252-, 26012357-, 758212-, 74766869- (55) , (72) 32592252-, 26012357-, 758212-, 32575361- (55) , (23) 31339125-, 26012357-, 758212-, 74766869- (55) , (23) 31339125-, 26012357-, 758212-, 32575361- (55)	72, 72, 72, 72, 23, 23	55, 55, 55, 55, 55, 55	32592258, 758212, 74766869,32592258, 758212, 32575361,32592252, 26012357, 758212, 74766869,32592252, 26012357, 758212, 32575361,31339125, 26012357, 758212, 74766869,31339125, 26012357, 758212, 32575361	0.0	626.0	758212	32592258, 758212	72	872	Different	Different	Different	Different	Different	Different	Different
81	gb|FJ854362|+|701-1565|ARO:3002340|GES-11	(93) 32422725-, 5613425+ (32) , (93) 32422725-, 32146774- (32)	93, 93	32, 32	32422725, 5613425,32422725, 32146774	92.0	901.0	32422725	32422725	93	956	Different	SinglePathMatch	MatchOnPath	SinglePathMatch	Different	SinglePathMatch	SinglePathMatch
82	gb|FN554543|+|0-864|ARO:3002341|GES-12	(93) 32422725-, 5613425+ (32) , (93) 32422725-, 32146774- (32)	93, 93	32, 32	32422725, 5613425,32422725, 32146774	92.0	901.0	32422725	32422725	93	956	Different	SinglePathMatch	MatchOnPath	SinglePathMatch	Different	SinglePathMatch	SinglePathMatch
83	gb|GQ202693|+|1171-1999|ARO:3001799|OXA-161	(71) 32571183-, 5674312+ (158) , (71) 32571183-, 24348369+ (158)	71, 71	158, 158	32571183, 5674312,32571183, 24348369	70.0	740.0	32571183	32571183, 5674312	71	898	Different	SinglePathMatch	Different	SinglePathMatch	Different	Different	Different
84	gb|GQ342996|+|797-1793|ARO:3003097|CfxA6	(27) 32071353-, 26004826-, 280008- (966) , 3034281+, 280008- (966) , (138) 5661688+ (1102)	27, 966, 138	966, 966, 1102	32071353, 26004826, 280008,3034281, 280008,5661688	0.0	911.0	280008	32071353, 26004826, 280008	27	1022	Different	Different	Different	Different	Different	Different	Different
85	gb|GQ891757|+|2004-2661|ARO:3002801|QnrVC4	(266) 80949639- (922)	266	922	80949639	265.0	867.0	80949639	80949639	266	922	MatchOnPath	SinglePathMatch	MatchOnPath	SinglePathMatch	Full	SinglePathMatch	Full
86	gb|GU169702|+|608-1472|ARO:3002342|GES-13	(93) 32422725-, 5613425+ (32) , (93) 32422725-, 32146774- (32)	93, 93	32, 32	32422725, 5613425,32422725, 32146774	92.0	901.0	32422725	32422725	93	956	Different	SinglePathMatch	MatchOnPath	SinglePathMatch	Different	SinglePathMatch	SinglePathMatch
87	gb|GU207844|+|0-864|ARO:3002343|GES-14	(93) 32422725-, 5613425+ (32) , (93) 32422725-, 32146774- (32)	93, 93	32, 32	32422725, 5613425,32422725, 32146774	92.0	901.0	32422725	32422725	93	956	Different	SinglePathMatch	MatchOnPath	SinglePathMatch	Different	SinglePathMatch	SinglePathMatch
88	gb|GU208678|+|0-864|ARO:3002344|GES-15	(93) 32422725-, 5613425+ (32) , (93) 32422725-, 32146774- (32)	93, 93	32, 32	32422725, 5613425,32422725, 32146774	92.0	901.0	32422725	32422725	93	956	Different	SinglePathMatch	MatchOnPath	SinglePathMatch	Different	SinglePathMatch	SinglePathMatch
89	gb|GU831575|+|0-843|ARO:3001662|OXA-164	(73) 32026252- (915)	73	915	32026252	72.0	860.0	32026252	32026252	73	915	MatchOnPath	SinglePathMatch	MatchOnPath	SinglePathMatch	Full	SinglePathMatch	Full
90	gb|HE616889|+|1826-2627|ARO:3001502|OXA-256	(72) 32592252-, 26012357-, 758212-, 74766869-, 32267955- (52) , (23) 31339125-, 26012357-, 758212-, 74766869-, 32267955- (52) , (72) 32592252-, 26012357-, 758212-, 74766869-, 27276706- (52) , (23) 31339125-, 26012357-, 758212-, 74766869-, 27276706- (52) , (72) 32592252-, 26012357-, 758212-, 32575361- (55) , (23) 31339125-, 26012357-, 758212-, 32575361- (55) , (72) 32592258-, 758212-, 74766869-, 27276706- (52) , (72) 32592258-, 758212-, 74766869-, 32267955- (52) , (72) 32592258-, 758212-, 32575361- (55)	72, 23, 72, 23, 72, 23, 72, 72, 72	52, 52, 52, 52, 55, 55, 52, 52, 55	32592252, 26012357, 758212, 74766869, 32267955,31339125, 26012357, 758212, 74766869, 32267955,32592252, 26012357, 758212, 74766869, 27276706,31339125, 26012357, 758212, 74766869, 27276706,32592252, 26012357, 758212, 32575361,31339125, 26012357, 758212, 32575361,32592258, 758212, 74766869, 27276706,32592258, 758212, 74766869, 32267955,32592258, 758212, 32575361	0.0	626.0	758212	26012357, 758212	8	808	Different	Different	Different	Different	Different	Different	Different
91	gb|HF953351|-|2461-3358|ARO:3002255|CARB-16	(146) 267426-, 63777837- (82) , (146) 267426-, 5625755+ (82)	146, 146	82, 82	267426, 63777837,267426, 5625755	145.0	960.0	267426	267426, 63777837	146	1042	Different	SinglePathMatch	Different	SinglePathMatch	Different	Different	Different
92	gb|HM173356|+|511-1375|ARO:3002345|GES-16	(93) 32422725-, 5613425+ (32) , (93) 32422725-, 32146774- (32)	93, 93	32, 32	32422725, 5613425,32422725, 32146774	92.0	901.0	32422725	32422725	93	956	Different	SinglePathMatch	MatchOnPath	SinglePathMatch	Different	SinglePathMatch	SinglePathMatch
93	gb|HQ111474|+|1056-1857|ARO:3001475|OXA-183	(72) 32592258-, 758212-, 74766869- (55) , (72) 32592258-, 758212-, 32575361- (55) , (72) 32592252-, 26012357-, 758212-, 74766869- (55) , (72) 32592252-, 26012357-, 758212-, 32575361- (55) , (23) 31339125-, 26012357-, 758212-, 74766869- (55) , (23) 31339125-, 26012357-, 758212-, 32575361- (55)	72, 72, 72, 72, 23, 23	55, 55, 55, 55, 55, 55	32592258, 758212, 74766869,32592258, 758212, 32575361,32592252, 26012357, 758212, 74766869,32592252, 26012357, 758212, 32575361,31339125, 26012357, 758212, 74766869,31339125, 26012357, 758212, 32575361	0.0	626.0	758212	32592258, 758212	72	872	Different	Different	Different	Different	Different	Different	Different
94	gb|HQ874631|+|0-864|ARO:3002346|GES-17	(93) 32422725-, 5613425+ (32) , (93) 32422725-, 32146774- (32)	93, 93	32, 32	32422725, 5613425,32422725, 32146774	92.0	901.0	32422725	32422725	93	956	Different	SinglePathMatch	MatchOnPath	SinglePathMatch	Different	SinglePathMatch	SinglePathMatch
95	gb|JCMW02000002.1|-|55721-56522|ARO:3004489|OXA-663	(72) 32592252-, 26012357-, 758212-, 74766869-, 32267955- (52) , (23) 31339125-, 26012357-, 758212-, 74766869-, 32267955- (52) , (23) 31339125-, 26012357-, 758212-, 32575361- (55) , (72) 32592252-, 26012357-, 758212-, 32575361- (55) , (23) 31339125-, 26012357-, 758212-, 74766869-, 27276706- (52) , (72) 32592252-, 26012357-, 758212-, 74766869-, 27276706- (52) , (72) 32592258-, 758212-, 74766869-, 27276706- (52) , (72) 32592258-, 758212-, 74766869-, 32267955- (52) , (72) 32592258-, 758212-, 32575361- (55)	72, 23, 23, 72, 23, 72, 72, 72, 72	52, 52, 55, 55, 52, 52, 52, 52, 55	32592252, 26012357, 758212, 74766869, 32267955,31339125, 26012357, 758212, 74766869, 32267955,31339125, 26012357, 758212, 32575361,32592252, 26012357, 758212, 32575361,31339125, 26012357, 758212, 74766869, 27276706,32592252, 26012357, 758212, 74766869, 27276706,32592258, 758212, 74766869, 27276706,32592258, 758212, 74766869, 32267955,32592258, 758212, 32575361	0.0	626.0	758212	26012357, 758212	8	808	Different	Different	Different	Different	Different	Different	Different
96	gb|JF795487|+|0-828|ARO:3001487|OXA-210	(71) 32571183-, 5674312+ (158) , (71) 32571183-, 24348369+ (158)	71, 71	158, 158	32571183, 5674312,32571183, 24348369	70.0	740.0	32571183	32571183, 5674312	71	898	Different	SinglePathMatch	Different	SinglePathMatch	Different	Different	Different
97	gb|JF800667|+|657-1458|ARO:3001483|OXA-205	(19) 2556907-, 1160229-, 25425969- (71) , (19) 2556907-, 1160229-, 26511913- (71) , (222) 83520186+, 1160229-, 25425969- (71) , (222) 83520186+, 1160229-, 26511913- (71)	19, 19, 222, 222	71, 71, 71, 71	2556907, 1160229, 25425969,2556907, 1160229, 26511913,83520186, 1160229, 25425969,83520186, 1160229, 26511913	18.0	579.0	2556907	2556907, 1160229, 25425969	19	819	Different	SinglePathMatch	Different	SinglePathMatch	Different	Different	Different
98	gb|JF969163|+|1053-1893|ARO:3000410|sul1	(404) 31214328- (1243)	404	1243	31214328	403.0	1188.0	31214328	31214328	404	1243	MatchOnPath	SinglePathMatch	MatchOnPath	SinglePathMatch	Full	SinglePathMatch	Full
99	gb|JN118546|+|1761-2562|ARO:3001500|OXA-251	(72) 32592252-, 26012357-, 758212-, 74766869-, 32267955- (52) , (23) 31339125-, 26012357-, 758212-, 74766869-, 32267955- (52) , (72) 32592252-, 26012357-, 758212-, 74766869-, 27276706- (52) , (23) 31339125-, 26012357-, 758212-, 74766869-, 27276706- (52) , (72) 32592252-, 26012357-, 758212-, 32575361- (55) , (23) 31339125-, 26012357-, 758212-, 32575361- (55) , (72) 32592258-, 758212-, 74766869-, 27276706- (52) , (72) 32592258-, 758212-, 74766869-, 32267955- (52) , (72) 32592258-, 758212-, 32575361- (55)	72, 23, 72, 23, 72, 23, 72, 72, 72	52, 52, 52, 52, 55, 55, 52, 52, 55	32592252, 26012357, 758212, 74766869, 32267955,31339125, 26012357, 758212, 74766869, 32267955,32592252, 26012357, 758212, 74766869, 27276706,31339125, 26012357, 758212, 74766869, 27276706,32592252, 26012357, 758212, 32575361,31339125, 26012357, 758212, 32575361,32592258, 758212, 74766869, 27276706,32592258, 758212, 74766869, 32267955,32592258, 758212, 32575361	0.0	626.0	758212	26012357, 758212	8	808	Different	Different	Different	Different	Different	Different	Different
100	gb|JN596280|+|1918-2782|ARO:3002348|GES-19	(93) 32422725-, 5613425+ (32) , (93) 32422725-, 32146774- (32)	93, 93	32, 32	32422725, 5613425,32422725, 32146774	92.0	901.0	32422725	32422725	93	956	Different	SinglePathMatch	MatchOnPath	SinglePathMatch	Different	SinglePathMatch	SinglePathMatch
101	gb|JN596280|+|2847-3711|ARO:3002349|GES-20	(93) 32422725-, 5613425+ (32) , (93) 32422725-, 32146774- (32)	93, 93	32, 32	32422725, 5613425,32422725, 32146774	92.0	901.0	32422725	32422725	93	956	Different	SinglePathMatch	MatchOnPath	SinglePathMatch	Different	SinglePathMatch	SinglePathMatch
102	gb|JQ028729|+|0-864|ARO:3002347|GES-18	(93) 32422725-, 5613425+ (32) , (93) 32422725-, 32146774- (32)	93, 93	32, 32	32422725, 5613425,32422725, 32146774	92.0	901.0	32422725	32422725	93	956	Different	SinglePathMatch	MatchOnPath	SinglePathMatch	Different	SinglePathMatch	SinglePathMatch
103	gb|JQ364968|+|3332-4229|ARO:3002252|CARB-14	(146) 267426-, 63777837- (82) , (146) 267426-, 5625755+ (82)	146, 146	82, 82	267426, 63777837,267426, 5625755	145.0	958.0	267426	267426, 63777837	146	1042	Different	SinglePathMatch	Different	SinglePathMatch	Different	Different	Different
104	gb|JQ772478|+|140-1004|ARO:3002350|GES-21	(93) 32422725-, 5613425+ (32) , (93) 32422725-, 32146774- (32)	93, 93	32, 32	32422725, 5613425,32422725, 32146774	92.0	901.0	32422725	32422725	93	956	Different	SinglePathMatch	MatchOnPath	SinglePathMatch	Different	SinglePathMatch	SinglePathMatch
105	gb|JQ808129|+|633-1188|ARO:3002546|AAC(6')-Ib	(26) 2728545- (580)	26	580	2728545	25.0	525.0	2728545	2728545	26	580	MatchOnPath	SinglePathMatch	MatchOnPath	SinglePathMatch	Full	SinglePathMatch	Full
106	gb|JX023441|+|37-901|ARO:3002351|GES-22	(93) 32422725-, 5613425+ (32) , (93) 32422725-, 32146774- (32)	93, 93	32, 32	32422725, 5613425,32422725, 32146774	92.0	901.0	32422725	32422725	93	956	Different	SinglePathMatch	MatchOnPath	SinglePathMatch	Different	SinglePathMatch	SinglePathMatch
107	gb|JX089628|+|0-801|ARO:3001499|OXA-240	(72) 32592252-, 26012357-, 758212-, 74766869-, 32267955- (52) , (23) 31339125-, 26012357-, 758212-, 74766869-, 32267955- (52) , (72) 32592252-, 26012357-, 758212-, 74766869-, 27276706- (52) , (23) 31339125-, 26012357-, 758212-, 74766869-, 27276706- (52) , (72) 32592252-, 26012357-, 758212-, 32575361- (55) , (23) 31339125-, 26012357-, 758212-, 32575361- (55) , (72) 32592258-, 758212-, 74766869-, 27276706- (52) , (72) 32592258-, 758212-, 74766869-, 32267955- (52) , (72) 32592258-, 758212-, 32575361- (55)	72, 23, 72, 23, 72, 23, 72, 72, 72	52, 52, 52, 52, 55, 55, 52, 52, 55	32592252, 26012357, 758212, 74766869, 32267955,31339125, 26012357, 758212, 74766869, 32267955,32592252, 26012357, 758212, 74766869, 27276706,31339125, 26012357, 758212, 74766869, 27276706,32592252, 26012357, 758212, 32575361,31339125, 26012357, 758212, 32575361,32592258, 758212, 74766869, 27276706,32592258, 758212, 74766869, 32267955,32592258, 758212, 32575361	0.0	626.0	758212	26012357, 758212	8	808	Different	Different	Different	Different	Different	Different	Different
108	gb|JX101693.1|+|58200-58833|ARO:3002676|catB3	(86) 31534610- (718)	86	718	31534610	85.0	663.0	31534610	31534610	86	718	MatchOnPath	SinglePathMatch	MatchOnPath	SinglePathMatch	Full	SinglePathMatch	Full
109	gb|KC170992.1|+|8362-9142|ARO:3003687|APH(3')-VI	(180) 6903442+, 506744- (243) , (180) 6903442+, 86408359- (241)	180, 180	243, 241	6903442, 506744,6903442, 86408359	179.0	716.0	6903442	6903442, 506744	180	959	Different	SinglePathMatch	Different	SinglePathMatch	Different	Different	Different
110	gb|KF711993|+|0-801|ARO:3001807|OXA-246	(72) 32592252-, 26012357-, 758212-, 74766869-, 32267955- (52) , (23) 31339125-, 26012357-, 758212-, 74766869-, 32267955- (52) , (72) 32592252-, 26012357-, 758212-, 74766869-, 27276706- (52) , (23) 31339125-, 26012357-, 758212-, 74766869-, 27276706- (52) , (72) 32592252-, 26012357-, 758212-, 32575361- (55) , (23) 31339125-, 26012357-, 758212-, 32575361- (55) , (72) 32592258-, 758212-, 74766869-, 27276706- (52) , (72) 32592258-, 758212-, 74766869-, 32267955- (52) , (72) 32592258-, 758212-, 32575361- (55)	72, 23, 72, 23, 72, 23, 72, 72, 72	52, 52, 52, 52, 55, 55, 52, 52, 55	32592252, 26012357, 758212, 74766869, 32267955,31339125, 26012357, 758212, 74766869, 32267955,32592252, 26012357, 758212, 74766869, 27276706,31339125, 26012357, 758212, 74766869, 27276706,32592252, 26012357, 758212, 32575361,31339125, 26012357, 758212, 32575361,32592258, 758212, 74766869, 27276706,32592258, 758212, 74766869, 32267955,32592258, 758212, 32575361	0.0	626.0	758212	26012357, 758212	8	808	Different	Different	Different	Different	Different	Different	Different
111	gb|KF921535.1|+|617-1091|ARO:3002859|dfrA14	(71) 85537095+ (544)	71	544	85537095	70.0	489.0	85537095	85537095	71	544	MatchOnPath	SinglePathMatch	MatchOnPath	SinglePathMatch	Full	SinglePathMatch	Full
112	gb|KJ420612.1|+|1821-2622|ARO:3001409|OXA-14	(72) 32592252-, 26012357-, 758212-, 74766869-, 32267955- (52) , (23) 31339125-, 26012357-, 758212-, 74766869-, 32267955- (52) , (72) 32592252-, 26012357-, 758212-, 74766869-, 27276706- (52) , (23) 31339125-, 26012357-, 758212-, 74766869-, 27276706- (52) , (72) 32592252-, 26012357-, 758212-, 32575361- (55) , (23) 31339125-, 26012357-, 758212-, 32575361- (55) , (72) 32592258-, 758212-, 74766869-, 27276706- (52) , (72) 32592258-, 758212-, 74766869-, 32267955- (52) , (72) 32592258-, 758212-, 32575361- (55)	72, 23, 72, 23, 72, 23, 72, 72, 72	52, 52, 52, 52, 55, 55, 52, 52, 55	32592252, 26012357, 758212, 74766869, 32267955,31339125, 26012357, 758212, 74766869, 32267955,32592252, 26012357, 758212, 74766869, 27276706,31339125, 26012357, 758212, 74766869, 27276706,32592252, 26012357, 758212, 32575361,31339125, 26012357, 758212, 32575361,32592258, 758212, 74766869, 27276706,32592258, 758212, 74766869, 32267955,32592258, 758212, 32575361	0.0	626.0	758212	26012357, 758212	8	808	Different	Different	Different	Different	Different	Different	Different
113	gb|KJ657570|+|0-801|ARO:3001495|OXA-233	(72) 32592252-, 26012357-, 758212-, 74766869-, 32267955- (52) , (23) 31339125-, 26012357-, 758212-, 74766869-, 32267955- (52) , (72) 32592252-, 26012357-, 758212-, 74766869-, 27276706- (52) , (23) 31339125-, 26012357-, 758212-, 74766869-, 27276706- (52) , (72) 32592252-, 26012357-, 758212-, 32575361- (55) , (23) 31339125-, 26012357-, 758212-, 32575361- (55) , (72) 32592258-, 758212-, 74766869-, 27276706- (52) , (72) 32592258-, 758212-, 74766869-, 32267955- (52) , (72) 32592258-, 758212-, 32575361- (55)	72, 23, 72, 23, 72, 23, 72, 72, 72	52, 52, 52, 52, 55, 55, 52, 52, 55	32592252, 26012357, 758212, 74766869, 32267955,31339125, 26012357, 758212, 74766869, 32267955,32592252, 26012357, 758212, 74766869, 27276706,31339125, 26012357, 758212, 74766869, 27276706,32592252, 26012357, 758212, 32575361,31339125, 26012357, 758212, 32575361,32592258, 758212, 74766869, 27276706,32592258, 758212, 74766869, 32267955,32592258, 758212, 32575361	0.0	626.0	758212	26012357, 758212	8	808	Different	Different	Different	Different	Different	Different	Different
114	gb|KJ865754|+|0-828|ARO:3001606|OXA-415	(71) 32571183-, 5674312+ (158) , (71) 32571183-, 24348369+ (158)	71, 71	158, 158	32571183, 5674312,32571183, 24348369	70.0	740.0	32571183	32571183, 5674312	71	898	Different	SinglePathMatch	Different	SinglePathMatch	Different	Different	Different
115	gb|KP096411|+|0-864|ARO:3003181|GES-26	(93) 32422725-, 5613425+ (32) , (93) 32422725-, 32146774- (32)	93, 93	32, 32	32422725, 5613425,32422725, 32146774	92.0	901.0	32422725	32422725	93	956	Different	SinglePathMatch	MatchOnPath	SinglePathMatch	Different	SinglePathMatch	SinglePathMatch
116	gb|KP265721.1|+|331-1558|ARO:3004608|EreD	(161) 1761822+ (1387)	161	1387	1761822	160.0	1332.0	1761822	1761822	161	1387	MatchOnPath	SinglePathMatch	MatchOnPath	SinglePathMatch	Full	SinglePathMatch	Full
117	gb|KR091911.1|-|74564-75350|ARO:3002578|AAC(6')-Ib7	0	0	0	0	0.0	525.0	2728545	4502681, 31214326, 15299651, 22715649, 50555643, 32286601, 24065316, 3274129, 60915537, 2728545	57	842	Different	Different	Different	Different	Different	Different	Different
118	gb|KT736121.1|+|1176-1977|ARO:3001555|OXA-368	(72) 32592252-, 26012357-, 758212-, 74766869-, 32267955- (52) , (23) 31339125-, 26012357-, 758212-, 74766869-, 32267955- (52) , (72) 32592252-, 26012357-, 758212-, 74766869-, 27276706- (52) , (23) 31339125-, 26012357-, 758212-, 74766869-, 27276706- (52) , (72) 32592252-, 26012357-, 758212-, 32575361- (55) , (23) 31339125-, 26012357-, 758212-, 32575361- (55) , (72) 32592258-, 758212-, 74766869-, 27276706- (52) , (72) 32592258-, 758212-, 74766869-, 32267955- (52) , (72) 32592258-, 758212-, 32575361- (55)	72, 23, 72, 23, 72, 23, 72, 72, 72	52, 52, 52, 52, 55, 55, 52, 52, 55	32592252, 26012357, 758212, 74766869, 32267955,31339125, 26012357, 758212, 74766869, 32267955,32592252, 26012357, 758212, 74766869, 27276706,31339125, 26012357, 758212, 74766869, 27276706,32592252, 26012357, 758212, 32575361,31339125, 26012357, 758212, 32575361,32592258, 758212, 74766869, 27276706,32592258, 758212, 74766869, 32267955,32592258, 758212, 32575361	0.0	626.0	758212	26012357, 758212	8	808	Different	Different	Different	Different	Different	Different	Different
119	gb|L09246|+|543-981|ARO:3002554|AAC(6')-Ig	34689- (421)	421	421	34689	0.0	366.0	34689	34689	1	421	MatchOnPath	SinglePathMatch	MatchOnPath	SinglePathMatch	MatchOnPathAndEnd	SinglePathMatch	SinglePathMatch
120	gb|L42817|+|201-936|ARO:3000522|ErmG	(82) 2101349- (816)	82	816	2101349	81.0	761.0	2101349	2101349	82	816	MatchOnPath	SinglePathMatch	MatchOnPath	SinglePathMatch	Full	SinglePathMatch	Full
121	gb|LC037981|+|0-801|ARO:3003610|OXA-454	(72) 32592252-, 26012357-, 758212-, 74766869-, 32267955- (52) , (23) 31339125-, 26012357-, 758212-, 74766869-, 32267955- (52) , (72) 32592252-, 26012357-, 758212-, 74766869-, 27276706- (52) , (23) 31339125-, 26012357-, 758212-, 74766869-, 27276706- (52) , (72) 32592252-, 26012357-, 758212-, 32575361- (55) , (23) 31339125-, 26012357-, 758212-, 32575361- (55) , (72) 32592258-, 758212-, 74766869-, 27276706- (52) , (72) 32592258-, 758212-, 74766869-, 32267955- (52) , (72) 32592258-, 758212-, 32575361- (55)	72, 23, 72, 23, 72, 23, 72, 72, 72	52, 52, 52, 52, 55, 55, 52, 52, 55	32592252, 26012357, 758212, 74766869, 32267955,31339125, 26012357, 758212, 74766869, 32267955,32592252, 26012357, 758212, 74766869, 27276706,31339125, 26012357, 758212, 74766869, 27276706,32592252, 26012357, 758212, 32575361,31339125, 26012357, 758212, 32575361,32592258, 758212, 74766869, 27276706,32592258, 758212, 74766869, 32267955,32592258, 758212, 32575361	0.0	626.0	758212	26012357, 758212	8	808	Different	Different	Different	Different	Different	Different	Different
122	gb|LN873256.1|-|3238-4027|ARO:3004682|aadA27	(172) 96908+, 293994+ (163) , (172) 96908+, 31639+ (163)	172, 172	163, 163	96908, 293994,96908, 31639	171.0	797.0	96908	96908, 293994	172	960	Different	SinglePathMatch	Different	SinglePathMatch	Different	Different	Different
123	gb|M17124|+|1181-1982|ARO:3000498|ErmF	(3) 26006141+ (803)	3	803	26006141	2.0	748.0	26006141	26006141	3	803	MatchOnPath	SinglePathMatch	MatchOnPath	SinglePathMatch	Full	SinglePathMatch	Full
124	gb|M18896.2|+|206-2126|ARO:3000190|tetO	(254) 4147608+, 3205126+, 17316950- (60)	254	60	4147608, 3205126, 17316950	253.0	696.0	4147608,3205126	4147608, 3205126, 17316950	254	2173	Different	Different	Different	Different	MatchOnPathAndStart	Different	Different
125	gb|M35190.1|+|308-932|ARO:3004454|Campylobacter_coli_chloramphenicol_acetyltransferase	(102) 7014724- (704)	102	704	7014724	101.0	649.0	7014724	7014724	102	708	MatchOnPath	SinglePathMatch	MatchOnPath	SinglePathMatch	MatchOnPathAndStart	SinglePathMatch	SinglePathMatch
126	gb|M37699|+|585-1752|ARO:3000205|tetX	(643) 5620851- (1809)	643	1809	5620851	642.0	1754.0	5620851	5620851	643	1809	MatchOnPath	SinglePathMatch	MatchOnPath	SinglePathMatch	Full	SinglePathMatch	Full
127	gb|M55620|+|0-660|ARO:3002687|catQ	(393) 5986788- (1052)	393	1052	5986788	392.0	997.0	5986788	5986788	393	1052	MatchOnPath	SinglePathMatch	MatchOnPath	SinglePathMatch	Full	SinglePathMatch	Full
128	gb|M72415.1|+|1120-1984|ARO:3004683|aadS	(3254) 18574655-, 224504+ (836) , (86) 3210281-, 224504+ (836)	3254, 86	836, 836	18574655, 224504,3210281, 224504	0.0	781.0	224504	18574655, 224504	3254	4117	Different	Different	Different	Different	Different	Different	Different
129	gb|M95287.4|+|2455-3283|ARO:3001397|OXA-2	(71) 32571183-, 5674312+ (158) , (71) 32571183-, 24348369+ (158)	71, 71	158, 158	32571183, 5674312,32571183, 24348369	70.0	740.0	32571183	32571183, 5674312	71	898	Different	SinglePathMatch	Different	SinglePathMatch	Different	Different	Different
130	gb|NC_008618.1|-|1667063-1670624|ARO:3004480|Bifidobacterium_adolescentis_rpoB_conferring_resistance_to_rifampicin	(2940) 5663829+ (6500)	2940	6500	5663829	2939.0	6445.0	5663829	5663829	2940	6500	MatchOnPath	SinglePathMatch	MatchOnPath	SinglePathMatch	Full	SinglePathMatch	Full
131	gb|NG_050218.1|+|0-1061|ARO:3001044|TEM-181	(132) 32381806+ (1184)	132	1184	32381806	0.0	0.0		0	0	0	Different	Different	Different	Different	Different	Different	Different
132	gb|U00096.3|-|3203309-3204131|ARO:3002986|bacA	(1167) 840686+ (1986) , 6909904+ (775)	1167, 775	1986, 775	840686,6909904	1166.0	1931.0	840686	840686	1167	1988	Different	SinglePathMatch	MatchOnPath	SinglePathMatch	Different	SinglePathMatch	SinglePathMatch
133	gb|U00096.3|-|721055-721733|ARO:3003841|kdpE	(98) 31522874- (775)	98	775	31522874	97.0	720.0	31522874	31522874	98	775	MatchOnPath	SinglePathMatch	MatchOnPath	SinglePathMatch	Full	SinglePathMatch	Full
134	gb|U00096|+|2367070-2368039|ARO:3003578|pmrF	(360) 459768+ (1328)	360	1328	459768	359.0	1273.0	459768	459768	360	1328	MatchOnPath	SinglePathMatch	MatchOnPath	SinglePathMatch	Full	SinglePathMatch	Full
135	gb|U12338|+|5055-5520|ARO:3002528|AAC(3)-Ia	(71) 402256+ (535)	71	535	402256	70.0	480.0	402256	402256	71	535	MatchOnPath	SinglePathMatch	MatchOnPath	SinglePathMatch	Full	SinglePathMatch	Full
136	gb|U59183|+|247-859|ARO:3002581|AAC(6')-Ib10	(77) 36782492-, 3274129-, 60915537-, 2728545- (580) , (49) 25779977-, 60915537-, 2728545- (580) , (14) 24065316+, 3274129-, 60915537-, 2728545- (580)	77, 49, 14	580, 580, 580	36782492, 3274129, 60915537, 2728545,25779977, 60915537, 2728545,24065316, 3274129, 60915537, 2728545	0.0	525.0	2728545	24065316, 3274129, 60915537, 2728545	14	627	Different	Different	Different	Different	Different	Different	Different
137	gb|U59183|+|939-1740|ARO:3001408|OXA-13	(72) 32592258-, 758212-, 74766869- (55) , (72) 32592258-, 758212-, 32575361- (55) , (72) 32592252-, 26012357-, 758212-, 74766869- (55) , (72) 32592252-, 26012357-, 758212-, 32575361- (55) , (23) 31339125-, 26012357-, 758212-, 74766869- (55) , (23) 31339125-, 26012357-, 758212-, 32575361- (55)	72, 72, 72, 72, 23, 23	55, 55, 55, 55, 55, 55	32592258, 758212, 74766869,32592258, 758212, 32575361,32592252, 26012357, 758212, 74766869,32592252, 26012357, 758212, 32575361,31339125, 26012357, 758212, 74766869,31339125, 26012357, 758212, 32575361	0.0	626.0	758212	32592258, 758212	72	872	Different	Different	Different	Different	Different	Different	Different
138	gb|U63835|+|127-955|ARO:3001410|OXA-15	(71) 32571183-, 5674312+ (158) , (71) 32571183-, 24348369+ (158)	71, 71	158, 158	32571183, 5674312,32571183, 24348369	70.0	740.0	32571183	32571183, 5674312	71	898	Different	SinglePathMatch	Different	SinglePathMatch	Different	Different	Different
139	gb|X02340.1|+|222-1194|ARO:3004089|ANT(3'')-IIa	0	0	0	0	0.0	380.0	31689609,31674241,385047	31214326, 15299651, 77161691, 15936737, 31689609, 31674241, 385047	3	967	Different	Different	Different	Different	Different	Different	Different
140	gb|X07753|+|102-882|ARO:3002652|APH(3')-VIa	(180) 6903442+, 506744- (243) , (180) 6903442+, 86408359- (241)	180, 180	243, 241	6903442, 506744,6903442, 86408359	179.0	716.0	6903442	6903442, 506744	180	959	Different	SinglePathMatch	Different	SinglePathMatch	Different	Different	Different
141	gb|X13543.1|+|185-1046|ARO:3002533|AAC(3)-IIa	(130) 605844+ (990)	130	990	605844	129.0	935.0	605844	605844	130	990	MatchOnPath	SinglePathMatch	MatchOnPath	SinglePathMatch	Full	SinglePathMatch	Full
142	gb|X75562|+|134-935|ARO:3001402|OXA-7	(72) 32592258-, 758212-, 74766869- (55) , (72) 32592258-, 758212-, 32575361- (55) , (72) 32592252-, 26012357-, 758212-, 74766869- (55) , (72) 32592252-, 26012357-, 758212-, 32575361- (55) , (23) 31339125-, 26012357-, 758212-, 74766869- (55) , (23) 31339125-, 26012357-, 758212-, 32575361- (55)	72, 72, 72, 72, 23, 23	55, 55, 55, 55, 55, 55	32592258, 758212, 74766869,32592258, 758212, 32575361,32592252, 26012357, 758212, 74766869,32592252, 26012357, 758212, 32575361,31339125, 26012357, 758212, 74766869,31339125, 26012357, 758212, 32575361	0.0	626.0	758212	32592258, 758212	72	872	Different	Different	Different	Different	Different	Different	Different
143	gb|Z21523|+|0-1974|ARO:3000191|tetQ	(142) 4764923-, 2707722+, 11583809+, 43494081-, 43494077+, 3922650- (68) , (142) 4764923-, 2707722+, 11583809+, 43494081-, 43494077+, 5665756- (55) , (1106) 1240540-, 2707722+, 11583809+, 43494081-, 43494077+, 3922650- (68) , (1106) 1240540-, 2707722+, 11583809+, 43494081-, 43494077+, 5665756- (55) , (142) 4764923-, 2707722+, 11583809+, 32331787+ (80) , (1106) 1240540-, 2707722+, 11583809+, 32331787+ (80) , (142) 4764923-, 2707722+, 5350057-, 5350055+, 24112660+, 43494077+ , 2707722+, 5350057-, 5350055+, 24112660+, 43494077+, 3922650- (68) , 2707722+, 5350057-, 5350055+, 24112660+, 43494077+, 5665756- (55) , (1106) 1240540-, 2707722+, 5350057-, 5350055+, 24112660+, 43494077+ , (142) 4764923-, 2707722+, 5350057-, 31491341+ (202) , (1106) 1240540-, 2707722+, 5350057-, 31491341+ (202) , (142) 4764923-, 2707722+, 5350057-, 5350055+, 31491343+ (194) , (1106) 1240540-, 2707722+, 5350057-, 5350055+, 31491343+ (194)	142, 142, 1106, 1106, 142, 1106, 142, 68, 55, 1106, 142, 1106, 142, 1106	68, 55, 68, 55, 80, 80, 43494077, 68, 55, 43494077, 202, 202, 194, 194	4764923, 2707722, 11583809, 43494081, 43494077, 3922650,4764923, 2707722, 11583809, 43494081, 43494077, 5665756,1240540, 2707722, 11583809, 43494081, 43494077, 3922650,1240540, 2707722, 11583809, 43494081, 43494077, 5665756,4764923, 2707722, 11583809, 32331787,1240540, 2707722, 11583809, 32331787,4764923, 2707722, 5350057, 5350055, 24112660, 43494077,2707722, 5350057, 5350055, 24112660, 43494077, 3922650,2707722, 5350057, 5350055, 24112660, 43494077, 5665756,1240540, 2707722, 5350057, 5350055, 24112660, 43494077,4764923, 2707722, 5350057, 31491341,1240540, 2707722, 5350057, 31491341,4764923, 2707722, 5350057, 5350055, 31491343,1240540, 2707722, 5350057, 5350055, 31491343	0.0	1708.0	2707722	4764923, 2707722, 11583809, 43494081, 43494077, 3922650	142	2115	Different	SinglePathMatch	Different	Different	Different	Different	Different
144	gb|Z22590|+|154-955|ARO:3001406|OXA-11	(72) 32592252-, 26012357-, 758212-, 74766869-, 32267955- (52) , (23) 31339125-, 26012357-, 758212-, 74766869-, 32267955- (52) , (72) 32592252-, 26012357-, 758212-, 74766869-, 27276706- (52) , (23) 31339125-, 26012357-, 758212-, 74766869-, 27276706- (52) , (72) 32592252-, 26012357-, 758212-, 32575361- (55) , (23) 31339125-, 26012357-, 758212-, 32575361- (55) , (72) 32592258-, 758212-, 74766869-, 27276706- (52) , (72) 32592258-, 758212-, 74766869-, 32267955- (52) , (72) 32592258-, 758212-, 32575361- (55)	72, 23, 72, 23, 72, 23, 72, 72, 72	52, 52, 52, 52, 55, 55, 52, 52, 55	32592252, 26012357, 758212, 74766869, 32267955,31339125, 26012357, 758212, 74766869, 32267955,32592252, 26012357, 758212, 74766869, 27276706,31339125, 26012357, 758212, 74766869, 27276706,32592252, 26012357, 758212, 32575361,31339125, 26012357, 758212, 32575361,32592258, 758212, 74766869, 27276706,32592258, 758212, 74766869, 32267955,32592258, 758212, 32575361	0.0	626.0	758212	26012357, 758212	8	808	Different	Different	Different	Different	Different	Different	Different
145	gb|NG_050218.1|+|0-1061|ARO:3001044|TEM-181  Partial	0	0	0	0	131.0	1129.0	32381806	0	0	0	Different	Different	Different	Different	MatchOnPath	Different	Different
146	gb|AF043100|+|0-775|ARO:3001411|OXA-16  Partial	0	0	0	0	0.0	626.0	758212	0	0	0	Different	Different	Different	Different	MatchOnPath	Different	Different
147	gb|DQ902344.1|+|2716-3517|ARO:3001412|OXA-17  Partial	0	0	0	0	0.0	626.0	758212	0	0	0	Different	Different	Different	Different	MatchOnPath	Different	Different
148	gb|AF242872.1|+|2131-2878|ARO:3000375|ErmB  Partial	0	0	0	0	0.0	593.0	598672	0	0	0	Different	Different	Different	Different	MatchOnPath	Different	Different
